region,date,sunny_days,mean_sun_hours,total_sun_hours
dalarna,1987-01-01,0,1.0325806451612902,32.01
dalarna,1987-02-01,2,2.1301190476190475,59.64333333333333
dalarna,1987-03-01,10,3.6896774193548385,114.38
dalarna,1987-04-01,12,5.063111111111112,151.89333333333335
dalarna,1987-05-01,14,5.610913978494624,173.93833333333333
dalarna,1987-06-01,5,2.608722222222222,78.26166666666667
dalarna,1987-07-01,18,9.141720430107526,283.3933333333333
dalarna,1987-08-01,10,4.802634408602151,148.88166666666666
dalarna,1987-09-01,11,5.157055555555556,154.71166666666667
dalarna,1987-10-01,4,1.8946774193548388,58.735
dalarna,1987-11-01,3,1.2246666666666668,36.74
dalarna,1987-12-01,0,1.1669354838709676,36.175
dalarna,1988-01-01,0,0.2996236559139785,9.288333333333334
dalarna,1988-02-01,0,0.5788505747126438,16.78666666666667
dalarna,1988-03-01,8,3.095698924731183,95.96666666666667
dalarna,1988-04-01,20,7.106333333333334,213.19
dalarna,1988-05-01,26,10.533924731182797,326.5516666666667
dalarna,1988-06-01,18,8.338666666666667,250.16
dalarna,1988-07-01,16,6.452795698924731,200.03666666666666
dalarna,1988-08-01,16,5.788817204301075,179.45333333333332
dalarna,1988-09-01,12,4.771055555555555,143.13166666666666
dalarna,1988-10-01,11,3.7518817204301076,116.30833333333334
dalarna,1988-11-01,8,3.0216111111111115,90.64833333333334
dalarna,1988-12-01,0,1.9159677419354837,59.394999999999996
dalarna,1989-01-01,2,1.6701075268817205,51.77333333333333
dalarna,1989-02-01,7,3.408452380952381,95.43666666666667
dalarna,1989-03-01,7,3.526666666666667,109.32666666666667
dalarna,1989-04-01,12,4.397277777777777,131.91833333333332
dalarna,1989-05-01,23,9.439838709677419,292.635
dalarna,1989-06-01,24,9.806222222222223,294.18666666666667
dalarna,1989-07-01,23,9.376021505376343,290.65666666666664
dalarna,1989-08-01,13,5.821182795698924,180.45666666666665
dalarna,1989-09-01,16,6.031777777777778,180.95333333333335
dalarna,1989-10-01,14,4.103602150537634,127.21166666666667
dalarna,1989-11-01,2,2.5025,75.075
dalarna,1989-12-01,0,1.416021505376344,43.89666666666667
dalarna,1990-01-01,1,1.2615591397849462,39.108333333333334
dalarna,1990-02-01,2,1.1530952380952382,32.28666666666667
dalarna,1990-03-01,13,4.720376344086022,146.33166666666668
dalarna,1990-04-01,14,5.715944444444444,171.47833333333332
dalarna,1990-05-01,22,9.632795698924731,298.6166666666667
dalarna,1990-06-01,17,7.8389444444444445,235.16833333333332
dalarna,1990-07-01,14,6.126881720430108,189.93333333333334
dalarna,1990-08-01,14,5.840537634408602,181.05666666666667
dalarna,1990-09-01,4,2.4108333333333336,72.325
dalarna,1990-10-01,13,3.9366666666666665,122.03666666666666
dalarna,1990-11-01,4,2.4453888888888886,73.36166666666666
dalarna,1990-12-01,0,1.3845698924731182,42.92166666666667
dalarna,1991-01-01,3,2.406290322580645,74.595
dalarna,1991-02-01,9,2.8570238095238096,79.99666666666667
dalarna,1991-03-01,6,2.302204301075269,71.36833333333334
dalarna,1991-04-01,19,6.8821111111111115,206.46333333333334
dalarna,1991-05-01,18,7.700860215053763,238.72666666666666
dalarna,1991-06-01,10,4.416055555555555,132.48166666666665
dalarna,1991-07-01,22,9.86747311827957,305.89166666666665
dalarna,1991-08-01,19,6.531989247311828,202.49166666666667
dalarna,1991-09-01,17,6.184111111111111,185.52333333333334
dalarna,1991-10-01,5,2.061021505376344,63.891666666666666
dalarna,1991-11-01,3,1.772888888888889,53.18666666666667
dalarna,1991-12-01,0,1.5749462365591398,48.82333333333333
dalarna,1992-01-01,2,1.8403225806451613,57.05
dalarna,1992-02-01,5,2.4919540229885055,72.26666666666667
dalarna,1992-03-01,6,2.82010752688172,87.42333333333333
dalarna,1992-04-01,11,4.365666666666667,130.97
dalarna,1992-05-01,24,10.08978494623656,312.78333333333336
dalarna,1992-06-01,26,11.142833333333334,334.285
dalarna,1992-07-01,18,7.654516129032258,237.29
dalarna,1992-08-01,12,5.026075268817205,155.80833333333334
dalarna,1992-09-01,11,4.3035,129.105
dalarna,1992-10-01,4,1.7009677419354838,52.73
dalarna,1992-11-01,0,0.7293333333333333,21.88
dalarna,1992-12-01,0,1.2170430107526882,37.72833333333333
dalarna,1993-01-01,1,1.62005376344086,50.221666666666664
dalarna,1993-02-01,12,4.436369047619047,124.21833333333333
dalarna,1993-03-01,18,6.085913978494624,188.66333333333333
dalarna,1993-04-01,17,6.885166666666667,206.555
dalarna,1993-05-01,20,8.853602150537634,274.46166666666664
dalarna,1993-06-01,17,7.306222222222222,219.18666666666667
dalarna,1993-07-01,15,5.561612903225806,172.41
dalarna,1993-08-01,8,4.964731182795699,153.90666666666667
dalarna,1993-09-01,12,5.0651111111111105,151.95333333333332
dalarna,1993-10-01,10,3.1208064516129035,96.745
dalarna,1993-11-01,2,0.8912777777777777,26.738333333333333
dalarna,1993-12-01,0,1.1208602150537634,34.74666666666667
dalarna,1994-01-01,2,1.59252688172043,49.36833333333333
dalarna,1994-02-01,11,4.055714285714286,113.56
dalarna,1994-03-01,13,4.843010752688172,150.13333333333333
dalarna,1994-04-01,14,5.935555555555555,178.06666666666666
dalarna,1994-05-01,22,9.474301075268817,293.7033333333333
dalarna,1994-06-01,17,7.1898333333333335,215.695
dalarna,1994-07-01,28,12.32989247311828,382.2266666666667
dalarna,1994-08-01,19,7.999623655913979,247.98833333333334
dalarna,1994-09-01,9,3.719555555555556,111.58666666666667
dalarna,1994-10-01,9,3.7796236559139786,117.16833333333334
dalarna,1994-11-01,4,2.1127777777777776,63.38333333333333
dalarna,1994-12-01,0,1.2354301075268816,38.29833333333333
dalarna,1995-01-01,2,1.534516129032258,47.57
dalarna,1995-02-01,10,3.619166666666667,101.33666666666667
dalarna,1995-03-01,8,3.1680645161290326,98.21000000000001
dalarna,1995-04-01,12,5.1658333333333335,154.975
dalarna,1995-05-01,19,8.098870967741936,251.065
dalarna,1995-06-01,15,7.124555555555556,213.73666666666668
dalarna,1995-07-01,22,8.345698924731185,258.7166666666667
dalarna,1995-08-01,23,8.795860215053764,272.6716666666667
dalarna,1995-09-01,9,3.3346111111111107,100.03833333333333
dalarna,1995-10-01,8,3.2516129032258063,100.8
dalarna,1995-11-01,3,2.4570555555555558,73.71166666666667
dalarna,1995-12-01,0,2.0495698924731185,63.53666666666667
dalarna,1996-01-01,5,2.0286021505376346,62.88666666666667
dalarna,1996-02-01,12,4.232011494252874,122.72833333333334
dalarna,1996-03-01,18,6.01758064516129,186.545
dalarna,1996-04-01,18,7.6160555555555565,228.48166666666668
dalarna,1996-05-01,14,6.075967741935483,188.355
dalarna,1996-06-01,17,8.221222222222222,246.63666666666666
dalarna,1996-07-01,19,6.7750537634408605,210.02666666666667
dalarna,1996-08-01,23,8.69747311827957,269.62166666666667
dalarna,1996-09-01,13,5.626722222222223,168.80166666666668
dalarna,1996-10-01,7,2.554032258064516,79.175
dalarna,1996-11-01,3,1.5052777777777777,45.15833333333333
dalarna,1996-12-01,0,1.8355376344086023,56.90166666666667
dalarna,1997-01-01,2,2.299731182795699,71.29166666666667
dalarna,1997-02-01,8,3.4069642857142854,95.395
dalarna,1997-03-01,19,6.885860215053763,213.46166666666667
dalarna,1997-04-01,24,8.501111111111111,255.03333333333333
dalarna,1997-05-01,15,6.954408602150538,215.58666666666667
dalarna,1997-06-01,20,9.313944444444445,279.41833333333335
dalarna,1997-07-01,24,10.817634408602151,335.3466666666667
dalarna,1997-08-01,20,8.178010752688172,253.51833333333332
dalarna,1997-09-01,16,5.829555555555555,174.88666666666666
dalarna,1997-10-01,9,3.1614516129032255,98.005
dalarna,1997-11-01,1,1.1597777777777778,34.79333333333334
dalarna,1997-12-01,0,0.5839247311827956,18.101666666666667
dalarna,1998-01-01,4,1.8223655913978494,56.49333333333333
dalarna,1998-02-01,6,3.0109523809523813,84.30666666666667
dalarna,1998-03-01,11,4.469086021505376,138.54166666666666
dalarna,1998-04-01,11,4.477666666666667,134.33
dalarna,1998-05-01,22,8.48252688172043,262.9583333333333
dalarna,1998-06-01,12,4.7645,142.935
dalarna,1998-07-01,13,5.210376344086022,161.52166666666668
dalarna,1998-08-01,12,4.712580645161291,146.09
dalarna,1998-09-01,11,4.575111111111111,137.25333333333333
dalarna,1998-10-01,6,2.469247311827957,76.54666666666667
dalarna,1998-11-01,3,0.9369444444444445,28.108333333333334
dalarna,1998-12-01,0,1.1362365591397847,35.22333333333333
dalarna,1999-01-01,0,1.6217741935483871,50.275
dalarna,1999-02-01,10,3.947440476190476,110.52833333333334
dalarna,1999-03-01,4,2.225268817204301,68.98333333333333
dalarna,1999-04-01,11,4.559944444444445,136.79833333333335
dalarna,1999-05-01,20,7.908763440860215,245.17166666666668
dalarna,1999-06-01,17,7.857444444444444,235.72333333333333
dalarna,1999-07-01,22,9.889677419354838,306.58
dalarna,1999-08-01,19,8.02736559139785,248.84833333333333
dalarna,1999-09-01,12,4.498388888888888,134.95166666666665
dalarna,1999-10-01,6,2.8903763440860213,89.60166666666666
dalarna,1999-11-01,4,1.7345555555555556,52.03666666666667
dalarna,1999-12-01,0,1.6967204301075267,52.59833333333333
dalarna,2000-01-01,3,2.136720430107527,66.23833333333333
dalarna,2000-02-01,11,4.019137931034483,116.555
dalarna,2000-03-01,22,6.941021505376344,215.17166666666668
dalarna,2000-04-01,12,5.223666666666667,156.71
dalarna,2000-05-01,21,8.498763440860214,263.46166666666664
dalarna,2000-06-01,17,7.913222222222222,237.39666666666668
dalarna,2000-07-01,11,4.9363440860215055,153.02666666666667
dalarna,2000-08-01,16,6.702903225806451,207.79
dalarna,2000-09-01,20,6.883611111111111,206.50833333333333
dalarna,2000-10-01,3,1.1225268817204301,34.79833333333333
dalarna,2000-11-01,0,0.1713888888888889,5.141666666666667
dalarna,2000-12-01,0,0.9836559139784947,30.493333333333336
dalarna,2001-01-01,5,1.626290322580645,50.415
dalarna,2001-02-01,11,4.83875,135.485
dalarna,2001-03-01,16,5.630376344086021,174.54166666666666
dalarna,2001-04-01,12,5.3275,159.825
dalarna,2001-05-01,20,9.058172043010753,280.80333333333334
dalarna,2001-06-01,20,8.700722222222222,261.02166666666665
dalarna,2001-07-01,20,9.261827956989247,287.1166666666667
dalarna,2001-08-01,13,5.727741935483871,177.56
dalarna,2001-09-01,5,2.6865,80.595
dalarna,2001-10-01,8,3.0168817204301077,93.52333333333334
dalarna,2001-11-01,5,2.5889444444444445,77.66833333333334
dalarna,2001-12-01,0,1.4079032258064514,43.644999999999996
dalarna,2002-01-01,2,1.622956989247312,50.31166666666667
dalarna,2002-02-01,9,3.354345238095238,93.92166666666667
dalarna,2002-03-01,13,5.087903225806452,157.725
dalarna,2002-04-01,11,5.131333333333333,153.94
dalarna,2002-05-01,18,9.086129032258064,281.67
dalarna,2002-06-01,22,9.6475,289.425
dalarna,2002-07-01,18,6.998172043010753,216.94333333333333
dalarna,2002-08-01,27,9.813709677419356,304.225
dalarna,2002-09-01,19,7.1451111111111105,214.35333333333332
dalarna,2002-10-01,7,2.3172043010752685,71.83333333333333
dalarna,2002-11-01,5,1.4981111111111112,44.943333333333335
dalarna,2002-12-01,0,1.7688172043010753,54.833333333333336
dalarna,2003-01-01,1,1.721989247311828,53.38166666666667
dalarna,2003-02-01,11,3.662440476190476,102.54833333333333
dalarna,2003-03-01,17,5.739354838709677,177.92
dalarna,2003-04-01,18,7.908222222222222,237.24666666666667
dalarna,2003-05-01,16,6.947258064516129,215.365
dalarna,2003-06-01,17,7.070666666666667,212.12
dalarna,2003-07-01,22,8.925322580645162,276.685
dalarna,2003-08-01,17,7.438010752688172,230.57833333333332
dalarna,2003-09-01,13,5.223222222222222,156.69666666666666
dalarna,2003-10-01,11,4.39478494623656,136.23833333333334
dalarna,2003-11-01,3,1.0110555555555556,30.331666666666667
dalarna,2003-12-01,0,1.4564516129032257,45.15
dalarna,2004-01-01,2,1.0233870967741936,31.725
dalarna,2004-02-01,9,3.3731609195402297,97.82166666666666
dalarna,2004-03-01,14,4.841774193548387,150.095
dalarna,2004-04-01,15,6.4864444444444445,194.59333333333333
dalarna,2004-05-01,18,7.684032258064516,238.20499999999998
dalarna,2004-06-01,19,8.389166666666666,251.67499999999998
dalarna,2004-07-01,17,7.098118279569892,220.04166666666666
dalarna,2004-08-01,15,6.400698924731183,198.42166666666668
dalarna,2004-09-01,11,4.616777777777778,138.50333333333333
dalarna,2004-10-01,7,2.4510752688172044,75.98333333333333
dalarna,2004-11-01,6,2.5320555555555555,75.96166666666666
dalarna,2004-12-01,0,1.7603763440860214,54.571666666666665
dalarna,2005-01-01,1,1.5658602150537633,48.541666666666664
dalarna,2005-02-01,5,2.4265476190476187,67.94333333333333
dalarna,2005-03-01,16,5.780752688172043,179.20333333333332
dalarna,2005-04-01,21,8.643833333333333,259.315
dalarna,2005-05-01,14,5.60989247311828,173.90666666666667
dalarna,2005-06-01,17,7.579722222222222,227.39166666666668
dalarna,2005-07-01,20,7.91768817204301,245.44833333333332
dalarna,2005-08-01,16,5.923172043010753,183.61833333333334
dalarna,2005-09-01,12,5.5681666666666665,167.045
dalarna,2005-10-01,11,4.08752688172043,126.71333333333334
dalarna,2005-11-01,2,1.2801111111111112,38.403333333333336
dalarna,2005-12-01,0,1.4187634408602152,43.98166666666667
dalarna,2006-01-01,1,1.4573655913978496,45.178333333333335
dalarna,2006-02-01,7,2.9810119047619046,83.46833333333333
dalarna,2006-03-01,14,4.788870967741936,148.455
dalarna,2006-04-01,10,4.7989444444444445,143.96833333333333
dalarna,2006-05-01,16,6.825806451612903,211.6
dalarna,2006-06-01,21,10.06311111111111,301.8933333333333
dalarna,2006-07-01,22,10.071505376344087,312.2166666666667
dalarna,2006-08-01,15,6.888279569892473,213.53666666666666
dalarna,2006-09-01,14,5.849111111111111,175.47333333333333
dalarna,2006-10-01,5,2.0146774193548387,62.455
dalarna,2006-11-01,5,2.4838333333333336,74.515
dalarna,2006-12-01,0,1.1506451612903226,35.67
dalarna,2007-01-01,2,2.008279569892473,62.25666666666667
dalarna,2007-02-01,2,1.394345238095238,39.041666666666664
dalarna,2007-03-01,15,5.42225806451613,168.09
dalarna,2007-04-01,21,8.103,243.09
dalarna,2007-05-01,14,5.807741935483871,180.04
dalarna,2007-06-01,19,9.651555555555555,289.5466666666667
dalarna,2007-07-01,20,6.745161290322581,209.1
dalarna,2007-08-01,21,7.8284946236559145,242.68333333333334
dalarna,2007-09-01,11,4.416666666666667,132.5
dalarna,2007-10-01,11,3.7701612903225805,116.875
dalarna,2007-11-01,1,1.7875,53.625
dalarna,2007-12-01,0,2.007956989247312,62.24666666666667
dalarna,2008-01-01,1,1.209121863799283,37.48277777777778
dalarna,2008-02-01,8,3.5416954022988505,102.70916666666666
dalarna,2008-03-01,12,4.485188172043011,139.04083333333332
dalarna,2008-04-01,14,6.067898148148148,182.03694444444446
dalarna,2008-05-01,22,9.177679211469533,284.50805555555553
dalarna,2008-06-01,24,10.32238888888889,309.6716666666667
dalarna,2008-07-01,24,9.915510752688173,307.3808333333333
dalarna,2008-08-01,9,4.459220430107527,138.23583333333332
dalarna,2008-09-01,8,3.2980740740740737,98.94222222222221
dalarna,2008-10-01,10,3.3490412186379928,103.82027777777778
dalarna,2008-11-01,5,2.0004814814814815,60.01444444444444
dalarna,2008-12-01,0,1.5335663082437276,47.54055555555556
dalarna,2009-01-01,0,1.5796236559139785,48.968333333333334
dalarna,2009-02-01,5,2.392996031746032,67.0038888888889
dalarna,2009-03-01,7,2.7518727598566306,85.30805555555555
dalarna,2009-04-01,21,8.472944444444444,254.18833333333333
dalarna,2009-05-01,24,9.119014336917564,282.68944444444446
dalarna,2009-06-01,17,8.035777777777778,241.07333333333332
dalarna,2009-07-01,14,5.514462365591397,170.94833333333332
dalarna,2009-08-01,19,6.950725806451612,215.4725
dalarna,2009-09-01,15,6.3170370370370375,189.51111111111112
dalarna,2009-10-01,11,4.074659498207885,126.31444444444445
dalarna,2009-11-01,0,0.41414814814814815,12.424444444444445
dalarna,2009-12-01,0,0.6558960573476703,20.33277777777778
dalarna,2010-01-01,0,1.7439605734767027,54.06277777777778
dalarna,2010-02-01,7,2.425297619047619,67.90833333333333
dalarna,2010-03-01,14,4.840385304659498,150.05194444444444
dalarna,2010-04-01,17,6.874944444444444,206.24833333333333
dalarna,2010-05-01,19,7.24339605734767,224.54527777777778
dalarna,2010-06-01,23,9.75399074074074,292.6197222222222
dalarna,2010-07-01,21,8.524139784946236,264.24833333333333
dalarna,2010-08-01,8,4.113700716845878,127.52472222222222
dalarna,2010-09-01,10,4.328388888888889,129.85166666666666
dalarna,2010-10-01,11,3.9771505376344085,123.29166666666666
dalarna,2010-11-01,6,2.2122685185185187,66.36805555555556
dalarna,2010-12-01,0,1.4989247311827958,46.46666666666667
dalarna,2011-01-01,2,2.123449820788531,65.82694444444445
dalarna,2011-02-01,10,3.408412698412698,95.43555555555555
dalarna,2011-03-01,19,7.113387096774194,220.51500000000001
dalarna,2011-04-01,19,7.848120370370371,235.44361111111112
dalarna,2011-05-01,16,7.4407168458781365,230.66222222222223
dalarna,2011-06-01,20,8.163712962962963,244.9113888888889
dalarna,2011-07-01,19,6.94146953405018,215.18555555555557
dalarna,2011-08-01,16,6.6053494623655915,204.76583333333335
dalarna,2011-09-01,11,5.0630648148148145,151.89194444444445
dalarna,2011-10-01,15,4.316397849462366,133.80833333333334
dalarna,2011-11-01,4,2.037888888888889,61.13666666666667
dalarna,2011-12-01,0,1.7124372759856632,53.08555555555556
dalarna,2012-01-01,0,1.51,46.81
dalarna,2012-02-01,10,3.446254789272031,99.9413888888889
dalarna,2012-03-01,19,6.130439068100359,190.04361111111112
dalarna,2012-04-01,9,4.87312962962963,146.1938888888889
dalarna,2012-05-01,19,8.24605734767025,255.62777777777777
dalarna,2012-06-01,14,6.451824074074073,193.5547222222222
dalarna,2012-07-01,13,5.773387096774194,178.975
dalarna,2012-08-01,12,4.900125448028674,151.9038888888889
dalarna,2012-09-01,14,5.354444444444444,160.63333333333333
dalarna,2012-10-01,6,2.841621863799283,88.09027777777777
dalarna,2012-11-01,2,1.3472962962962962,40.41888888888889
dalarna,2012-12-01,0,0.8696774193548388,26.96
dalarna,2013-01-01,4,2.0076433691756272,62.23694444444445
dalarna,2013-02-01,6,1.943720238095238,54.424166666666665
dalarna,2013-03-01,23,8.626272401433692,267.4144444444444
dalarna,2013-04-01,19,7.376777777777778,221.30333333333334
dalarna,2013-05-01,21,8.045716845878136,249.41722222222222
dalarna,2013-06-01,20,7.751805555555555,232.55416666666667
dalarna,2013-07-01,22,9.630008960573477,298.53027777777777
dalarna,2013-08-01,20,8.231514336917563,255.17694444444444
dalarna,2013-09-01,15,5.999120370370371,179.97361111111113
dalarna,2013-10-01,14,4.2673028673835125,132.2863888888889
dalarna,2013-11-01,6,2.1769074074074073,65.30722222222222
dalarna,2013-12-01,0,1.0278763440860215,31.864166666666666
dalarna,2014-01-01,0,0.33703405017921145,10.448055555555555
dalarna,2014-02-01,3,1.0300595238095238,28.84166666666667
dalarna,2014-03-01,16,5.550833333333333,172.07583333333332
dalarna,2014-04-01,19,7.960916666666666,238.8275
dalarna,2014-05-01,18,6.774462365591398,210.00833333333333
dalarna,2014-06-01,18,7.39725,221.9175
dalarna,2014-07-01,27,11.08260752688172,343.56083333333333
dalarna,2014-08-01,16,6.4604749103942645,200.2747222222222
dalarna,2014-09-01,23,8.019287037037037,240.57861111111112
dalarna,2014-10-01,5,1.625358422939068,50.38611111111111
dalarna,2014-11-01,0,0.4616111111111111,13.848333333333333
dalarna,2014-12-01,0,2.086209677419355,64.6725
dalarna,2015-01-01,2,1.3782078853046595,42.724444444444444
dalarna,2015-02-01,3,1.8154365079365078,50.83222222222222
dalarna,2015-03-01,16,5.283001792114695,163.77305555555554
dalarna,2015-04-01,20,8.067222222222222,242.01666666666665
dalarna,2015-05-01,14,5.595519713261648,173.4611111111111
dalarna,2015-06-01,15,7.341064814814815,220.23194444444445
dalarna,2015-07-01,13,6.407491039426524,198.63222222222223
dalarna,2015-08-01,26,10.317858422939068,319.8536111111111
dalarna,2015-09-01,11,4.3896296296296295,131.6888888888889
dalarna,2015-10-01,16,4.903234767025089,152.00027777777777
dalarna,2015-11-01,5,2.598324074074074,77.94972222222222
dalarna,2015-12-01,0,1.9359856630824372,60.01555555555556
dalarna,2016-01-01,2,1.8288082437275985,56.69305555555555
dalarna,2016-02-01,10,3.574214559386973,103.65222222222222
dalarna,2016-03-01,5,2.81081541218638,87.13527777777777
dalarna,2016-04-01,10,4.638148148148148,139.14444444444445
dalarna,2016-05-01,14,6.806308243727599,210.99555555555557
dalarna,2016-06-01,24,10.10886111111111,303.2658333333333
dalarna,2016-07-01,20,9.234399641577062,286.2663888888889
dalarna,2016-08-01,13,5.56834229390681,172.6186111111111
dalarna,2016-09-01,14,5.372851851851852,161.18555555555557
dalarna,2016-10-01,8,3.10002688172043,96.10083333333334
dalarna,2016-11-01,1,1.0289537037037038,30.86861111111111
dalarna,2016-12-01,0,1.7233691756272402,53.42444444444445
dalarna,2017-01-01,1,2.1559139784946235,66.83333333333333
dalarna,2017-02-01,6,2.878561507936508,80.59972222222223
dalarna,2017-03-01,13,4.928718637992832,152.7902777777778
dalarna,2017-04-01,20,7.164074074074074,214.92222222222222
dalarna,2017-05-01,19,7.619310035842294,236.19861111111112
dalarna,2017-06-01,18,8.023537037037038,240.7061111111111
dalarna,2017-07-01,21,7.883736559139785,244.39583333333334
dalarna,2017-08-01,20,7.138396057347671,221.2902777777778
dalarna,2017-09-01,3,2.0874444444444444,62.623333333333335
dalarna,2017-10-01,8,3.132921146953405,97.12055555555555
dalarna,2017-11-01,2,2.121537037037037,63.64611111111111
dalarna,2017-12-01,0,0.8345698924731183,25.871666666666666
dalarna,2018-01-01,1,0.8917562724014337,27.644444444444446
dalarna,2018-02-01,1,1.2115575396825398,33.923611111111114
dalarna,2018-03-01,16,5.788897849462366,179.45583333333335
dalarna,2018-04-01,22,8.474657407407408,254.2397222222222
dalarna,2018-05-01,27,12.728216845878137,394.57472222222225
dalarna,2018-06-01,24,10.225972222222222,306.77916666666664
dalarna,2018-07-01,26,12.06334229390681,373.9636111111111
dalarna,2018-08-01,17,6.611299283154122,204.95027777777779
dalarna,2018-09-01,16,6.27925,188.3775
dalarna,2018-10-01,12,4.250304659498208,131.75944444444445
dalarna,2018-11-01,4,2.0298055555555554,60.89416666666666
dalarna,2018-12-01,0,0.8200448028673835,25.421388888888888
dalarna,2019-01-01,1,1.404094982078853,43.526944444444446
dalarna,2019-02-01,6,2.7516170634920636,77.04527777777778
dalarna,2019-03-01,15,5.1432974910394265,159.44222222222223
dalarna,2019-04-01,26,11.171333333333333,335.14
dalarna,2019-05-01,13,6.286460573476703,194.8802777777778
dalarna,2019-06-01,22,8.816194444444445,264.48583333333335
dalarna,2019-07-01,21,8.589623655913977,266.2783333333333
dalarna,2019-08-01,17,6.495716845878136,201.3672222222222
dalarna,2019-09-01,11,4.2704351851851845,128.11305555555555
dalarna,2019-10-01,6,2.7263888888888888,84.51805555555555
dalarna,2019-11-01,0,1.0980092592592594,32.94027777777778
dalarna,2019-12-01,0,0.7662903225806451,23.755
dalarna,2020-01-01,0,1.7354749103942653,53.79972222222222
dalarna,2020-02-01,8,3.4138505747126437,99.00166666666667
dalarna,2020-03-01,10,4.804713261648746,148.94611111111112
dalarna,2020-04-01,20,8.408351851851853,252.25055555555556
dalarna,2020-05-01,24,8.66983870967742,268.765
dalarna,2020-06-01,28,12.844398148148148,385.33194444444445
dalarna,2020-07-01,18,6.977876344086021,216.31416666666667
dalarna,2020-08-01,25,9.14760752688172,283.5758333333333
dalarna,2020-09-01,11,4.526277777777778,135.78833333333333
dalarna,2020-10-01,5,2.016989247311828,62.526666666666664
dalarna,2020-11-01,4,1.709527777777778,51.285833333333336
dalarna,2020-12-01,0,0.3888351254480287,12.053888888888888
dalarna,2021-01-01,3,1.5646684587813622,48.50472222222223
dalarna,2021-02-01,7,3.336875,93.4325
dalarna,2021-03-01,13,4.348799283154121,134.81277777777777
dalarna,2021-04-01,25,9.24212962962963,277.2638888888889
dalarna,2021-05-01,14,5.585224014336918,173.14194444444445
dalarna,2021-06-01,20,9.085444444444445,272.56333333333333
dalarna,2021-07-01,25,10.956989247311828,339.6666666666667
dalarna,2021-08-01,15,6.461586021505377,200.30916666666667
dalarna,2021-09-01,13,4.732055555555556,141.96166666666667
dalarna,2021-10-01,6,2.565797491039427,79.53972222222222
dalarna,2021-11-01,3,1.8964814814814814,56.894444444444446
dalarna,2021-12-01,0,1.6278494623655912,50.46333333333333
dalarna,2022-01-01,1,1.9952240143369175,61.85194444444444
dalarna,2022-02-01,11,4.372251984126984,122.42305555555555
dalarna,2022-03-01,26,8.279749103942653,256.6722222222222
dalarna,2022-04-01,22,8.945444444444444,268.36333333333334
dalarna,2022-05-01,22,8.825672043010753,273.59583333333336
dalarna,2022-06-01,21,8.714601851851851,261.43805555555554
dalarna,2022-07-01,21,8.16086917562724,252.98694444444445
dalarna,2022-08-01,20,7.877652329749104,244.2072222222222
dalarna,2022-09-01,9,4.083481481481481,122.50444444444445
dalarna,2022-10-01,10,3.997652329749104,123.92722222222223
dalarna,2022-11-01,2,0.660287037037037,19.80861111111111
dalarna,2022-12-01,0,1.3000806451612903,40.3025
dalarna,2023-01-01,3,1.7405645161290322,53.957499999999996
dalarna,2023-02-01,12,4.112152777777778,115.14027777777778
dalarna,2023-03-01,17,5.878270609318997,182.2263888888889
dalarna,2023-04-01,19,7.542814814814815,226.28444444444443
dalarna,2023-05-01,26,11.892732974910395,368.6747222222222
dalarna,2023-06-01,27,12.695092592592593,380.85277777777776
dalarna,2023-07-01,19,7.098431899641577,220.05138888888888
dalarna,2023-08-01,8,3.5944713261648746,111.42861111111111
dalarna,2023-09-01,14,5.24087962962963,157.2263888888889
dalarna,2023-10-01,11,3.274758064516129,101.5175
dalarna,2023-11-01,1,0.6345648148148147,19.036944444444444
dalarna,2023-12-01,0,1.0825268817204303,33.55833333333334
dalarna,2024-01-01,2,1.8118727598566309,56.168055555555554
dalarna,2024-02-01,3,2.2239272030651343,64.49388888888889
dalarna,2024-03-01,8,3.1919534050179212,98.95055555555555
dalarna,2024-04-01,11,4.933842592592593,148.01527777777778
dalarna,2024-05-01,24,10.769157706093191,333.8438888888889
dalarna,2024-06-01,22,9.638898148148147,289.1669444444444
dalarna,2024-07-01,15,6.6906541218637985,207.41027777777776
dalarna,2024-08-01,18,7.348387096774194,227.8
dalarna,2024-09-01,14,5.76562037037037,172.9686111111111
dalarna,2024-10-01,7,3.4117025089605733,105.76277777777777
dalarna,2024-11-01,5,2.9245,87.735
dalarna,2024-12-01,0,1.544964157706093,47.89388888888889
dalarna,2025-01-01,0,1.7570788530465948,54.46944444444444
dalarna,2025-02-01,10,3.62,101.36
dalarna,2025-03-01,18,5.891155913978495,182.62583333333333
dalarna,2025-04-01,18,6.797666666666667,203.93
dalarna,2025-05-01,16,7.155600358422939,221.82361111111112
dalarna,2025-06-01,19,8.758925925925926,262.7677777777778
dalarna,2025-07-01,22,9.680743727598566,300.10305555555556
dalarna,2025-08-01,21,7.669229390681004,237.7461111111111
dalarna,2025-09-01,9,4.508388888888889,135.25166666666667
dalarna,2025-10-01,7,3.1441129032258064,97.4675
dalarna,2025-11-01,4,1.322361111111111,39.670833333333334
dalarna,2025-12-01,0,1.2042831541218637,37.33277777777778
dalarna,2026-01-01,1,0.7869713261648745,24.39611111111111
dalarna,2026-02-01,0,0.0,0.0
gotland,1983-01-01,0,0.6816666666666668,21.131666666666668
gotland,1983-02-01,5,2.9804761904761903,83.45333333333333
gotland,1983-03-01,3,2.3666129032258065,73.36500000000001
gotland,1983-04-01,7,3.2120555555555557,96.36166666666666
gotland,1983-05-01,19,6.65489247311828,206.30166666666668
gotland,1983-06-01,19,8.804555555555556,264.13666666666666
gotland,1983-07-01,26,10.600215053763442,328.6066666666667
gotland,1983-08-01,24,9.017043010752687,279.5283333333333
gotland,1983-09-01,7,3.4012777777777776,102.03833333333333
gotland,1983-10-01,6,3.213225806451613,99.61
gotland,1983-11-01,1,1.3823333333333332,41.47
gotland,1983-12-01,0,0.8647311827956988,26.806666666666665
gotland,1984-01-01,0,0.8306989247311829,25.75166666666667
gotland,1984-02-01,2,1.5316666666666665,44.41833333333333
gotland,1984-03-01,12,4.058225806451613,125.805
gotland,1984-04-01,18,6.617944444444444,198.53833333333333
gotland,1984-05-01,20,8.293494623655915,257.09833333333336
gotland,1984-06-01,19,7.359833333333333,220.795
gotland,1984-07-01,20,7.91994623655914,245.51833333333335
gotland,1984-08-01,17,7.078225806451614,219.425
gotland,1984-09-01,6,3.621,108.63
gotland,1984-10-01,3,2.303548387096774,71.41
gotland,1984-11-01,3,1.4717222222222222,44.151666666666664
gotland,1984-12-01,0,0.5005376344086021,15.516666666666666
gotland,1985-01-01,0,0.36569892473118276,11.336666666666666
gotland,1985-02-01,3,1.95125,54.635
gotland,1985-03-01,3,1.4431720430107529,44.73833333333334
gotland,1985-04-01,12,4.667111111111111,140.01333333333332
gotland,1985-05-01,22,8.857204301075269,274.5733333333333
gotland,1985-06-01,20,7.7092777777777775,231.27833333333334
gotland,1985-07-01,21,8.178440860215053,253.53166666666667
gotland,1985-08-01,14,5.3261290322580646,165.11
gotland,1985-09-01,14,4.7908888888888885,143.72666666666666
gotland,1985-10-01,10,3.8951612903225805,120.75
gotland,1985-11-01,1,1.3807222222222222,41.42166666666667
gotland,1985-12-01,0,1.0499462365591397,32.54833333333333
gotland,1986-01-01,0,0.16333333333333333,5.0633333333333335
gotland,1986-02-01,6,2.382440476190476,66.70833333333333
gotland,1986-03-01,14,4.541505376344086,140.78666666666666
gotland,1986-04-01,14,5.566,166.98
gotland,1986-05-01,26,10.91709677419355,338.43
gotland,1986-06-01,22,10.784333333333333,323.53
gotland,1986-07-01,20,8.724354838709678,270.455
gotland,1986-08-01,17,6.319139784946237,195.89333333333335
gotland,1986-09-01,18,6.911777777777777,207.35333333333332
gotland,1986-10-01,11,3.6441935483870966,112.97
gotland,1986-11-01,4,2.010666666666667,60.32
gotland,1986-12-01,0,0.7491397849462366,23.223333333333333
gotland,1987-01-01,0,0.46220430107526883,14.328333333333333
gotland,1987-02-01,9,3.3857142857142857,94.8
gotland,1987-03-01,13,4.82747311827957,149.65166666666667
gotland,1987-04-01,20,7.709611111111111,231.28833333333333
gotland,1987-05-01,16,6.965268817204302,215.92333333333335
gotland,1987-06-01,15,7.373,221.19
gotland,1987-07-01,21,9.438010752688172,292.5783333333333
gotland,1987-08-01,16,5.928225806451613,183.775
gotland,1987-09-01,17,6.048222222222222,181.44666666666666
gotland,1987-10-01,11,4.081290322580645,126.52
gotland,1987-11-01,4,1.4032777777777778,42.098333333333336
gotland,1987-12-01,0,0.8614516129032258,26.705
gotland,1988-01-01,0,0.22483870967741937,6.970000000000001
gotland,1988-02-01,0,0.6759195402298851,19.601666666666667
gotland,1988-03-01,8,3.1603763440860213,97.97166666666666
gotland,1988-04-01,16,6.301444444444444,189.04333333333332
gotland,1988-05-01,26,11.553333333333333,358.1533333333333
gotland,1988-06-01,18,9.266,277.98
gotland,1988-07-01,18,7.50494623655914,232.65333333333334
gotland,1988-08-01,17,7.043709677419354,218.355
gotland,1988-09-01,16,5.761333333333334,172.84
gotland,1988-10-01,8,3.325913978494624,103.10333333333334
gotland,1988-11-01,2,2.2070555555555553,66.21166666666666
gotland,1988-12-01,0,1.8488172043010753,57.31333333333333
gotland,1989-01-01,2,2.087903225806452,64.72500000000001
gotland,1989-02-01,6,3.582559523809524,100.31166666666667
gotland,1989-03-01,6,2.9696774193548388,92.06
gotland,1989-04-01,13,6.338666666666667,190.16
gotland,1989-05-01,29,12.640268817204301,391.84833333333336
gotland,1989-06-01,23,10.616722222222222,318.50166666666667
gotland,1989-07-01,24,10.839301075268816,336.0183333333333
gotland,1989-08-01,17,6.483655913978494,200.99333333333334
gotland,1989-09-01,16,6.1562777777777775,184.68833333333333
gotland,1989-10-01,7,3.1218817204301077,96.77833333333334
gotland,1989-11-01,2,1.5546111111111112,46.638333333333335
gotland,1989-12-01,0,0.9220967741935484,28.585
gotland,1990-01-01,0,0.9486021505376344,29.406666666666666
gotland,1990-02-01,2,2.064107142857143,57.795
gotland,1990-03-01,19,5.87505376344086,182.12666666666667
gotland,1990-04-01,22,8.718555555555556,261.5566666666667
gotland,1990-05-01,23,10.57548387096774,327.84
gotland,1990-06-01,25,10.1855,305.565
gotland,1990-07-01,17,7.189784946236559,222.88333333333333
gotland,1990-08-01,23,8.64247311827957,267.9166666666667
gotland,1990-09-01,3,2.6070555555555552,78.21166666666666
gotland,1990-10-01,10,3.713387096774194,115.11500000000001
gotland,1990-11-01,3,1.4306666666666668,42.92
gotland,1990-12-01,2,0.7776881720430108,24.108333333333334
gotland,1991-01-01,4,2.3101075268817204,71.61333333333333
gotland,1991-02-01,2,0.9799404761904762,27.438333333333333
gotland,1991-03-01,7,2.6574731182795697,82.38166666666666
gotland,1991-04-01,22,8.092888888888888,242.78666666666666
gotland,1991-05-01,20,8.178978494623657,253.54833333333335
gotland,1991-06-01,17,7.392777777777778,221.78333333333333
gotland,1991-07-01,27,12.307849462365592,381.54333333333335
gotland,1991-08-01,17,7.398817204301076,229.36333333333334
gotland,1991-09-01,17,6.968166666666667,209.04500000000002
gotland,1991-10-01,9,3.638924731182796,112.80666666666667
gotland,1991-11-01,1,0.8617222222222222,25.851666666666667
gotland,1991-12-01,1,1.4636021505376344,45.37166666666667
gotland,1992-01-01,2,2.003064516129032,62.095
gotland,1992-02-01,1,1.8148275862068965,52.63
gotland,1992-03-01,5,3.463709677419355,107.375
gotland,1992-04-01,15,5.280555555555555,158.41666666666666
gotland,1992-05-01,26,12.009086021505377,372.2816666666667
gotland,1992-06-01,26,12.222666666666667,366.68
gotland,1992-07-01,26,10.076182795698925,312.3616666666667
gotland,1992-08-01,18,6.925215053763441,214.68166666666667
gotland,1992-09-01,12,4.775888888888889,143.27666666666667
gotland,1992-10-01,3,2.2265053763440856,69.02166666666666
gotland,1992-11-01,1,0.6972222222222223,20.916666666666668
gotland,1992-12-01,0,1.1746236559139784,36.413333333333334
gotland,1993-01-01,1,2.0896236559139787,64.77833333333334
gotland,1993-02-01,5,2.0065476190476192,56.18333333333334
gotland,1993-03-01,8,3.647795698924731,113.08166666666666
gotland,1993-04-01,23,8.661611111111112,259.84833333333336
gotland,1993-05-01,28,12.198870967741936,378.165
gotland,1993-06-01,21,9.907555555555556,297.2266666666667
gotland,1993-07-01,20,7.818333333333333,242.36833333333334
gotland,1993-08-01,20,7.613655913978495,236.02333333333334
gotland,1993-09-01,14,5.911222222222222,177.33666666666667
gotland,1993-10-01,10,3.856021505376344,119.53666666666666
gotland,1993-11-01,0,0.2076111111111111,6.2283333333333335
gotland,1993-12-01,0,0.35467741935483876,10.995000000000001
gotland,1994-01-01,0,0.9663978494623655,29.958333333333332
gotland,1994-02-01,4,1.949047619047619,54.57333333333333
gotland,1994-03-01,9,4.034462365591398,125.06833333333333
gotland,1994-04-01,18,6.622,198.66
gotland,1994-05-01,25,11.21489247311828,347.6616666666667
gotland,1994-06-01,25,11.629777777777777,348.8933333333333
gotland,1994-07-01,31,14.764193548387096,457.69
gotland,1994-08-01,19,7.2011290322580646,223.235
gotland,1994-09-01,9,4.1885,125.655
gotland,1994-10-01,12,4.045806451612903,125.42
gotland,1994-11-01,4,2.6022777777777777,78.06833333333333
gotland,1994-12-01,0,0.9247849462365592,28.668333333333333
gotland,1995-01-01,1,1.0289247311827958,31.89666666666667
gotland,1995-02-01,3,2.695595238095238,75.47666666666667
gotland,1995-03-01,6,2.8796236559139783,89.26833333333333
gotland,1995-04-01,20,7.479444444444444,224.38333333333333
gotland,1995-05-01,21,8.625913978494623,267.4033333333333
gotland,1995-06-01,20,8.911277777777777,267.3383333333333
gotland,1995-07-01,25,10.324677419354838,320.065
gotland,1995-08-01,23,9.648172043010753,299.09333333333336
gotland,1995-09-01,9,4.035555555555556,121.06666666666666
gotland,1995-10-01,14,4.661290322580645,144.5
gotland,1995-11-01,0,1.5383333333333333,46.15
gotland,1995-12-01,1,1.4363978494623657,44.528333333333336
gotland,1996-01-01,2,0.9782258064516128,30.325
gotland,1996-02-01,6,3.0681609195402295,88.97666666666666
gotland,1996-03-01,12,5.207043010752688,161.41833333333332
gotland,1996-04-01,22,9.206777777777777,276.2033333333333
gotland,1996-05-01,11,4.530215053763441,140.43666666666667
gotland,1996-06-01,20,8.571111111111112,257.1333333333333
gotland,1996-07-01,20,8.955537634408602,277.62166666666667
gotland,1996-08-01,25,9.910698924731184,307.2316666666667
gotland,1996-09-01,13,6.093055555555555,182.79166666666666
gotland,1996-10-01,7,2.5236021505376347,78.23166666666667
gotland,1996-11-01,2,1.6227777777777779,48.68333333333334
gotland,1996-12-01,0,1.2651075268817205,39.218333333333334
gotland,1997-01-01,11,2.9533870967741938,91.555
gotland,1997-02-01,6,3.2424404761904766,90.78833333333334
gotland,1997-03-01,21,7.208548387096775,223.465
gotland,1997-04-01,18,7.059777777777778,211.79333333333332
gotland,1997-05-01,22,9.24284946236559,286.5283333333333
gotland,1997-06-01,20,10.342222222222222,310.26666666666665
gotland,1997-07-01,26,11.127043010752688,344.93833333333333
gotland,1997-08-01,26,10.67720430107527,330.99333333333334
gotland,1997-09-01,13,5.724166666666666,171.725
gotland,1997-10-01,9,3.517849462365591,109.05333333333333
gotland,1997-11-01,0,0.9898888888888888,29.696666666666665
gotland,1997-12-01,0,0.5873655913978494,18.208333333333332
gotland,1998-01-01,1,0.9789784946236559,30.348333333333333
gotland,1998-02-01,2,1.9127380952380955,53.55666666666667
gotland,1998-03-01,12,4.707043010752688,145.91833333333332
gotland,1998-04-01,15,5.496888888888889,164.90666666666667
gotland,1998-05-01,20,9.354086021505378,289.9766666666667
gotland,1998-06-01,14,6.6577222222222225,199.73166666666668
gotland,1998-07-01,19,8.119784946236559,251.71333333333334
gotland,1998-08-01,18,6.708655913978495,207.96833333333333
gotland,1998-09-01,15,5.474166666666666,164.225
gotland,1998-10-01,7,3.3088709677419357,102.575
gotland,1998-11-01,2,1.2806111111111111,38.41833333333334
gotland,1998-12-01,1,1.2204301075268817,37.833333333333336
gotland,1999-01-01,1,0.7583870967741935,23.509999999999998
gotland,1999-02-01,5,3.260595238095238,91.29666666666667
gotland,1999-03-01,9,3.436989247311828,106.54666666666667
gotland,1999-04-01,13,5.951888888888889,178.55666666666667
gotland,1999-05-01,21,9.651182795698924,299.18666666666667
gotland,1999-06-01,24,9.981666666666666,299.45
gotland,1999-07-01,29,11.770698924731182,364.89166666666665
gotland,1999-08-01,18,8.002580645161292,248.08
gotland,1999-09-01,19,7.427722222222223,222.83166666666668
gotland,1999-10-01,6,2.49741935483871,77.42
gotland,1999-11-01,4,2.1331666666666664,63.995
gotland,1999-12-01,0,1.130698924731183,35.05166666666667
gotland,2000-01-01,3,1.9793548387096773,61.36
gotland,2000-02-01,7,2.983793103448276,86.53
gotland,2000-03-01,16,5.885967741935484,182.465
gotland,2000-04-01,16,7.253666666666666,217.60999999999999
gotland,2000-05-01,23,10.906182795698927,338.0916666666667
gotland,2000-06-01,23,9.471666666666666,284.15
gotland,2000-07-01,15,7.019516129032259,217.60500000000002
gotland,2000-08-01,21,7.849569892473118,243.33666666666667
gotland,2000-09-01,22,7.734277777777778,232.02833333333334
gotland,2000-10-01,5,2.3994086021505376,74.38166666666666
gotland,2000-11-01,0,0.7865555555555556,23.596666666666668
gotland,2000-12-01,0,0.682741935483871,21.165
gotland,2001-01-01,0,0.5556989247311828,17.226666666666667
gotland,2001-02-01,5,2.7551785714285715,77.145
gotland,2001-03-01,12,5.09758064516129,158.025
gotland,2001-04-01,15,6.011111111111111,180.33333333333334
gotland,2001-05-01,25,11.077526881720429,343.4033333333333
gotland,2001-06-01,19,9.458444444444444,283.75333333333333
gotland,2001-07-01,24,10.593333333333332,328.3933333333333
gotland,2001-08-01,19,7.583225806451613,235.07999999999998
gotland,2001-09-01,5,3.0407777777777776,91.22333333333333
gotland,2001-10-01,4,2.3731182795698924,73.56666666666666
gotland,2001-11-01,3,2.2712777777777777,68.13833333333334
gotland,2001-12-01,0,0.3914516129032258,12.135
gotland,2002-01-01,0,0.8729569892473118,27.061666666666667
gotland,2002-02-01,7,2.93375,82.145
gotland,2002-03-01,14,6.01994623655914,186.61833333333334
gotland,2002-04-01,21,8.371666666666666,251.15
gotland,2002-05-01,22,10.523924731182795,326.2416666666667
gotland,2002-06-01,24,11.196,335.88
gotland,2002-07-01,20,8.896236559139785,275.78333333333336
gotland,2002-08-01,30,11.275591397849462,349.54333333333335
gotland,2002-09-01,17,7.165,214.95
gotland,2002-10-01,4,2.4269892473118277,75.23666666666666
gotland,2002-11-01,0,0.7824444444444444,23.473333333333333
gotland,2002-12-01,1,0.9042473118279569,28.031666666666666
gotland,2003-01-01,1,1.2120967741935482,37.574999999999996
gotland,2003-02-01,7,2.976369047619048,83.33833333333334
gotland,2003-03-01,19,6.469354838709678,200.55
gotland,2003-04-01,15,6.577722222222222,197.33166666666665
gotland,2003-05-01,25,10.576075268817204,327.85833333333335
gotland,2003-06-01,25,10.538555555555556,316.1566666666667
gotland,2003-07-01,20,8.76021505376344,271.56666666666666
gotland,2003-08-01,19,7.601720430107527,235.65333333333334
gotland,2003-09-01,19,7.270833333333333,218.125
gotland,2003-10-01,7,3.5051075268817202,108.65833333333333
gotland,2003-11-01,2,0.8361666666666667,25.085
gotland,2003-12-01,1,1.000752688172043,31.023333333333333
gotland,2004-01-01,0,0.7573118279569893,23.476666666666667
gotland,2004-02-01,3,2.484712643678161,72.05666666666667
gotland,2004-03-01,12,4.652258064516129,144.22
gotland,2004-04-01,24,10.333,309.99
gotland,2004-05-01,24,9.63774193548387,298.77
gotland,2004-06-01,23,10.061722222222222,301.8516666666667
gotland,2004-07-01,18,8.01505376344086,248.46666666666667
gotland,2004-08-01,21,8.154354838709677,252.785
gotland,2004-09-01,16,6.1835555555555555,185.50666666666666
gotland,2004-10-01,5,2.4393548387096775,75.62
gotland,2004-11-01,4,2.250277777777778,67.50833333333334
gotland,2004-12-01,1,1.582258064516129,49.05
gotland,2005-01-01,2,1.8003225806451613,55.81
gotland,2005-02-01,3,2.134880952380952,59.776666666666664
gotland,2005-03-01,15,5.360806451612904,166.185
gotland,2005-04-01,27,10.570500000000001,317.115
gotland,2005-05-01,22,8.74231182795699,271.01166666666666
gotland,2005-06-01,21,9.888055555555555,296.64166666666665
gotland,2005-07-01,21,10.136881720430107,314.24333333333334
gotland,2005-08-01,23,8.19758064516129,254.125
gotland,2005-09-01,19,7.8277222222222225,234.83166666666668
gotland,2005-10-01,16,5.6476881720430105,175.07833333333332
gotland,2005-11-01,1,1.4828333333333332,44.485
gotland,2005-12-01,0,1.1559139784946237,35.833333333333336
gotland,2006-01-01,2,1.2462903225806452,38.635
gotland,2006-02-01,3,1.4329761904761906,40.123333333333335
gotland,2006-03-01,9,4.156344086021505,128.84666666666666
gotland,2006-04-01,17,6.954833333333334,208.645
gotland,2006-05-01,22,9.660860215053765,299.4866666666667
gotland,2006-06-01,25,12.412277777777778,372.36833333333334
gotland,2006-07-01,26,12.248387096774193,379.7
gotland,2006-08-01,23,7.895752688172043,244.76833333333332
gotland,2006-09-01,22,7.974166666666666,239.225
gotland,2006-10-01,2,2.1886559139784945,67.84833333333333
gotland,2006-11-01,1,1.571777777777778,47.153333333333336
gotland,2006-12-01,1,2.2143548387096774,68.645
gotland,2007-01-01,2,1.6954659498207885,52.559444444444445
gotland,2007-02-01,3,1.8411210317460316,51.55138888888889
gotland,2007-03-01,16,6.447643369175627,199.87694444444443
gotland,2007-04-01,25,9.643842592592593,289.3152777777778
gotland,2007-05-01,24,9.767258064516128,302.78499999999997
gotland,2007-06-01,21,10.00562037037037,300.1686111111111
gotland,2007-07-01,16,7.115878136200717,220.59222222222223
gotland,2007-08-01,18,7.560492831541218,234.37527777777777
gotland,2007-09-01,15,5.813185185185186,174.39555555555557
gotland,2007-10-01,8,2.986084229390681,92.56861111111111
gotland,2007-11-01,2,1.272787037037037,38.18361111111111
gotland,2007-12-01,0,0.48637992831541216,15.077777777777778
gotland,2008-01-01,1,1.1181899641577062,34.66388888888889
gotland,2008-02-01,6,2.95573754789272,85.71638888888889
gotland,2008-03-01,9,4.37673835125448,135.67888888888888
gotland,2008-04-01,15,7.305740740740741,219.17222222222222
gotland,2008-05-01,26,11.679543010752688,362.06583333333333
gotland,2008-06-01,27,12.160027777777778,364.80083333333334
gotland,2008-07-01,26,11.70002688172043,362.7008333333333
gotland,2008-08-01,14,6.164516129032258,191.1
gotland,2008-09-01,13,5.22975,156.8925
gotland,2008-10-01,6,3.2025716845878134,99.27972222222222
gotland,2008-11-01,3,1.8612592592592592,55.837777777777774
gotland,2008-12-01,0,0.7805286738351255,24.19638888888889
gotland,2009-01-01,0,0.8259856630824373,25.605555555555554
gotland,2009-02-01,3,1.690109126984127,47.323055555555555
gotland,2009-03-01,9,3.3959229390681003,105.27361111111111
gotland,2009-04-01,27,11.024425925925925,330.73277777777776
gotland,2009-05-01,25,10.90733870967742,338.1275
gotland,2009-06-01,22,11.498203703703703,344.9461111111111
gotland,2009-07-01,25,9.275071684587815,287.52722222222224
gotland,2009-08-01,27,9.9993458781362,309.9797222222222
gotland,2009-09-01,21,7.518935185185185,225.56805555555556
gotland,2009-10-01,5,2.4655017921146953,76.43055555555556
gotland,2009-11-01,1,1.2037407407407408,36.11222222222222
gotland,2009-12-01,0,0.5775806451612904,17.905
gotland,2010-01-01,1,1.0583422939068101,32.80861111111111
gotland,2010-02-01,1,0.7458531746031747,20.88388888888889
gotland,2010-03-01,14,5.1483154121863794,159.59777777777776
gotland,2010-04-01,17,6.409453703703703,192.2836111111111
gotland,2010-05-01,21,8.423781362007169,261.13722222222225
gotland,2010-06-01,23,11.216435185185185,336.49305555555554
gotland,2010-07-01,23,10.96163082437276,339.81055555555554
gotland,2010-08-01,16,6.426487455197132,199.2211111111111
gotland,2010-09-01,14,5.834138888888889,175.02416666666667
gotland,2010-10-01,11,4.735663082437275,146.80555555555554
gotland,2010-11-01,1,1.4410555555555555,43.23166666666667
gotland,2010-12-01,1,0.6008154121863799,18.62527777777778
gotland,2011-01-01,2,1.4746326164874553,45.71361111111111
gotland,2011-02-01,7,3.8730257936507937,108.44472222222223
gotland,2011-03-01,16,6.212096774193548,192.575
gotland,2011-04-01,20,8.893907407407406,266.8172222222222
gotland,2011-05-01,30,11.532741935483871,357.515
gotland,2011-06-01,27,12.078768518518519,362.36305555555555
gotland,2011-07-01,21,8.270430107526881,256.3833333333333
gotland,2011-08-01,21,7.936281362007168,246.0247222222222
gotland,2011-09-01,21,7.419768518518519,222.59305555555557
gotland,2011-10-01,17,5.615161290322581,174.07
gotland,2011-11-01,2,1.4741018518518518,44.223055555555554
gotland,2011-12-01,0,1.1340412186379927,35.155277777777776
gotland,2012-01-01,2,1.1849910394265233,36.734722222222224
gotland,2012-02-01,4,2.6309386973180073,76.29722222222222
gotland,2012-03-01,22,7.393637992831541,229.20277777777778
gotland,2012-04-01,17,6.3268611111111115,189.80583333333334
gotland,2012-05-01,26,11.48111111111111,355.9144444444444
gotland,2012-06-01,23,10.350324074074074,310.5097222222222
gotland,2012-07-01,25,9.556792114695341,296.2605555555556
gotland,2012-08-01,19,7.57768817204301,234.90833333333333
gotland,2012-09-01,13,5.0835,152.505
gotland,2012-10-01,3,2.6853673835125447,83.24638888888889
gotland,2012-11-01,3,1.7135,51.405
gotland,2012-12-01,0,0.5164784946236559,16.010833333333334
gotland,2013-01-01,3,1.302347670250896,40.37277777777778
gotland,2013-02-01,4,2.173829365079365,60.867222222222225
gotland,2013-03-01,21,7.197464157706093,223.12138888888887
gotland,2013-04-01,20,8.132666666666667,243.98
gotland,2013-05-01,23,10.065752688172044,312.03833333333336
gotland,2013-06-01,27,11.58012037037037,347.4036111111111
gotland,2013-07-01,24,10.312867383512545,319.6988888888889
gotland,2013-08-01,26,9.54138888888889,295.78305555555556
gotland,2013-09-01,19,6.835824074074074,205.07472222222222
gotland,2013-10-01,7,3.258951612903226,101.0275
gotland,2013-11-01,3,1.8241944444444445,54.725833333333334
gotland,2013-12-01,1,1.2326075268817205,38.21083333333333
gotland,2014-01-01,2,0.9284139784946237,28.780833333333334
gotland,2014-02-01,4,1.915952380952381,53.64666666666667
gotland,2014-03-01,17,6.331854838709678,196.2875
gotland,2014-04-01,24,10.053111111111113,301.59333333333336
gotland,2014-05-01,21,9.529381720430107,295.41083333333336
gotland,2014-06-01,20,9.87425,296.2275
gotland,2014-07-01,27,11.554820788530467,358.19944444444445
gotland,2014-08-01,23,8.380770609318995,259.8038888888889
gotland,2014-09-01,18,7.735787037037038,232.07361111111112
gotland,2014-10-01,5,2.1149462365591396,65.56333333333333
gotland,2014-11-01,1,0.6602407407407408,19.807222222222222
gotland,2014-12-01,0,0.7760931899641578,24.05888888888889
gotland,2015-01-01,0,0.8877867383512547,27.521388888888893
gotland,2015-02-01,5,2.655634920634921,74.35777777777778
gotland,2015-03-01,16,5.804318996415771,179.9338888888889
gotland,2015-04-01,20,8.20350925925926,246.1052777777778
gotland,2015-05-01,24,9.522258064516128,295.19
gotland,2015-06-01,23,10.700305555555556,321.00916666666666
gotland,2015-07-01,21,9.158951612903227,283.9275
gotland,2015-08-01,27,11.156344086021507,345.8466666666667
gotland,2015-09-01,15,6.934018518518518,208.02055555555555
gotland,2015-10-01,12,4.773593189964157,147.9813888888889
gotland,2015-11-01,3,1.7723333333333333,53.17
gotland,2015-12-01,2,1.8374551971326165,56.96111111111111
gotland,2016-01-01,0,0.988584229390681,30.64611111111111
gotland,2016-02-01,8,3.364310344827586,97.565
gotland,2016-03-01,10,3.818037634408602,118.35916666666667
gotland,2016-04-01,20,8.076453703703704,242.29361111111112
gotland,2016-05-01,25,11.022777777777778,341.7061111111111
gotland,2016-06-01,26,11.749777777777778,352.49333333333334
gotland,2016-07-01,27,11.409471326164875,353.6936111111111
gotland,2016-08-01,22,8.254435483870967,255.8875
gotland,2016-09-01,22,7.628796296296296,228.86388888888888
gotland,2016-10-01,4,2.120474910394265,65.73472222222222
gotland,2016-11-01,1,1.6674166666666668,50.0225
gotland,2016-12-01,1,1.6930645161290323,52.485
gotland,2017-01-01,0,1.2099372759856633,37.50805555555556
gotland,2017-02-01,6,2.5913492063492063,72.55777777777777
gotland,2017-03-01,13,5.271120071684588,163.40472222222223
gotland,2017-04-01,26,8.773,263.19
gotland,2017-05-01,28,11.856335125448028,367.5463888888889
gotland,2017-06-01,22,9.453925925925926,283.6177777777778
gotland,2017-07-01,29,10.768853046594982,333.83444444444444
gotland,2017-08-01,22,8.548512544802866,265.00388888888887
gotland,2017-09-01,11,4.435351851851852,133.06055555555557
gotland,2017-10-01,4,2.392464157706093,74.16638888888889
gotland,2017-11-01,5,1.6913888888888888,50.74166666666667
gotland,2017-12-01,0,0.523673835125448,16.233888888888888
gotland,2018-01-01,2,1.3357706093189965,41.40888888888889
gotland,2018-02-01,2,1.8276984126984126,51.175555555555555
gotland,2018-03-01,11,4.13002688172043,128.03083333333333
gotland,2018-04-01,22,8.713555555555557,261.4066666666667
gotland,2018-05-01,30,13.964238351254481,432.8913888888889
gotland,2018-06-01,26,11.913796296296296,357.4138888888889
gotland,2018-07-01,28,11.993969534050178,371.81305555555554
gotland,2018-08-01,23,8.539578853046594,264.7269444444444
gotland,2018-09-01,16,6.502240740740741,195.06722222222223
gotland,2018-10-01,11,4.668933691756273,144.73694444444445
gotland,2018-11-01,2,1.558287037037037,46.74861111111111
gotland,2018-12-01,1,0.701415770609319,21.74388888888889
gotland,2019-01-01,1,1.2933602150537635,40.094166666666666
gotland,2019-02-01,12,3.810238095238095,106.68666666666667
gotland,2019-03-01,12,4.899955197132616,151.8986111111111
gotland,2019-04-01,25,10.274462962962962,308.2338888888889
gotland,2019-05-01,23,9.50097670250896,294.53027777777777
gotland,2019-06-01,28,12.434231481481481,373.02694444444444
gotland,2019-07-01,24,9.898297491039427,306.84722222222223
gotland,2019-08-01,26,9.419569892473119,292.00666666666666
gotland,2019-09-01,22,6.77337962962963,203.20138888888889
gotland,2019-10-01,5,3.028431899641577,93.88138888888889
gotland,2019-11-01,0,0.5548703703703703,16.64611111111111
gotland,2019-12-01,0,0.9609587813620071,29.78972222222222
gotland,2020-01-01,3,1.6845340501792114,52.220555555555556
gotland,2020-02-01,7,3.217825670498084,93.31694444444445
gotland,2020-03-01,14,5.796675627240144,179.69694444444445
gotland,2020-04-01,27,10.65025925925926,319.5077777777778
gotland,2020-05-01,26,11.135403225806451,345.1975
gotland,2020-06-01,25,10.679842592592593,320.3952777777778
gotland,2020-07-01,27,10.532302867383512,326.50138888888887
gotland,2020-08-01,27,10.199363799283155,316.1802777777778
gotland,2020-09-01,19,6.544324074074074,196.32972222222222
gotland,2020-10-01,7,2.9765322580645166,92.27250000000001
gotland,2020-11-01,2,1.4349166666666666,43.0475
gotland,2020-12-01,0,0.3341845878136201,10.359722222222222
gotland,2021-01-01,1,0.8127329749103942,25.19472222222222
gotland,2021-02-01,8,3.724345238095238,104.28166666666667
gotland,2021-03-01,13,5.287992831541219,163.92777777777778
gotland,2021-04-01,23,9.229194444444444,276.87583333333333
gotland,2021-05-01,20,9.106702508960574,282.3077777777778
gotland,2021-06-01,28,13.577851851851852,407.3355555555556
gotland,2021-07-01,26,11.330501792114696,351.24555555555554
gotland,2021-08-01,21,7.555385304659498,234.21694444444444
gotland,2021-09-01,15,6.185851851851852,185.57555555555555
gotland,2021-10-01,7,2.7958154121863803,86.67027777777778
gotland,2021-11-01,2,1.4680833333333332,44.0425
gotland,2021-12-01,0,1.59921146953405,49.57555555555555
gotland,2022-01-01,2,1.4601254480286738,45.263888888888886
gotland,2022-02-01,4,3.170486111111111,88.77361111111111
gotland,2022-03-01,29,9.707105734767024,300.92027777777776
gotland,2022-04-01,24,9.198425925925926,275.9527777777778
gotland,2022-05-01,23,9.851379928315412,305.3927777777778
gotland,2022-06-01,24,11.319083333333333,339.5725
gotland,2022-07-01,27,10.816872759856631,335.3230555555556
gotland,2022-08-01,24,9.922222222222222,307.5888888888889
gotland,2022-09-01,13,5.937675925925927,178.1302777777778
gotland,2022-10-01,8,3.9491666666666667,122.42416666666666
gotland,2022-11-01,3,1.335324074074074,40.05972222222222
gotland,2022-12-01,1,0.8803584229390681,27.29111111111111
gotland,2023-01-01,1,1.53252688172043,47.50833333333333
gotland,2023-02-01,5,2.3996726190476187,67.19083333333333
gotland,2023-03-01,9,3.836200716845878,118.92222222222222
gotland,2023-04-01,22,9.711925925925925,291.35777777777776
gotland,2023-05-01,28,13.080582437275986,405.49805555555554
gotland,2023-06-01,25,13.189370370370371,395.68111111111114
gotland,2023-07-01,30,11.090250896057347,343.79777777777775
gotland,2023-08-01,16,5.606980286738351,173.8163888888889
gotland,2023-09-01,22,7.649157407407407,229.47472222222223
gotland,2023-10-01,9,3.086639784946237,95.68583333333333
gotland,2023-11-01,0,0.8754907407407407,26.264722222222222
gotland,2023-12-01,0,0.3095071684587814,9.594722222222224
gotland,2024-01-01,1,1.4651702508960573,45.42027777777778
gotland,2024-02-01,3,1.8413505747126437,53.399166666666666
gotland,2024-03-01,8,3.668100358422939,113.71111111111111
gotland,2024-04-01,13,5.077574074074074,152.32722222222222
gotland,2024-05-01,28,12.84355734767025,398.1502777777778
gotland,2024-06-01,27,11.960185185185185,358.80555555555554
gotland,2024-07-01,27,10.581962365591398,328.04083333333335
gotland,2024-08-01,27,10.333037634408601,320.32416666666666
gotland,2024-09-01,20,7.566416666666667,226.9925
gotland,2024-10-01,14,4.810797491039427,149.13472222222222
gotland,2024-11-01,3,2.003277777777778,60.098333333333336
gotland,2024-12-01,0,1.1211111111111112,34.754444444444445
gotland,2025-01-01,1,1.4197401433691756,44.011944444444445
gotland,2025-02-01,4,2.180863095238095,61.064166666666665
gotland,2025-03-01,17,6.1224731182795695,189.79666666666665
gotland,2025-04-01,21,8.540870370370369,256.2261111111111
gotland,2025-05-01,25,9.807956989247312,304.0466666666667
gotland,2025-06-01,20,10.744462962962963,322.3338888888889
gotland,2025-07-01,24,10.167688172043011,315.1983333333333
gotland,2025-08-01,23,8.453476702508961,262.0577777777778
gotland,2025-09-01,19,7.112444444444445,213.37333333333333
gotland,2025-10-01,5,3.0745878136200715,95.31222222222222
gotland,2025-11-01,3,1.8383611111111111,55.15083333333333
gotland,2025-12-01,2,1.1916666666666667,36.94166666666666
gotland,2026-01-01,3,1.207231182795699,37.424166666666665
gotland,2026-02-01,0,0.0,0.0
jamtland,1983-01-01,0,0.30919354838709673,9.584999999999999
jamtland,1983-02-01,1,1.474047619047619,41.27333333333333
jamtland,1983-03-01,5,2.4038172043010753,74.51833333333333
jamtland,1983-04-01,7,2.350222222222222,70.50666666666666
jamtland,1983-05-01,12,4.584301075268818,142.11333333333334
jamtland,1983-06-01,12,6.658444444444444,199.75333333333333
jamtland,1983-07-01,16,7.3203763440860214,226.93166666666667
jamtland,1983-08-01,11,4.813440860215054,149.21666666666667
jamtland,1983-09-01,2,2.7122777777777776,81.36833333333333
jamtland,1983-10-01,2,1.720483870967742,53.335
jamtland,1983-11-01,0,0.6581111111111111,19.743333333333332
jamtland,1983-12-01,0,0.15801075268817205,4.898333333333333
jamtland,1984-01-01,0,0.3113440860215054,9.651666666666667
jamtland,1984-02-01,2,1.954425287356322,56.678333333333335
jamtland,1984-03-01,10,3.9523655913978493,122.52333333333333
jamtland,1984-04-01,8,4.88488888888889,146.54666666666668
jamtland,1984-05-01,17,7.148118279569893,221.59166666666667
jamtland,1984-06-01,15,6.262722222222222,187.88166666666666
jamtland,1984-07-01,12,5.6608064516129035,175.485
jamtland,1984-08-01,8,4.201666666666666,130.25166666666667
jamtland,1984-09-01,2,1.2849444444444444,38.54833333333333
jamtland,1984-10-01,1,1.2281182795698924,38.071666666666665
jamtland,1984-11-01,0,1.5596666666666665,46.79
jamtland,1984-12-01,0,0.21483870967741936,6.66
jamtland,1985-01-01,0,0.8569354838709677,26.565
jamtland,1985-02-01,5,2.7660119047619047,77.44833333333334
jamtland,1985-03-01,8,2.73005376344086,84.63166666666666
jamtland,1985-04-01,17,6.400944444444445,192.02833333333334
jamtland,1985-05-01,15,6.690645161290322,207.41
jamtland,1985-06-01,13,6.405111111111111,192.15333333333334
jamtland,1985-07-01,13,5.345806451612903,165.72
jamtland,1985-08-01,9,4.716075268817204,146.19833333333332
jamtland,1985-09-01,6,3.2231666666666663,96.695
jamtland,1985-10-01,1,1.4667741935483871,45.47
jamtland,1985-11-01,0,1.8347777777777776,55.04333333333333
jamtland,1985-12-01,0,0.2800537634408602,8.681666666666667
jamtland,1986-01-01,0,0.9793010752688173,30.358333333333334
jamtland,1986-02-01,8,3.714642857142857,104.01
jamtland,1986-03-01,12,4.31241935483871,133.685
jamtland,1986-04-01,14,5.651111111111111,169.53333333333333
jamtland,1986-05-01,18,7.818817204301075,242.38333333333333
jamtland,1986-06-01,21,9.504,285.12
jamtland,1986-07-01,17,6.389354838709677,198.07
jamtland,1986-08-01,3,2.7813978494623655,86.22333333333333
jamtland,1986-09-01,6,3.550777777777778,106.52333333333334
jamtland,1986-10-01,6,3.358494623655914,104.11333333333333
jamtland,1986-11-01,1,2.0295555555555556,60.88666666666667
jamtland,1986-12-01,0,0.30833333333333335,9.558333333333334
jamtland,1987-01-01,1,0.9323655913978495,28.903333333333332
jamtland,1987-02-01,5,3.200357142857143,89.61
jamtland,1987-03-01,18,5.9063978494623655,183.09833333333333
jamtland,1987-04-01,14,5.448111111111111,163.44333333333333
jamtland,1987-05-01,16,6.6052688172043,204.76333333333332
jamtland,1987-06-01,8,3.374888888888889,101.24666666666667
jamtland,1987-07-01,14,7.2168817204301074,223.72333333333333
jamtland,1987-08-01,10,4.330268817204302,134.23833333333334
jamtland,1987-09-01,9,3.850111111111111,115.50333333333333
jamtland,1987-10-01,6,2.5760752688172044,79.85833333333333
jamtland,1987-11-01,1,0.7713888888888889,23.141666666666666
jamtland,1987-12-01,0,0.3889784946236559,12.058333333333334
jamtland,1988-01-01,0,0.46005376344086024,14.261666666666667
jamtland,1988-02-01,2,1.2851149425287356,37.26833333333333
jamtland,1988-03-01,10,3.337204301075269,103.45333333333333
jamtland,1988-04-01,18,7.749,232.47
jamtland,1988-05-01,22,9.36516129032258,290.32
jamtland,1988-06-01,22,10.640944444444445,319.22833333333335
jamtland,1988-07-01,19,7.285537634408602,225.85166666666666
jamtland,1988-08-01,13,4.995322580645161,154.855
jamtland,1988-09-01,10,4.177611111111111,125.32833333333333
jamtland,1988-10-01,6,2.895537634408602,89.76166666666667
jamtland,1988-11-01,1,1.863611111111111,55.90833333333333
jamtland,1988-12-01,0,0.8787634408602151,27.241666666666667
jamtland,1989-01-01,0,0.7687096774193549,23.830000000000002
jamtland,1989-02-01,5,2.690119047619048,75.32333333333334
jamtland,1989-03-01,10,4.4174731182795695,136.94166666666666
jamtland,1989-04-01,14,5.577055555555556,167.31166666666667
jamtland,1989-05-01,17,7.638602150537634,236.79666666666665
jamtland,1989-06-01,21,9.7935,293.805
jamtland,1989-07-01,19,8.21032258064516,254.51999999999998
jamtland,1989-08-01,16,5.906344086021505,183.09666666666666
jamtland,1989-09-01,13,5.600722222222222,168.02166666666668
jamtland,1989-10-01,4,2.486236559139785,77.07333333333334
jamtland,1989-11-01,0,1.6712222222222224,50.13666666666667
jamtland,1989-12-01,0,0.708010752688172,21.948333333333334
jamtland,1990-01-01,1,0.8290860215053764,25.701666666666668
jamtland,1990-02-01,1,2.2057738095238095,61.76166666666667
jamtland,1990-03-01,6,3.549516129032258,110.035
jamtland,1990-04-01,16,6.277388888888889,188.32166666666666
jamtland,1990-05-01,20,8.649193548387096,268.125
jamtland,1990-06-01,19,8.908833333333332,267.265
jamtland,1990-07-01,14,6.562043010752688,203.42333333333332
jamtland,1990-08-01,12,5.451505376344086,168.99666666666667
jamtland,1990-09-01,4,1.9304444444444444,57.913333333333334
jamtland,1990-10-01,8,3.410215053763441,105.71666666666667
jamtland,1990-11-01,0,0.6788333333333333,20.365
jamtland,1990-12-01,0,0.9030645161290322,27.994999999999997
jamtland,1991-01-01,0,1.1193010752688173,34.69833333333334
jamtland,1991-02-01,8,3.699047619047619,103.57333333333334
jamtland,1991-03-01,4,2.3154301075268817,71.77833333333334
jamtland,1991-04-01,19,8.004833333333334,240.145
jamtland,1991-05-01,13,5.811290322580645,180.15
jamtland,1991-06-01,10,4.6685,140.055
jamtland,1991-07-01,20,8.85731182795699,274.57666666666665
jamtland,1991-08-01,15,6.202043010752687,192.26333333333332
jamtland,1991-09-01,8,4.004944444444445,120.14833333333334
jamtland,1991-10-01,2,1.710537634408602,53.026666666666664
jamtland,1991-11-01,0,1.0931111111111111,32.79333333333334
jamtland,1991-12-01,0,0.3825806451612903,11.86
jamtland,1992-01-01,0,0.7420967741935484,23.005
jamtland,1992-02-01,1,1.477471264367816,42.846666666666664
jamtland,1992-03-01,5,2.9391397849462364,91.11333333333333
jamtland,1992-04-01,12,4.823666666666667,144.71
jamtland,1992-05-01,21,8.932043010752688,276.8933333333333
jamtland,1992-06-01,24,10.723055555555556,321.69166666666666
jamtland,1992-07-01,13,5.918924731182796,183.48666666666668
jamtland,1992-08-01,6,3.7219354838709675,115.38
jamtland,1992-09-01,13,5.370333333333334,161.11
jamtland,1992-10-01,3,1.9056989247311829,59.07666666666667
jamtland,1992-11-01,0,0.45594444444444443,13.678333333333333
jamtland,1992-12-01,0,0.3739784946236559,11.593333333333334
jamtland,1993-01-01,0,0.6585483870967742,20.415
jamtland,1993-02-01,8,2.9650595238095234,83.02166666666666
jamtland,1993-03-01,10,4.4998387096774195,139.495
jamtland,1993-04-01,18,7.602333333333333,228.07
jamtland,1993-05-01,13,6.7390860215053765,208.91166666666666
jamtland,1993-06-01,15,6.6962777777777776,200.88833333333332
jamtland,1993-07-01,9,4.591451612903226,142.335
jamtland,1993-08-01,13,5.024408602150538,155.75666666666666
jamtland,1993-09-01,14,4.922666666666667,147.68
jamtland,1993-10-01,6,2.6544086021505375,82.28666666666666
jamtland,1993-11-01,0,0.7132777777777778,21.398333333333333
jamtland,1993-12-01,0,0.8105913978494624,25.128333333333334
jamtland,1994-01-01,0,0.9705913978494622,30.08833333333333
jamtland,1994-02-01,12,4.754940476190476,133.13833333333332
jamtland,1994-03-01,14,5.678548387096774,176.035
jamtland,1994-04-01,18,7.012388888888889,210.37166666666667
jamtland,1994-05-01,21,8.408387096774195,260.66
jamtland,1994-06-01,13,5.712055555555556,171.36166666666668
jamtland,1994-07-01,28,10.82510752688172,335.5783333333333
jamtland,1994-08-01,13,5.373440860215054,166.57666666666668
jamtland,1994-09-01,12,4.996666666666667,149.9
jamtland,1994-10-01,6,2.8051612903225807,86.96
jamtland,1994-11-01,1,1.2361666666666666,37.085
jamtland,1994-12-01,0,1.0553225806451614,32.715
jamtland,1995-01-01,0,1.7246236559139785,53.46333333333333
jamtland,1995-02-01,5,2.8714880952380955,80.40166666666667
jamtland,1995-03-01,6,3.1801075268817205,98.58333333333333
jamtland,1995-04-01,10,4.937944444444444,148.13833333333332
jamtland,1995-05-01,14,6.366989247311828,197.37666666666667
jamtland,1995-06-01,14,6.411944444444444,192.35833333333332
jamtland,1995-07-01,18,7.468172043010752,231.51333333333332
jamtland,1995-08-01,12,5.561612903225806,172.41
jamtland,1995-09-01,12,4.4576111111111105,133.72833333333332
jamtland,1995-10-01,8,2.8466129032258065,88.245
jamtland,1995-11-01,3,1.728888888888889,51.86666666666667
jamtland,1995-12-01,0,1.1425268817204302,35.41833333333334
jamtland,1996-01-01,2,2.0031720430107525,62.09833333333333
jamtland,1996-02-01,7,3.745919540229885,108.63166666666666
jamtland,1996-03-01,17,5.750591397849463,178.26833333333335
jamtland,1996-04-01,16,6.661277777777778,199.83833333333334
jamtland,1996-05-01,16,6.446827956989247,199.85166666666666
jamtland,1996-06-01,15,6.4686111111111115,194.05833333333334
jamtland,1996-07-01,15,6.735161290322581,208.79
jamtland,1996-08-01,21,8.127634408602152,251.95666666666668
jamtland,1996-09-01,15,6.304666666666666,189.14
jamtland,1996-10-01,7,2.4480645161290324,75.89
jamtland,1996-11-01,0,1.7065,51.195
jamtland,1996-12-01,0,1.0289247311827958,31.89666666666667
jamtland,1997-01-01,0,1.3160752688172042,40.79833333333333
jamtland,1997-02-01,5,2.831309523809524,79.27666666666667
jamtland,1997-03-01,6,3.8498924731182793,119.34666666666666
jamtland,1997-04-01,16,5.740555555555556,172.21666666666667
jamtland,1997-05-01,19,7.708602150537635,238.96666666666667
jamtland,1997-06-01,20,9.332444444444445,279.97333333333336
jamtland,1997-07-01,25,10.729301075268818,332.60833333333335
jamtland,1997-08-01,17,7.392150537634409,229.15666666666667
jamtland,1997-09-01,6,3.5684444444444443,107.05333333333333
jamtland,1997-10-01,2,2.3456451612903226,72.715
jamtland,1997-11-01,0,1.0134444444444444,30.403333333333332
jamtland,1997-12-01,0,0.5348387096774193,16.58
jamtland,1998-01-01,0,0.6384946236559139,19.793333333333333
jamtland,1998-02-01,2,2.1217857142857146,59.410000000000004
jamtland,1998-03-01,13,4.566236559139785,141.55333333333334
jamtland,1998-04-01,13,5.382888888888889,161.48666666666668
jamtland,1998-05-01,21,9.007903225806452,279.245
jamtland,1998-06-01,9,4.889777777777778,146.69333333333333
jamtland,1998-07-01,10,4.872795698924731,151.05666666666667
jamtland,1998-08-01,12,4.368387096774193,135.42
jamtland,1998-09-01,10,4.560611111111111,136.81833333333333
jamtland,1998-10-01,8,2.943602150537634,91.25166666666667
jamtland,1998-11-01,0,0.8464444444444444,25.393333333333334
jamtland,1998-12-01,0,1.1355376344086021,35.20166666666667
jamtland,1999-01-01,0,1.0416666666666667,32.29166666666667
jamtland,1999-02-01,4,1.9098809523809523,53.47666666666667
jamtland,1999-03-01,10,3.5165591397849463,109.01333333333334
jamtland,1999-04-01,12,5.6528888888888895,169.58666666666667
jamtland,1999-05-01,19,8.198924731182796,254.16666666666669
jamtland,1999-06-01,20,8.285888888888888,248.57666666666665
jamtland,1999-07-01,16,6.517096774193549,202.03
jamtland,1999-08-01,19,8.03,248.93
jamtland,1999-09-01,12,4.628277777777778,138.84833333333333
jamtland,1999-10-01,7,2.9226881720430105,90.60333333333332
jamtland,1999-11-01,1,1.3979444444444444,41.93833333333333
jamtland,1999-12-01,0,0.7040860215053764,21.826666666666668
jamtland,2000-01-01,0,1.2351612903225806,38.29
jamtland,2000-02-01,4,2.3504022988505744,68.16166666666666
jamtland,2000-03-01,14,4.57258064516129,141.75
jamtland,2000-04-01,12,4.927944444444445,147.83833333333334
jamtland,2000-05-01,14,5.92747311827957,183.75166666666667
jamtland,2000-06-01,14,6.151222222222222,184.53666666666666
jamtland,2000-07-01,13,6.3136559139784945,195.72333333333333
jamtland,2000-08-01,14,6.241720430107527,193.49333333333334
jamtland,2000-09-01,15,6.202944444444444,186.08833333333334
jamtland,2000-10-01,5,2.213172043010753,68.60833333333333
jamtland,2000-11-01,0,0.8691111111111112,26.073333333333334
jamtland,2000-12-01,0,0.40086021505376346,12.426666666666668
jamtland,2001-01-01,0,0.6544623655913978,20.28833333333333
jamtland,2001-02-01,7,3.340535714285714,93.535
jamtland,2001-03-01,12,4.2636021505376345,132.17166666666668
jamtland,2001-04-01,17,7.155,214.65
jamtland,2001-05-01,14,6.488440860215054,201.14166666666665
jamtland,2001-06-01,20,9.306111111111111,279.18333333333334
jamtland,2001-07-01,15,5.908333333333333,183.15833333333333
jamtland,2001-08-01,15,5.429247311827957,168.30666666666667
jamtland,2001-09-01,4,2.7849999999999997,83.55
jamtland,2001-10-01,3,2.451290322580645,75.99
jamtland,2001-11-01,1,1.3065555555555555,39.196666666666665
jamtland,2001-12-01,0,0.362258064516129,11.23
jamtland,2002-01-01,0,0.49177419354838714,15.245000000000001
jamtland,2002-02-01,4,2.766845238095238,77.47166666666666
jamtland,2002-03-01,10,4.706881720430108,145.91333333333333
jamtland,2002-04-01,13,5.811111111111112,174.33333333333334
jamtland,2002-05-01,24,10.373655913978494,321.5833333333333
jamtland,2002-06-01,18,9.399944444444445,281.99833333333333
jamtland,2002-07-01,19,7.558387096774194,234.31
jamtland,2002-08-01,24,9.442419354838709,292.715
jamtland,2002-09-01,7,3.8854444444444445,116.56333333333333
jamtland,2002-10-01,5,2.6029032258064517,80.69
jamtland,2002-11-01,2,0.9,27.0
jamtland,2002-12-01,0,1.1621505376344086,36.026666666666664
jamtland,2003-01-01,1,1.0919354838709678,33.85
jamtland,2003-02-01,8,3.908809523809524,109.44666666666667
jamtland,2003-03-01,9,3.7133333333333334,115.11333333333333
jamtland,2003-04-01,14,6.495277777777778,194.85833333333335
jamtland,2003-05-01,18,6.733494623655914,208.73833333333334
jamtland,2003-06-01,20,8.298222222222222,248.94666666666666
jamtland,2003-07-01,23,9.861397849462366,305.7033333333333
jamtland,2003-08-01,12,5.337795698924731,165.47166666666666
jamtland,2003-09-01,10,3.8970555555555553,116.91166666666666
jamtland,2003-10-01,7,3.4460215053763443,106.82666666666667
jamtland,2003-11-01,2,1.2095555555555557,36.28666666666667
jamtland,2003-12-01,0,1.0357526881720431,32.108333333333334
jamtland,2004-01-01,0,0.9096774193548387,28.2
jamtland,2004-02-01,4,2.6708620689655174,77.455
jamtland,2004-03-01,11,4.493817204301076,139.30833333333334
jamtland,2004-04-01,13,5.546277777777778,166.38833333333335
jamtland,2004-05-01,22,8.151236559139784,252.68833333333333
jamtland,2004-06-01,22,9.248388888888888,277.45166666666665
jamtland,2004-07-01,20,7.639193548387096,236.815
jamtland,2004-08-01,20,7.094193548387097,219.92000000000002
jamtland,2004-09-01,7,3.6092222222222223,108.27666666666667
jamtland,2004-10-01,8,2.834354838709677,87.865
jamtland,2004-11-01,2,1.6127222222222222,48.38166666666667
jamtland,2004-12-01,0,1.313010752688172,40.70333333333333
jamtland,2005-01-01,0,0.8777956989247312,27.211666666666666
jamtland,2005-02-01,5,2.1185119047619048,59.318333333333335
jamtland,2005-03-01,15,5.28483870967742,163.83
jamtland,2005-04-01,22,8.788722222222223,263.6616666666667
jamtland,2005-05-01,18,6.502688172043011,201.58333333333334
jamtland,2005-06-01,17,7.400388888888888,222.01166666666666
jamtland,2005-07-01,19,9.64494623655914,298.99333333333334
jamtland,2005-08-01,9,4.524301075268817,140.25333333333333
jamtland,2005-09-01,9,4.534944444444445,136.04833333333335
jamtland,2005-10-01,10,3.8337096774193546,118.845
jamtland,2005-11-01,0,1.229888888888889,36.89666666666667
jamtland,2005-12-01,0,0.4309677419354839,13.36
jamtland,2006-01-01,1,1.0513978494623657,32.593333333333334
jamtland,2006-02-01,3,2.0958333333333337,58.68333333333334
jamtland,2006-03-01,16,5.444462365591398,168.77833333333334
jamtland,2006-04-01,13,5.401777777777778,162.05333333333334
jamtland,2006-05-01,18,7.612365591397849,235.98333333333332
jamtland,2006-06-01,17,8.188277777777778,245.64833333333334
jamtland,2006-07-01,25,9.48274193548387,293.965
jamtland,2006-08-01,16,7.146075268817205,221.52833333333334
jamtland,2006-09-01,8,4.145777777777778,124.37333333333333
jamtland,2006-10-01,2,1.272795698924731,39.45666666666666
jamtland,2006-11-01,1,1.855888888888889,55.67666666666667
jamtland,2006-12-01,0,0.8463978494623656,26.238333333333333
jamtland,2007-01-01,0,1.060967741935484,32.89
jamtland,2007-02-01,3,1.7874999999999999,50.05
jamtland,2007-03-01,9,4.706344086021506,145.89666666666668
jamtland,2007-04-01,16,6.123444444444444,183.70333333333332
jamtland,2007-05-01,17,7.073602150537634,219.28166666666667
jamtland,2007-06-01,23,11.981444444444444,359.4433333333333
jamtland,2007-07-01,16,6.110483870967743,189.425
jamtland,2007-08-01,19,7.0969354838709675,220.005
jamtland,2007-09-01,8,4.242999999999999,127.28999999999999
jamtland,2007-10-01,3,2.80741935483871,87.03
jamtland,2007-11-01,0,0.9088333333333334,27.265
jamtland,2007-12-01,0,0.9720430107526882,30.133333333333333
jamtland,2008-01-01,0,0.7235752688172042,22.430833333333332
jamtland,2008-02-01,4,2.5634003831417624,74.3386111111111
jamtland,2008-03-01,11,4.829525089605735,149.71527777777777
jamtland,2008-04-01,16,7.005555555555556,210.16666666666669
jamtland,2008-05-01,17,7.79073476702509,241.51277777777779
jamtland,2008-06-01,22,9.774092592592591,293.22277777777776
jamtland,2008-07-01,23,10.449704301075268,323.94083333333333
jamtland,2008-08-01,15,5.747732974910394,178.1797222222222
jamtland,2008-09-01,13,4.879064814814814,146.37194444444444
jamtland,2008-10-01,4,2.8823028673835127,89.35138888888889
jamtland,2008-11-01,1,1.6296018518518518,48.88805555555555
jamtland,2008-12-01,0,0.9255465949820789,28.691944444444445
jamtland,2009-01-01,0,0.9659946236559139,29.945833333333333
jamtland,2009-02-01,8,2.8553869047619047,79.95083333333334
jamtland,2009-03-01,12,4.525681003584229,140.29611111111112
jamtland,2009-04-01,13,6.2855185185185185,188.56555555555556
jamtland,2009-05-01,23,9.089820788530465,281.78444444444443
jamtland,2009-06-01,17,8.252935185185185,247.58805555555554
jamtland,2009-07-01,16,6.6772849462365595,206.99583333333334
jamtland,2009-08-01,14,6.366747311827957,197.36916666666667
jamtland,2009-09-01,8,4.42175,132.6525
jamtland,2009-10-01,7,2.7766397849462368,86.07583333333334
jamtland,2009-11-01,1,0.4247037037037037,12.741111111111111
jamtland,2009-12-01,0,0.327016129032258,10.1375
jamtland,2010-01-01,0,1.3947670250896058,43.23777777777778
jamtland,2010-02-01,2,1.8118055555555554,50.730555555555554
jamtland,2010-03-01,12,4.485322580645161,139.045
jamtland,2010-04-01,20,7.320111111111111,219.60333333333332
jamtland,2010-05-01,16,6.730591397849462,208.64833333333334
jamtland,2010-06-01,19,7.549138888888889,226.47416666666666
jamtland,2010-07-01,17,7.452992831541219,231.0427777777778
jamtland,2010-08-01,13,5.682428315412186,176.15527777777777
jamtland,2010-09-01,15,5.80637037037037,174.1911111111111
jamtland,2010-10-01,6,2.888736559139785,89.55083333333333
jamtland,2010-11-01,2,1.2429074074074073,37.28722222222222
jamtland,2010-12-01,0,0.6880645161290322,21.33
jamtland,2011-01-01,0,0.7161111111111111,22.199444444444445
jamtland,2011-02-01,8,3.353134920634921,93.88777777777779
jamtland,2011-03-01,18,6.143351254480287,190.4438888888889
jamtland,2011-04-01,17,6.994768518518518,209.84305555555557
jamtland,2011-05-01,17,7.05915770609319,218.83388888888888
jamtland,2011-06-01,19,7.933694444444445,238.01083333333335
jamtland,2011-07-01,17,7.529283154121863,233.40777777777777
jamtland,2011-08-01,16,5.9722759856630825,185.14055555555555
jamtland,2011-09-01,8,3.3846203703703703,101.53861111111111
jamtland,2011-10-01,7,3.3822759856630826,104.85055555555556
jamtland,2011-11-01,3,2.250472222222222,67.51416666666667
jamtland,2011-12-01,0,0.6189964157706094,19.18888888888889
jamtland,2012-01-01,0,1.5485125448028674,48.00388888888889
jamtland,2012-02-01,5,3.0027586206896553,87.08
jamtland,2012-03-01,11,4.0774551971326165,126.4011111111111
jamtland,2012-04-01,15,5.778092592592592,173.34277777777777
jamtland,2012-05-01,18,7.46396953405018,231.38305555555556
jamtland,2012-06-01,17,7.904333333333333,237.13
jamtland,2012-07-01,15,6.489991039426523,201.18972222222223
jamtland,2012-08-01,13,5.931666666666667,183.88166666666666
jamtland,2012-09-01,6,3.7716574074074076,113.14972222222222
jamtland,2012-10-01,3,1.8673118279569894,57.88666666666667
jamtland,2012-11-01,0,1.1450648148148148,34.35194444444444
jamtland,2012-12-01,0,0.23081541218637994,7.155277777777778
jamtland,2013-01-01,0,1.402715053763441,43.48416666666667
jamtland,2013-02-01,0,1.5933035714285713,44.6125
jamtland,2013-03-01,25,8.291514336917562,257.03694444444443
jamtland,2013-04-01,19,7.552240740740741,226.56722222222223
jamtland,2013-05-01,22,9.325940860215054,289.1041666666667
jamtland,2013-06-01,16,7.428481481481482,222.85444444444445
jamtland,2013-07-01,15,7.087356630824372,219.70805555555555
jamtland,2013-08-01,16,7.178799283154122,222.5427777777778
jamtland,2013-09-01,13,5.029259259259259,150.87777777777777
jamtland,2013-10-01,9,3.7045519713261648,114.8411111111111
jamtland,2013-11-01,0,1.4339537037037038,43.01861111111111
jamtland,2013-12-01,0,0.7387992831541219,22.90277777777778
jamtland,2014-01-01,2,1.220905017921147,37.848055555555554
jamtland,2014-02-01,2,1.661736111111111,46.52861111111111
jamtland,2014-03-01,10,4.641209677419355,143.8775
jamtland,2014-04-01,15,7.219120370370371,216.57361111111112
jamtland,2014-05-01,18,7.290143369175627,225.99444444444444
jamtland,2014-06-01,16,7.649555555555556,229.48666666666668
jamtland,2014-07-01,26,12.57568100358423,389.8461111111111
jamtland,2014-08-01,17,6.757123655913978,209.47083333333333
jamtland,2014-09-01,13,5.692120370370371,170.76361111111112
jamtland,2014-10-01,4,2.0778763440860213,64.41416666666666
jamtland,2014-11-01,0,1.2976203703703704,38.92861111111111
jamtland,2014-12-01,0,0.6730197132616488,20.863611111111112
jamtland,2015-01-01,0,0.9301881720430107,28.835833333333333
jamtland,2015-02-01,4,2.592361111111111,72.58611111111111
jamtland,2015-03-01,16,6.003879928315412,186.12027777777777
jamtland,2015-04-01,16,6.52612037037037,195.7836111111111
jamtland,2015-05-01,13,5.893691756272402,182.70444444444445
jamtland,2015-06-01,18,7.212194444444445,216.36583333333334
jamtland,2015-07-01,15,6.926693548387097,214.7275
jamtland,2015-08-01,21,9.129310035842295,283.0086111111111
jamtland,2015-09-01,7,3.9207685185185186,117.62305555555555
jamtland,2015-10-01,6,3.588405017921147,111.24055555555556
jamtland,2015-11-01,0,1.3312777777777778,39.93833333333333
jamtland,2015-12-01,0,0.7706003584229391,23.88861111111111
jamtland,2016-01-01,0,0.5223387096774194,16.1925
jamtland,2016-02-01,3,1.998448275862069,57.955
jamtland,2016-03-01,4,2.5710215053763443,79.70166666666667
jamtland,2016-04-01,13,5.55737962962963,166.7213888888889
jamtland,2016-05-01,22,8.856505376344087,274.5516666666667
jamtland,2016-06-01,21,8.842722222222221,265.28166666666664
jamtland,2016-07-01,21,9.321827956989248,288.9766666666667
jamtland,2016-08-01,14,5.919372759856631,183.50055555555556
jamtland,2016-09-01,9,4.686953703703704,140.60861111111112
jamtland,2016-10-01,6,2.5611290322580644,79.395
jamtland,2016-11-01,0,0.9515462962962963,28.546388888888888
jamtland,2016-12-01,0,0.7988172043010754,24.763333333333335
jamtland,2017-01-01,0,0.7797849462365591,24.173333333333332
jamtland,2017-02-01,3,1.718611111111111,48.12111111111111
jamtland,2017-03-01,12,4.322204301075269,133.98833333333334
jamtland,2017-04-01,14,6.023527777777777,180.70583333333332
jamtland,2017-05-01,19,7.996792114695341,247.90055555555557
jamtland,2017-06-01,15,7.587129629629629,227.61388888888888
jamtland,2017-07-01,14,5.921962365591399,183.58083333333335
jamtland,2017-08-01,16,6.050448028673835,187.5638888888889
jamtland,2017-09-01,5,2.7028055555555555,81.08416666666666
jamtland,2017-10-01,3,1.7763888888888888,55.06805555555555
jamtland,2017-11-01,1,1.8440833333333333,55.3225
jamtland,2017-12-01,0,0.42912186379928313,13.302777777777777
jamtland,2018-01-01,0,0.6945161290322581,21.53
jamtland,2018-02-01,3,2.279613095238095,63.829166666666666
jamtland,2018-03-01,12,5.338405017921146,165.49055555555555
jamtland,2018-04-01,17,7.214203703703704,216.4261111111111
jamtland,2018-05-01,25,11.71568100358423,363.18611111111113
jamtland,2018-06-01,20,8.922481481481482,267.6744444444445
jamtland,2018-07-01,29,11.773808243727599,364.98805555555555
jamtland,2018-08-01,19,6.596155913978495,204.48083333333335
jamtland,2018-09-01,10,4.3994629629629625,131.98388888888888
jamtland,2018-10-01,7,3.3201792114695343,102.92555555555556
jamtland,2018-11-01,0,2.0118888888888886,60.35666666666666
jamtland,2018-12-01,0,0.4856362007168458,15.054722222222221
jamtland,2019-01-01,1,1.021747311827957,31.674166666666668
jamtland,2019-02-01,3,2.354345238095238,65.92166666666667
jamtland,2019-03-01,8,3.6592652329749105,113.43722222222222
jamtland,2019-04-01,24,10.407722222222223,312.2316666666667
jamtland,2019-05-01,12,5.659408602150537,175.44166666666666
jamtland,2019-06-01,17,6.962944444444444,208.88833333333332
jamtland,2019-07-01,23,8.830367383512545,273.7413888888889
jamtland,2019-08-01,15,6.874345878136201,213.10472222222222
jamtland,2019-09-01,5,3.0612962962962964,91.83888888888889
jamtland,2019-10-01,4,1.6469623655913979,51.05583333333333
jamtland,2019-11-01,1,0.6534074074074073,19.60222222222222
jamtland,2019-12-01,0,0.725421146953405,22.488055555555555
jamtland,2020-01-01,0,0.9373476702508962,29.05777777777778
jamtland,2020-02-01,8,3.570507662835249,103.54472222222222
jamtland,2020-03-01,12,4.932625448028674,152.9113888888889
jamtland,2020-04-01,16,5.8512407407407405,175.53722222222223
jamtland,2020-05-01,20,8.240985663082437,255.47055555555556
jamtland,2020-06-01,26,13.425787037037036,402.7736111111111
jamtland,2020-07-01,19,6.205089605734767,192.35777777777778
jamtland,2020-08-01,24,8.37233870967742,259.5425
jamtland,2020-09-01,9,4.127805555555556,123.83416666666668
jamtland,2020-10-01,2,1.7617473118279572,54.61416666666667
jamtland,2020-11-01,0,1.3939722222222222,41.81916666666667
jamtland,2020-12-01,0,0.2683243727598566,8.318055555555555
jamtland,2021-01-01,0,0.39200716845878136,12.152222222222223
jamtland,2021-02-01,4,2.3187797619047616,64.92583333333333
jamtland,2021-03-01,6,3.1780017921146952,98.51805555555555
jamtland,2021-04-01,19,7.480259259259259,224.40777777777777
jamtland,2021-05-01,18,7.481424731182796,231.92416666666668
jamtland,2021-06-01,20,9.108675925925926,273.2602777777778
jamtland,2021-07-01,25,10.626639784946237,329.42583333333334
jamtland,2021-08-01,16,6.45421146953405,200.08055555555555
jamtland,2021-09-01,8,3.4085462962962962,102.25638888888889
jamtland,2021-10-01,2,2.1741666666666664,67.39916666666666
jamtland,2021-11-01,1,1.0834537037037038,32.50361111111111
jamtland,2021-12-01,0,0.3485215053763441,10.804166666666667
jamtland,2022-01-01,0,1.1832974910394265,36.68222222222222
jamtland,2022-02-01,5,2.8583035714285714,80.0325
jamtland,2022-03-01,16,5.823915770609319,180.5413888888889
jamtland,2022-04-01,16,6.973740740740741,209.21222222222224
jamtland,2022-05-01,21,7.142455197132617,221.41611111111112
jamtland,2022-06-01,18,8.375555555555556,251.26666666666665
jamtland,2022-07-01,10,5.885887096774193,182.4625
jamtland,2022-08-01,14,6.679534050179211,207.06555555555556
jamtland,2022-09-01,13,5.419787037037037,162.5936111111111
jamtland,2022-10-01,1,2.503548387096774,77.61
jamtland,2022-11-01,2,1.197148148148148,35.91444444444444
jamtland,2022-12-01,0,0.895331541218638,27.755277777777778
jamtland,2023-01-01,1,1.282258064516129,39.75
jamtland,2023-02-01,5,3.016081349206349,84.45027777777777
jamtland,2023-03-01,20,7.176666666666667,222.47666666666666
jamtland,2023-04-01,16,7.37125925925926,221.13777777777779
jamtland,2023-05-01,21,9.149112903225806,283.6225
jamtland,2023-06-01,21,9.202546296296298,276.0763888888889
jamtland,2023-07-01,14,6.944301075268817,215.27333333333334
jamtland,2023-08-01,12,5.381272401433693,166.81944444444446
jamtland,2023-09-01,10,4.498416666666667,134.95250000000001
jamtland,2023-10-01,2,1.9473118279569892,60.36666666666667
jamtland,2023-11-01,0,0.28874074074074074,8.662222222222223
jamtland,2023-12-01,0,0.26023297491039427,8.067222222222222
jamtland,2024-01-01,0,0.35873655913978497,11.120833333333334
jamtland,2024-02-01,4,2.7982662835249044,81.14972222222222
jamtland,2024-03-01,9,3.555430107526882,110.21833333333333
jamtland,2024-04-01,16,6.646249999999999,199.3875
jamtland,2024-05-01,27,12.431980286738352,385.3913888888889
jamtland,2024-06-01,19,8.67862962962963,260.3588888888889
jamtland,2024-07-01,20,6.6843010752688174,207.21333333333334
jamtland,2024-08-01,15,5.4991845878136205,170.47472222222223
jamtland,2024-09-01,8,4.987638888888889,149.62916666666666
jamtland,2024-10-01,5,2.5691308243727597,79.64305555555555
jamtland,2024-11-01,0,1.004388888888889,30.131666666666668
jamtland,2024-12-01,0,0.6939695340501792,21.513055555555557
jamtland,2025-01-01,0,0.9457974910394265,29.31972222222222
jamtland,2025-02-01,10,4.045575396825397,113.2761111111111
jamtland,2025-03-01,8,3.5190501792114697,109.09055555555555
jamtland,2025-04-01,15,6.263888888888888,187.91666666666666
jamtland,2025-05-01,12,6.336433691756272,196.42944444444444
jamtland,2025-06-01,15,7.269185185185185,218.07555555555555
jamtland,2025-07-01,24,11.898485663082438,368.85305555555556
jamtland,2025-08-01,14,5.905716845878136,183.07722222222222
jamtland,2025-09-01,9,4.6076296296296295,138.2288888888889
jamtland,2025-10-01,0,1.7008333333333334,52.725833333333334
jamtland,2025-11-01,2,1.6640648148148147,49.92194444444444
jamtland,2025-12-01,0,0.4493906810035842,13.931111111111111
jamtland,2026-01-01,0,1.1574014336917562,35.879444444444445
jamtland,2026-02-01,0,0.0,0.0
norrbotten,1983-01-01,0,0.1879569892473118,5.826666666666666
norrbotten,1983-02-01,1,1.4321428571428572,40.1
norrbotten,1983-03-01,12,3.924784946236559,121.66833333333334
norrbotten,1983-04-01,9,3.8858333333333333,116.575
norrbotten,1983-05-01,14,5.498602150537635,170.45666666666668
norrbotten,1983-06-01,21,8.285055555555555,248.55166666666668
norrbotten,1983-07-01,20,8.422526881720431,261.09833333333336
norrbotten,1983-08-01,20,7.165645161290322,222.135
norrbotten,1983-09-01,5,2.5547222222222223,76.64166666666667
norrbotten,1983-10-01,2,2.311021505376344,71.64166666666667
norrbotten,1983-11-01,0,0.9346666666666666,28.04
norrbotten,1983-12-01,0,0.0,0.0
norrbotten,1984-01-01,0,0.11908602150537634,3.6916666666666664
norrbotten,1984-02-01,2,1.8244252873563218,52.90833333333333
norrbotten,1984-03-01,14,4.927204301075269,152.74333333333334
norrbotten,1984-04-01,15,5.977111111111111,179.31333333333333
norrbotten,1984-05-01,24,10.315483870967741,319.78
norrbotten,1984-06-01,23,8.898777777777777,266.9633333333333
norrbotten,1984-07-01,10,4.981290322580644,154.42
norrbotten,1984-08-01,15,6.282795698924731,194.76666666666665
norrbotten,1984-09-01,8,3.0662777777777777,91.98833333333333
norrbotten,1984-10-01,3,0.9373655913978495,29.058333333333334
norrbotten,1984-11-01,0,0.7073333333333333,21.22
norrbotten,1984-12-01,0,0.0660752688172043,2.0483333333333333
norrbotten,1985-01-01,0,0.8519892473118279,26.411666666666665
norrbotten,1985-02-01,6,3.4616666666666664,96.92666666666666
norrbotten,1985-03-01,11,3.681397849462366,114.12333333333333
norrbotten,1985-04-01,19,7.958333333333333,238.75
norrbotten,1985-05-01,16,7.069569892473118,219.15666666666667
norrbotten,1985-06-01,18,8.958944444444445,268.7683333333333
norrbotten,1985-07-01,18,8.86478494623656,274.80833333333334
norrbotten,1985-08-01,10,5.176397849462366,160.46833333333333
norrbotten,1985-09-01,8,3.9802222222222223,119.40666666666667
norrbotten,1985-10-01,9,3.3198387096774193,102.915
norrbotten,1985-11-01,0,0.8536666666666667,25.61
norrbotten,1985-12-01,0,0.1085483870967742,3.365
norrbotten,1986-01-01,0,0.4350537634408603,13.486666666666668
norrbotten,1986-02-01,9,3.8103571428571428,106.69
norrbotten,1986-03-01,4,2.035268817204301,63.093333333333334
norrbotten,1986-04-01,16,6.685333333333333,200.56
norrbotten,1986-05-01,13,6.199838709677419,192.195
norrbotten,1986-06-01,27,12.542388888888889,376.27166666666665
norrbotten,1986-07-01,22,9.418333333333335,291.96833333333336
norrbotten,1986-08-01,8,3.9468279569892477,122.35166666666667
norrbotten,1986-09-01,9,4.080555555555556,122.41666666666667
norrbotten,1986-10-01,9,3.22994623655914,100.12833333333333
norrbotten,1986-11-01,1,1.4108333333333334,42.325
norrbotten,1986-12-01,0,0.2678494623655914,8.303333333333333
norrbotten,1987-01-01,0,1.0267741935483872,31.830000000000002
norrbotten,1987-02-01,8,3.253214285714286,91.09
norrbotten,1987-03-01,12,4.213279569892474,130.61166666666668
norrbotten,1987-04-01,23,8.095166666666666,242.855
norrbotten,1987-05-01,20,8.872688172043011,275.05333333333334
norrbotten,1987-06-01,17,8.394666666666668,251.84
norrbotten,1987-07-01,18,8.825591397849461,273.5933333333333
norrbotten,1987-08-01,14,5.469139784946236,169.54333333333332
norrbotten,1987-09-01,4,2.4088333333333334,72.265
norrbotten,1987-10-01,5,2.1370430107526883,66.24833333333333
norrbotten,1987-11-01,1,1.2372222222222222,37.11666666666667
norrbotten,1987-12-01,0,0.23064516129032256,7.1499999999999995
norrbotten,1988-01-01,0,0.3936021505376344,12.201666666666666
norrbotten,1988-02-01,1,1.500287356321839,43.50833333333333
norrbotten,1988-03-01,3,1.558010752688172,48.29833333333333
norrbotten,1988-04-01,24,9.939222222222222,298.1766666666667
norrbotten,1988-05-01,24,10.473763440860216,324.68666666666667
norrbotten,1988-06-01,21,11.421944444444446,342.65833333333336
norrbotten,1988-07-01,23,9.331935483870968,289.29
norrbotten,1988-08-01,12,4.58994623655914,142.28833333333333
norrbotten,1988-09-01,8,3.6884444444444444,110.65333333333334
norrbotten,1988-10-01,10,4.2992473118279575,133.27666666666667
norrbotten,1988-11-01,1,2.189722222222222,65.69166666666666
norrbotten,1988-12-01,0,0.34220430107526884,10.608333333333334
norrbotten,1989-01-01,0,0.5423118279569893,16.811666666666667
norrbotten,1989-02-01,5,2.542797619047619,71.19833333333334
norrbotten,1989-03-01,9,3.6175268817204302,112.14333333333333
norrbotten,1989-04-01,14,5.587722222222222,167.63166666666666
norrbotten,1989-05-01,20,9.334247311827957,289.3616666666667
norrbotten,1989-06-01,24,11.660222222222222,349.8066666666667
norrbotten,1989-07-01,20,9.27279569892473,287.45666666666665
norrbotten,1989-08-01,17,6.645268817204301,206.00333333333333
norrbotten,1989-09-01,17,5.6845,170.535
norrbotten,1989-10-01,9,3.0151075268817205,93.46833333333333
norrbotten,1989-11-01,0,1.24,37.2
norrbotten,1989-12-01,0,0.438494623655914,13.593333333333334
norrbotten,1990-01-01,0,0.5562903225806451,17.245
norrbotten,1990-02-01,5,2.1324404761904763,59.708333333333336
norrbotten,1990-03-01,14,5.298924731182796,164.26666666666665
norrbotten,1990-04-01,19,7.463777777777778,223.91333333333333
norrbotten,1990-05-01,23,9.635537634408601,298.70166666666665
norrbotten,1990-06-01,22,10.9255,327.765
norrbotten,1990-07-01,18,7.734516129032259,239.77
norrbotten,1990-08-01,17,6.404623655913978,198.54333333333332
norrbotten,1990-09-01,7,3.194611111111111,95.83833333333334
norrbotten,1990-10-01,5,2.416451612903226,74.91
norrbotten,1990-11-01,0,1.6243333333333334,48.730000000000004
norrbotten,1990-12-01,0,0.4231182795698925,13.116666666666667
norrbotten,1991-01-01,0,0.9979569892473118,30.936666666666667
norrbotten,1991-02-01,10,3.510357142857143,98.29
norrbotten,1991-03-01,10,3.7516129032258063,116.3
norrbotten,1991-04-01,17,7.799,233.97
norrbotten,1991-05-01,18,6.804139784946237,210.92833333333334
norrbotten,1991-06-01,18,8.101055555555556,243.03166666666667
norrbotten,1991-07-01,20,8.620752688172043,267.24333333333334
norrbotten,1991-08-01,19,7.105860215053763,220.28166666666667
norrbotten,1991-09-01,12,4.771944444444444,143.15833333333333
norrbotten,1991-10-01,7,2.563548387096774,79.47
norrbotten,1991-11-01,0,0.6475000000000001,19.425
norrbotten,1991-12-01,0,0.06897849462365592,2.1383333333333336
norrbotten,1992-01-01,0,1.1460752688172045,35.528333333333336
norrbotten,1992-02-01,2,1.6678735632183908,48.36833333333333
norrbotten,1992-03-01,7,2.931935483870968,90.89
norrbotten,1992-04-01,13,5.101388888888889,153.04166666666666
norrbotten,1992-05-01,24,9.742204301075269,302.0083333333333
norrbotten,1992-06-01,27,13.6125,408.375
norrbotten,1992-07-01,18,6.932258064516129,214.9
norrbotten,1992-08-01,8,3.3183870967741935,102.87
norrbotten,1992-09-01,5,2.4899444444444447,74.69833333333334
norrbotten,1992-10-01,7,3.6891397849462364,114.36333333333333
norrbotten,1992-11-01,0,0.5158333333333334,15.475
norrbotten,1992-12-01,0,0.0,0.0
norrbotten,1993-01-01,0,0.1508602150537634,4.676666666666666
norrbotten,1993-02-01,4,2.774583333333333,77.68833333333333
norrbotten,1993-03-01,13,4.894032258064517,151.715
norrbotten,1993-04-01,19,7.510888888888889,225.32666666666668
norrbotten,1993-05-01,22,8.975430107526883,278.23833333333334
norrbotten,1993-06-01,20,7.638222222222223,229.14666666666668
norrbotten,1993-07-01,18,9.031129032258063,279.965
norrbotten,1993-08-01,12,4.869032258064516,150.94
norrbotten,1993-09-01,10,4.925833333333333,147.775
norrbotten,1993-10-01,11,3.878548387096774,120.235
norrbotten,1993-11-01,0,0.7208888888888888,21.626666666666665
norrbotten,1993-12-01,0,0.04962365591397849,1.5383333333333333
norrbotten,1994-01-01,0,0.8001075268817205,24.803333333333335
norrbotten,1994-02-01,11,4.670654761904762,130.77833333333334
norrbotten,1994-03-01,11,4.216182795698924,130.70166666666665
norrbotten,1994-04-01,16,6.270944444444444,188.12833333333333
norrbotten,1994-05-01,24,9.910860215053765,307.2366666666667
norrbotten,1994-06-01,21,9.606777777777777,288.2033333333333
norrbotten,1994-07-01,27,12.48241935483871,386.955
norrbotten,1994-08-01,23,8.9144623655914,276.34833333333336
norrbotten,1994-09-01,16,6.030333333333333,180.91
norrbotten,1994-10-01,15,4.415215053763441,136.87166666666667
norrbotten,1994-11-01,0,1.8613333333333335,55.84
norrbotten,1994-12-01,0,0.10774193548387098,3.3400000000000003
norrbotten,1995-01-01,0,0.7986021505376344,24.756666666666668
norrbotten,1995-02-01,2,2.124404761904762,59.483333333333334
norrbotten,1995-03-01,9,3.8451075268817205,119.19833333333334
norrbotten,1995-04-01,19,6.935444444444444,208.06333333333333
norrbotten,1995-05-01,20,8.059838709677418,249.855
norrbotten,1995-06-01,21,9.990166666666665,299.705
norrbotten,1995-07-01,23,9.73252688172043,301.7083333333333
norrbotten,1995-08-01,25,9.311290322580644,288.65
norrbotten,1995-09-01,19,7.139833333333333,214.195
norrbotten,1995-10-01,8,3.5344623655913976,109.56833333333333
norrbotten,1995-11-01,1,2.533166666666667,75.995
norrbotten,1995-12-01,0,0.14048387096774195,4.355
norrbotten,1996-01-01,0,1.299032258064516,40.269999999999996
norrbotten,1996-02-01,7,3.557241379310345,103.16
norrbotten,1996-03-01,14,5.825698924731182,180.59666666666666
norrbotten,1996-04-01,14,6.1,183.0
norrbotten,1996-05-01,24,10.83,335.73
norrbotten,1996-06-01,19,9.369222222222222,281.07666666666665
norrbotten,1996-07-01,16,7.365806451612904,228.34
norrbotten,1996-08-01,23,10.168440860215055,315.2216666666667
norrbotten,1996-09-01,15,5.984944444444445,179.54833333333335
norrbotten,1996-10-01,5,2.2389247311827956,69.40666666666667
norrbotten,1996-11-01,0,1.5238888888888888,45.71666666666667
norrbotten,1996-12-01,0,0.10919354838709677,3.385
norrbotten,1997-01-01,0,0.8958064516129032,27.77
norrbotten,1997-02-01,3,2.3146428571428572,64.81
norrbotten,1997-03-01,16,5.808279569892473,180.05666666666667
norrbotten,1997-04-01,17,7.5264999999999995,225.795
norrbotten,1997-05-01,12,6.088709677419355,188.75
norrbotten,1997-06-01,24,12.445500000000001,373.365
norrbotten,1997-07-01,17,9.36510752688172,290.3183333333333
norrbotten,1997-08-01,27,10.311827956989248,319.6666666666667
norrbotten,1997-09-01,11,4.2988888888888885,128.96666666666667
norrbotten,1997-10-01,4,2.2656451612903226,70.235
norrbotten,1997-11-01,3,1.1877222222222223,35.63166666666667
norrbotten,1997-12-01,0,0.09043010752688171,2.8033333333333332
norrbotten,1998-01-01,0,0.6479569892473118,20.086666666666666
norrbotten,1998-02-01,2,1.8345833333333332,51.36833333333333
norrbotten,1998-03-01,10,4.251236559139785,131.78833333333333
norrbotten,1998-04-01,17,7.416722222222222,222.50166666666667
norrbotten,1998-05-01,18,7.690967741935483,238.42
norrbotten,1998-06-01,17,8.279722222222222,248.39166666666668
norrbotten,1998-07-01,15,7.2145698924731185,223.65166666666667
norrbotten,1998-08-01,4,2.586720430107527,80.18833333333333
norrbotten,1998-09-01,10,4.384944444444445,131.54833333333335
norrbotten,1998-10-01,7,2.2829569892473116,70.77166666666666
norrbotten,1998-11-01,0,0.6007777777777777,18.023333333333333
norrbotten,1998-12-01,0,0.0389247311827957,1.2066666666666668
norrbotten,1999-01-01,0,0.08908602150537634,2.7616666666666667
norrbotten,1999-02-01,1,1.2844642857142858,35.965
norrbotten,1999-03-01,11,3.9170967741935487,121.43
norrbotten,1999-04-01,17,7.383444444444445,221.50333333333333
norrbotten,1999-05-01,24,10.086344086021505,312.6766666666667
norrbotten,1999-06-01,19,10.090444444444444,302.7133333333333
norrbotten,1999-07-01,23,9.050483870967742,280.565
norrbotten,1999-08-01,18,6.981935483870967,216.44
norrbotten,1999-09-01,13,5.573611111111111,167.20833333333334
norrbotten,1999-10-01,5,2.478440860215054,76.83166666666666
norrbotten,1999-11-01,0,0.9795555555555555,29.386666666666667
norrbotten,1999-12-01,0,0.02655913978494624,0.8233333333333334
norrbotten,2000-01-01,0,1.8376881720430107,56.968333333333334
norrbotten,2000-02-01,3,2.116896551724138,61.39
norrbotten,2000-03-01,17,6.3149999999999995,195.765
norrbotten,2000-04-01,14,5.572333333333333,167.17
norrbotten,2000-05-01,19,8.136344086021506,252.22666666666666
norrbotten,2000-06-01,23,8.020444444444445,240.61333333333334
norrbotten,2000-07-01,17,7.660698924731182,237.48166666666665
norrbotten,2000-08-01,17,6.6288709677419355,205.495
norrbotten,2000-09-01,17,6.835944444444444,205.07833333333332
norrbotten,2000-10-01,4,1.94,60.14
norrbotten,2000-11-01,0,0.1848888888888889,5.546666666666667
norrbotten,2000-12-01,0,0.020591397849462366,0.6383333333333333
norrbotten,2001-01-01,0,1.0879032258064516,33.725
norrbotten,2001-02-01,7,3.3356547619047623,93.39833333333334
norrbotten,2001-03-01,14,5.683709677419355,176.195
norrbotten,2001-04-01,15,6.843277777777777,205.29833333333332
norrbotten,2001-05-01,22,9.111774193548388,282.46500000000003
norrbotten,2001-06-01,21,9.105944444444445,273.17833333333334
norrbotten,2001-07-01,22,9.141774193548386,283.395
norrbotten,2001-08-01,13,6.51268817204301,201.89333333333332
norrbotten,2001-09-01,8,3.7143333333333337,111.43
norrbotten,2001-10-01,7,2.4086559139784947,74.66833333333334
norrbotten,2001-11-01,0,1.9455555555555555,58.36666666666667
norrbotten,2001-12-01,0,0.0503763440860215,1.5616666666666665
norrbotten,2002-01-01,0,1.1078494623655915,34.343333333333334
norrbotten,2002-02-01,3,2.1002976190476192,58.80833333333334
norrbotten,2002-03-01,16,5.458118279569892,169.20166666666665
norrbotten,2002-04-01,15,6.313833333333333,189.415
norrbotten,2002-05-01,22,10.61247311827957,328.9866666666667
norrbotten,2002-06-01,24,10.622777777777777,318.68333333333334
norrbotten,2002-07-01,22,9.540698924731183,295.76166666666666
norrbotten,2002-08-01,25,10.491612903225807,325.24
norrbotten,2002-09-01,10,4.916277777777778,147.48833333333334
norrbotten,2002-10-01,6,2.424193548387097,75.15
norrbotten,2002-11-01,1,1.3746111111111112,41.23833333333334
norrbotten,2002-12-01,0,0.15510752688172044,4.808333333333334
norrbotten,2003-01-01,0,0.8104838709677419,25.125
norrbotten,2003-02-01,6,2.654464285714286,74.325
norrbotten,2003-03-01,10,3.654677419354839,113.295
norrbotten,2003-04-01,18,7.968555555555556,239.05666666666667
norrbotten,2003-05-01,18,7.848870967741935,243.315
norrbotten,2003-06-01,25,9.126277777777778,273.78833333333336
norrbotten,2003-07-01,23,11.676935483870968,361.985
norrbotten,2003-08-01,15,5.685215053763441,176.24166666666667
norrbotten,2003-09-01,15,5.808388888888889,174.25166666666667
norrbotten,2003-10-01,5,2.5196774193548386,78.11
norrbotten,2003-11-01,3,1.6481111111111109,49.44333333333333
norrbotten,2003-12-01,0,0.23451612903225807,7.2700000000000005
norrbotten,2004-01-01,0,0.529731182795699,16.421666666666667
norrbotten,2004-02-01,9,3.281264367816092,95.15666666666667
norrbotten,2004-03-01,15,4.825322580645161,149.585
norrbotten,2004-04-01,20,8.255055555555556,247.65166666666667
norrbotten,2004-05-01,19,7.314516129032258,226.75
norrbotten,2004-06-01,20,8.614777777777778,258.4433333333333
norrbotten,2004-07-01,20,8.87252688172043,275.04833333333335
norrbotten,2004-08-01,17,7.097795698924731,220.03166666666667
norrbotten,2004-09-01,11,4.043111111111111,121.29333333333334
norrbotten,2004-10-01,10,3.3455913978494625,103.71333333333334
norrbotten,2004-11-01,1,2.046222222222222,61.38666666666667
norrbotten,2004-12-01,0,0.2976344086021505,9.226666666666667
norrbotten,2005-01-01,0,0.3779032258064516,11.715
norrbotten,2005-02-01,7,2.9458333333333333,82.48333333333333
norrbotten,2005-03-01,17,5.879462365591397,182.26333333333332
norrbotten,2005-04-01,18,8.3705,251.115
norrbotten,2005-05-01,19,8.38768817204301,260.0183333333333
norrbotten,2005-06-01,18,7.0775,212.325
norrbotten,2005-07-01,22,10.924032258064516,338.645
norrbotten,2005-08-01,18,7.258172043010752,225.00333333333333
norrbotten,2005-09-01,18,6.066999999999999,182.01
norrbotten,2005-10-01,9,3.132849462365592,97.11833333333334
norrbotten,2005-11-01,0,0.7511111111111111,22.53333333333333
norrbotten,2005-12-01,0,0.026827956989247313,0.8316666666666667
norrbotten,2006-01-01,0,0.6423118279569893,19.91166666666667
norrbotten,2006-02-01,6,3.166547619047619,88.66333333333333
norrbotten,2006-03-01,19,6.870430107526881,212.98333333333332
norrbotten,2006-04-01,13,5.118388888888889,153.55166666666668
norrbotten,2006-05-01,21,8.92489247311828,276.6716666666667
norrbotten,2006-06-01,26,11.617444444444443,348.5233333333333
norrbotten,2006-07-01,29,12.88795698924731,399.52666666666664
norrbotten,2006-08-01,24,10.760860215053762,333.58666666666664
norrbotten,2006-09-01,9,3.898,116.94
norrbotten,2006-10-01,5,2.01741935483871,62.54
norrbotten,2006-11-01,2,0.9208888888888889,27.626666666666665
norrbotten,2006-12-01,0,0.07005376344086021,2.171666666666667
norrbotten,2007-01-01,0,1.4686559139784947,45.528333333333336
norrbotten,2007-02-01,6,2.816845238095238,78.87166666666667
norrbotten,2007-03-01,16,5.656612903225807,175.35500000000002
norrbotten,2007-04-01,19,8.345277777777778,250.35833333333335
norrbotten,2007-05-01,17,7.439569892473118,230.62666666666667
norrbotten,2007-06-01,21,11.072444444444445,332.17333333333335
norrbotten,2007-07-01,20,8.365645161290322,259.335
norrbotten,2007-08-01,15,7.070483870967742,219.185
norrbotten,2007-09-01,11,4.6795,140.385
norrbotten,2007-10-01,9,3.1549462365591396,97.80333333333333
norrbotten,2007-11-01,0,0.8073888888888889,24.221666666666668
norrbotten,2007-12-01,0,0.02741935483870968,0.8500000000000001
norrbotten,2008-01-01,0,0.8231810035842293,25.51861111111111
norrbotten,2008-02-01,5,2.4710536398467435,71.66055555555556
norrbotten,2008-03-01,9,3.746263440860215,116.13416666666666
norrbotten,2008-04-01,14,5.7732777777777775,173.19833333333332
norrbotten,2008-05-01,23,9.637571684587813,298.7647222222222
norrbotten,2008-06-01,19,9.398425925925926,281.9527777777778
norrbotten,2008-07-01,21,9.260313620071683,287.0697222222222
norrbotten,2008-08-01,17,5.752732974910394,178.3347222222222
norrbotten,2008-09-01,14,5.304009259259259,159.12027777777777
norrbotten,2008-10-01,10,3.2314964157706094,100.1763888888889
norrbotten,2008-11-01,3,1.6602037037037038,49.806111111111115
norrbotten,2008-12-01,0,0.08768817204301076,2.7183333333333333
norrbotten,2009-01-01,0,0.5343996415770609,16.566388888888888
norrbotten,2009-02-01,9,3.4059821428571433,95.3675
norrbotten,2009-03-01,12,4.4440501792114695,137.76555555555555
norrbotten,2009-04-01,16,7.112824074074074,213.38472222222222
norrbotten,2009-05-01,21,9.928637992831542,307.78777777777776
norrbotten,2009-06-01,23,10.531277777777778,315.93833333333333
norrbotten,2009-07-01,20,7.979390681003585,247.36111111111111
norrbotten,2009-08-01,22,8.90260752688172,275.98083333333335
norrbotten,2009-09-01,15,6.249888888888889,187.49666666666667
norrbotten,2009-10-01,14,4.32665770609319,134.1263888888889
norrbotten,2009-11-01,0,0.6218981481481481,18.656944444444445
norrbotten,2009-12-01,0,0.027768817204301074,0.8608333333333333
norrbotten,2010-01-01,0,0.39589605734767025,12.272777777777778
norrbotten,2010-02-01,7,3.280446428571428,91.85249999999999
norrbotten,2010-03-01,16,5.12910394265233,159.00222222222223
norrbotten,2010-04-01,18,6.87287037037037,206.1861111111111
norrbotten,2010-05-01,24,10.019820788530465,310.6144444444444
norrbotten,2010-06-01,24,10.316009259259259,309.48027777777776
norrbotten,2010-07-01,20,8.904784946236559,276.04833333333335
norrbotten,2010-08-01,15,6.648969534050179,206.11805555555557
norrbotten,2010-09-01,16,6.541722222222222,196.25166666666667
norrbotten,2010-10-01,6,2.953772401433692,91.56694444444445
norrbotten,2010-11-01,0,1.7081111111111111,51.24333333333333
norrbotten,2010-12-01,0,0.11793906810035842,3.656111111111111
norrbotten,2011-01-01,0,0.6533870967741935,20.255
norrbotten,2011-02-01,11,4.145595238095238,116.07666666666667
norrbotten,2011-03-01,23,7.520367383512545,233.1313888888889
norrbotten,2011-04-01,21,7.823601851851851,234.70805555555555
norrbotten,2011-05-01,18,8.004910394265233,248.15222222222224
norrbotten,2011-06-01,25,12.925777777777776,387.7733333333333
norrbotten,2011-07-01,24,10.877508960573477,337.2027777777778
norrbotten,2011-08-01,15,6.615752688172043,205.08833333333334
norrbotten,2011-09-01,7,2.741833333333333,82.255
norrbotten,2011-10-01,8,3.207795698924731,99.44166666666666
norrbotten,2011-11-01,0,1.3582314814814815,40.746944444444445
norrbotten,2011-12-01,0,0.0735304659498208,2.2794444444444446
norrbotten,2012-01-01,0,0.1688799283154122,5.235277777777778
norrbotten,2012-02-01,6,3.248917624521073,94.21861111111112
norrbotten,2012-03-01,18,5.6661648745519715,175.6511111111111
norrbotten,2012-04-01,16,6.7643148148148144,202.92944444444444
norrbotten,2012-05-01,23,9.746254480286737,302.13388888888886
norrbotten,2012-06-01,14,6.842472222222223,205.27416666666667
norrbotten,2012-07-01,23,9.109050179211469,282.38055555555553
norrbotten,2012-08-01,20,8.242491039426524,255.51722222222222
norrbotten,2012-09-01,12,4.7453611111111105,142.36083333333332
norrbotten,2012-10-01,5,2.0906810035842294,64.81111111111112
norrbotten,2012-11-01,0,0.9462592592592592,28.387777777777778
norrbotten,2012-12-01,0,0.0,0.0
norrbotten,2013-01-01,0,1.0499641577060932,32.54888888888889
norrbotten,2013-02-01,5,2.6835515873015874,75.13944444444445
norrbotten,2013-03-01,23,7.932921146953405,245.92055555555555
norrbotten,2013-04-01,19,8.273148148148147,248.19444444444443
norrbotten,2013-05-01,25,11.48967741935484,356.18
norrbotten,2013-06-01,21,9.211509259259259,276.34527777777777
norrbotten,2013-07-01,19,8.727598566308243,270.55555555555554
norrbotten,2013-08-01,22,9.214184587813621,285.63972222222225
norrbotten,2013-09-01,8,3.5664907407407407,106.99472222222222
norrbotten,2013-10-01,8,3.431012544802867,106.36138888888888
norrbotten,2013-11-01,0,1.458037037037037,43.74111111111111
norrbotten,2013-12-01,0,0.06018817204301075,1.8658333333333332
norrbotten,2014-01-01,0,0.7612365591397849,23.598333333333333
norrbotten,2014-02-01,0,0.6437103174603175,18.02388888888889
norrbotten,2014-03-01,13,5.443252688172043,168.74083333333334
norrbotten,2014-04-01,25,8.909037037037036,267.2711111111111
norrbotten,2014-05-01,23,9.371137992831542,290.5052777777778
norrbotten,2014-06-01,24,10.977796296296297,329.3338888888889
norrbotten,2014-07-01,25,13.138978494623656,407.30833333333334
norrbotten,2014-08-01,19,7.639175627240143,236.81444444444443
norrbotten,2014-09-01,16,7.0353518518518525,211.06055555555557
norrbotten,2014-10-01,6,2.3289605734767025,72.19777777777777
norrbotten,2014-11-01,2,1.2353703703703702,37.06111111111111
norrbotten,2014-12-01,0,0.05698028673835126,1.766388888888889
norrbotten,2015-01-01,0,0.3820250896057348,11.842777777777778
norrbotten,2015-02-01,2,2.038402777777778,57.07527777777778
norrbotten,2015-03-01,16,5.87155017921147,182.01805555555555
norrbotten,2015-04-01,18,6.8462499999999995,205.3875
norrbotten,2015-05-01,11,5.899901433691756,182.89694444444444
norrbotten,2015-06-01,20,9.067138888888888,272.01416666666665
norrbotten,2015-07-01,16,7.035304659498207,218.09444444444443
norrbotten,2015-08-01,24,9.815716845878136,304.2872222222222
norrbotten,2015-09-01,13,5.970083333333333,179.1025
norrbotten,2015-10-01,17,5.102616487455197,158.1811111111111
norrbotten,2015-11-01,0,0.8429166666666668,25.2875
norrbotten,2015-12-01,0,0.12344982078853046,3.8269444444444445
norrbotten,2016-01-01,0,0.5671863799283154,17.58277777777778
norrbotten,2016-02-01,3,2.0008333333333335,58.024166666666666
norrbotten,2016-03-01,15,4.7713440860215055,147.91166666666666
norrbotten,2016-04-01,16,6.516194444444445,195.48583333333335
norrbotten,2016-05-01,24,10.731075268817206,332.66333333333336
norrbotten,2016-06-01,21,9.746222222222222,292.38666666666666
norrbotten,2016-07-01,23,10.175734767025089,315.4477777777778
norrbotten,2016-08-01,16,6.610940860215054,204.93916666666667
norrbotten,2016-09-01,14,5.370527777777778,161.11583333333334
norrbotten,2016-10-01,11,3.368073476702509,104.41027777777778
norrbotten,2016-11-01,0,0.48707407407407405,14.612222222222222
norrbotten,2016-12-01,0,0.13724910394265233,4.254722222222222
norrbotten,2017-01-01,0,0.7672222222222222,23.78388888888889
norrbotten,2017-02-01,6,2.03921626984127,57.098055555555554
norrbotten,2017-03-01,17,6.058198924731183,187.80416666666667
norrbotten,2017-04-01,17,6.708018518518518,201.24055555555555
norrbotten,2017-05-01,22,9.980958781362007,309.40972222222223
norrbotten,2017-06-01,22,11.748185185185184,352.44555555555553
norrbotten,2017-07-01,15,8.47899641577061,262.8488888888889
norrbotten,2017-08-01,18,7.01165770609319,217.36138888888888
norrbotten,2017-09-01,7,3.0391203703703704,91.17361111111111
norrbotten,2017-10-01,4,1.448673835125448,44.90888888888889
norrbotten,2017-11-01,0,1.3599259259259258,40.797777777777775
norrbotten,2017-12-01,0,0.1603494623655914,4.970833333333333
norrbotten,2018-01-01,0,0.38060035842293904,11.79861111111111
norrbotten,2018-02-01,6,3.4271626984126984,95.96055555555556
norrbotten,2018-03-01,12,4.771630824372759,147.92055555555555
norrbotten,2018-04-01,21,9.039287037037038,271.17861111111114
norrbotten,2018-05-01,27,12.60339605734767,390.7052777777778
norrbotten,2018-06-01,20,9.595018518518518,287.85055555555556
norrbotten,2018-07-01,29,13.809659498207886,428.09944444444443
norrbotten,2018-08-01,24,8.256066308243728,255.93805555555556
norrbotten,2018-09-01,16,6.482472222222222,194.47416666666666
norrbotten,2018-10-01,14,4.240600358422939,131.4586111111111
norrbotten,2018-11-01,0,1.629388888888889,48.88166666666667
norrbotten,2018-12-01,0,0.04228494623655914,1.3108333333333333
norrbotten,2019-01-01,0,0.8733691756272401,27.074444444444445
norrbotten,2019-02-01,7,3.007599206349206,84.21277777777777
norrbotten,2019-03-01,17,5.344605734767025,165.68277777777777
norrbotten,2019-04-01,23,10.075712962962964,302.2713888888889
norrbotten,2019-05-01,15,7.5267025089605735,233.32777777777778
norrbotten,2019-06-01,25,11.28200925925926,338.4602777777778
norrbotten,2019-07-01,24,11.957168458781362,370.6722222222222
norrbotten,2019-08-01,20,7.305994623655915,226.48583333333335
norrbotten,2019-09-01,14,5.092675925925926,152.78027777777777
norrbotten,2019-10-01,5,2.3198655913978494,71.91583333333334
norrbotten,2019-11-01,3,1.074490740740741,32.234722222222224
norrbotten,2019-12-01,0,0.09818100358422939,3.0436111111111113
norrbotten,2020-01-01,0,0.5524820788530466,17.126944444444444
norrbotten,2020-02-01,7,3.4000383141762454,98.60111111111111
norrbotten,2020-03-01,16,6.264901433691756,194.21194444444444
norrbotten,2020-04-01,17,7.305259259259259,219.15777777777777
norrbotten,2020-05-01,28,11.352634408602151,351.9316666666667
norrbotten,2020-06-01,25,13.629638888888888,408.88916666666665
norrbotten,2020-07-01,17,7.16560035842294,222.13361111111112
norrbotten,2020-08-01,24,9.268960573476702,287.3377777777778
norrbotten,2020-09-01,16,5.222833333333333,156.685
norrbotten,2020-10-01,4,1.7463709677419355,54.137499999999996
norrbotten,2020-11-01,3,2.4195462962962964,72.58638888888889
norrbotten,2020-12-01,0,0.08483870967741935,2.63
norrbotten,2021-01-01,0,0.41505376344086026,12.866666666666667
norrbotten,2021-02-01,5,3.3660714285714284,94.25
norrbotten,2021-03-01,14,5.234650537634409,162.27416666666667
norrbotten,2021-04-01,19,7.326768518518518,219.80305555555555
norrbotten,2021-05-01,20,8.749471326164874,271.2336111111111
norrbotten,2021-06-01,25,11.697092592592591,350.91277777777776
norrbotten,2021-07-01,28,13.11744623655914,406.6408333333333
norrbotten,2021-08-01,19,7.84513440860215,243.19916666666666
norrbotten,2021-09-01,11,4.194472222222222,125.83416666666666
norrbotten,2021-10-01,5,1.6106182795698925,49.92916666666667
norrbotten,2021-11-01,0,1.2716666666666667,38.15
norrbotten,2021-12-01,0,0.02259856630824373,0.7005555555555556
norrbotten,2022-01-01,0,0.8930555555555556,27.684722222222224
norrbotten,2022-02-01,4,2.5151686507936506,70.42472222222221
norrbotten,2022-03-01,17,5.3691039426523295,166.44222222222223
norrbotten,2022-04-01,20,8.108583333333334,243.2575
norrbotten,2022-05-01,21,9.138781362007169,283.3022222222222
norrbotten,2022-06-01,24,11.189824074074073,335.6947222222222
norrbotten,2022-07-01,23,9.811227598566308,304.1480555555556
norrbotten,2022-08-01,20,8.504722222222222,263.6463888888889
norrbotten,2022-09-01,8,3.77987962962963,113.3963888888889
norrbotten,2022-10-01,8,3.0382168458781362,94.18472222222222
norrbotten,2022-11-01,1,1.387861111111111,41.63583333333333
norrbotten,2022-12-01,0,0.0,0.0
norrbotten,2023-01-01,0,0.6607437275985663,20.483055555555556
norrbotten,2023-02-01,3,2.601607142857143,72.845
norrbotten,2023-03-01,16,6.266514336917563,194.26194444444445
norrbotten,2023-04-01,23,9.790046296296298,293.7013888888889
norrbotten,2023-05-01,28,11.49692652329749,356.40472222222223
norrbotten,2023-06-01,25,12.109222222222222,363.27666666666664
norrbotten,2023-07-01,17,7.350716845878137,227.87222222222223
norrbotten,2023-08-01,15,7.051075268817205,218.58333333333334
norrbotten,2023-09-01,8,4.347166666666666,130.415
norrbotten,2023-10-01,12,3.7428225806451616,116.0275
norrbotten,2023-11-01,0,0.7649259259259259,22.947777777777777
norrbotten,2023-12-01,0,0.024695340501792114,0.7655555555555555
norrbotten,2024-01-01,0,0.7571594982078854,23.471944444444446
norrbotten,2024-02-01,4,2.733045977011494,79.25833333333333
norrbotten,2024-03-01,12,4.261702508960574,132.11277777777778
norrbotten,2024-04-01,15,6.883259259259259,206.49777777777777
norrbotten,2024-05-01,27,12.70774193548387,393.94
norrbotten,2024-06-01,27,12.61573148148148,378.47194444444443
norrbotten,2024-07-01,21,8.75766129032258,271.4875
norrbotten,2024-08-01,18,7.738629032258065,239.8975
norrbotten,2024-09-01,16,6.406731481481482,192.20194444444445
norrbotten,2024-10-01,11,3.37163082437276,104.52055555555556
norrbotten,2024-11-01,0,1.5490370370370372,46.471111111111114
norrbotten,2024-12-01,0,0.0524820788530466,1.6269444444444445
norrbotten,2025-01-01,0,0.7464068100358423,23.13861111111111
norrbotten,2025-02-01,7,2.580337301587302,72.24944444444445
norrbotten,2025-03-01,17,5.8690949820788525,181.94194444444443
norrbotten,2025-04-01,25,9.105537037037037,273.1661111111111
norrbotten,2025-05-01,20,9.741084229390681,301.9736111111111
norrbotten,2025-06-01,17,8.345462962962964,250.3638888888889
norrbotten,2025-07-01,27,14.39668458781362,446.2972222222222
norrbotten,2025-08-01,18,7.434175627240143,230.45944444444444
norrbotten,2025-09-01,11,4.421805555555555,132.65416666666667
norrbotten,2025-10-01,8,2.97326164874552,92.17111111111112
norrbotten,2025-11-01,0,1.3127037037037037,39.38111111111111
norrbotten,2025-12-01,0,0.10348566308243728,3.2080555555555557
norrbotten,2026-01-01,0,0.5168548387096774,16.0225
norrbotten,2026-02-01,0,0.0,0.0
skane,1983-01-01,0,0.6041935483870968,18.73
skane,1983-02-01,7,3.296071428571428,92.28999999999999
skane,1983-03-01,6,2.1231720430107526,65.81833333333333
skane,1983-04-01,9,3.2025555555555556,96.07666666666667
skane,1983-05-01,7,3.2443548387096777,100.575
skane,1983-06-01,16,7.281499999999999,218.445
skane,1983-07-01,21,9.109784946236559,282.4033333333333
skane,1983-08-01,20,8.113548387096774,251.52
skane,1983-09-01,6,3.4354444444444443,103.06333333333333
skane,1983-10-01,4,2.3786021505376342,73.73666666666666
skane,1983-11-01,5,2.159666666666667,64.79
skane,1983-12-01,0,1.288763440860215,39.95166666666667
skane,1984-01-01,2,1.1547849462365591,35.79833333333333
skane,1984-02-01,3,0.9452873563218391,27.413333333333334
skane,1984-03-01,8,3.626989247311828,112.43666666666667
skane,1984-04-01,17,6.180777777777778,185.42333333333335
skane,1984-05-01,21,7.072150537634409,219.23666666666668
skane,1984-06-01,12,5.021944444444444,150.65833333333333
skane,1984-07-01,15,5.885698924731182,182.45666666666665
skane,1984-08-01,9,4.519193548387097,140.095
skane,1984-09-01,5,3.0894444444444447,92.68333333333334
skane,1984-10-01,3,2.1207526881720433,65.74333333333334
skane,1984-11-01,3,1.4557777777777778,43.67333333333333
skane,1984-12-01,0,0.6798387096774193,21.075
skane,1985-01-01,1,2.0990860215053764,65.07166666666667
skane,1985-02-01,10,3.4722619047619045,97.22333333333333
skane,1985-03-01,1,0.6181182795698925,19.16166666666667
skane,1985-04-01,5,3.142611111111111,94.27833333333334
skane,1985-05-01,21,8.054408602150538,249.68666666666667
skane,1985-06-01,12,5.839888888888889,175.19666666666666
skane,1985-07-01,14,6.596559139784946,204.49333333333334
skane,1985-08-01,14,5.492903225806452,170.28
skane,1985-09-01,8,3.239611111111111,97.18833333333333
skane,1985-10-01,8,3.1327419354838715,97.11500000000001
skane,1985-11-01,5,2.0487777777777776,61.46333333333333
skane,1985-12-01,0,0.2820967741935484,8.745000000000001
skane,1986-01-01,1,0.9882795698924731,30.636666666666667
skane,1986-02-01,11,4.15952380952381,116.46666666666667
skane,1986-03-01,7,2.746505376344086,85.14166666666667
skane,1986-04-01,10,4.0440000000000005,121.32000000000001
skane,1986-05-01,18,8.034301075268818,249.06333333333333
skane,1986-06-01,20,9.439722222222223,283.19166666666666
skane,1986-07-01,18,7.226666666666667,224.02666666666667
skane,1986-08-01,18,6.65994623655914,206.45833333333334
skane,1986-09-01,12,4.708222222222222,141.24666666666667
skane,1986-10-01,8,3.1132258064516125,96.50999999999999
skane,1986-11-01,3,1.7107777777777777,51.32333333333333
skane,1986-12-01,0,1.037204301075269,32.153333333333336
skane,1987-01-01,7,2.113279569892473,65.51166666666667
skane,1987-02-01,4,2.5635714285714286,71.78
skane,1987-03-01,13,5.074623655913978,157.31333333333333
skane,1987-04-01,15,5.0777222222222225,152.33166666666668
skane,1987-05-01,11,6.16510752688172,191.11833333333334
skane,1987-06-01,10,4.047555555555555,121.42666666666666
skane,1987-07-01,15,6.168010752688172,191.20833333333334
skane,1987-08-01,11,4.74510752688172,147.09833333333333
skane,1987-09-01,14,5.044611111111111,151.33833333333334
skane,1987-10-01,12,4.282311827956989,132.75166666666667
skane,1987-11-01,0,0.5072777777777778,15.218333333333334
skane,1987-12-01,0,1.2329032258064516,38.22
skane,1988-01-01,0,0.44005376344086017,13.641666666666666
skane,1988-02-01,2,1.2795402298850576,37.10666666666667
skane,1988-03-01,8,3.2845698924731184,101.82166666666667
skane,1988-04-01,14,5.813944444444444,174.41833333333332
skane,1988-05-01,23,10.23268817204301,317.2133333333333
skane,1988-06-01,16,6.945388888888889,208.36166666666668
skane,1988-07-01,13,5.668279569892473,175.71666666666667
skane,1988-08-01,11,5.097634408602151,158.02666666666667
skane,1988-09-01,9,4.2538888888888895,127.61666666666667
skane,1988-10-01,8,3.493440860215054,108.29666666666667
skane,1988-11-01,8,2.6902222222222223,80.70666666666666
skane,1988-12-01,4,1.409784946236559,43.70333333333333
skane,1989-01-01,2,1.4034408602150539,43.50666666666667
skane,1989-02-01,1,1.5162499999999999,42.455
skane,1989-03-01,5,2.5865053763440864,80.18166666666667
skane,1989-04-01,16,6.6585,199.755
skane,1989-05-01,23,10.143763440860214,314.45666666666665
skane,1989-06-01,20,9.387944444444445,281.6383333333333
skane,1989-07-01,19,8.046666666666667,249.44666666666666
skane,1989-08-01,15,6.13763440860215,190.26666666666665
skane,1989-09-01,15,6.2074444444444445,186.22333333333333
skane,1989-10-01,5,2.959301075268817,91.73833333333333
skane,1989-11-01,9,3.284777777777778,98.54333333333334
skane,1989-12-01,2,1.2228494623655914,37.90833333333333
skane,1990-01-01,0,0.43290322580645163,13.42
skane,1990-02-01,3,2.379345238095238,66.62166666666667
skane,1990-03-01,12,4.56763440860215,141.59666666666666
skane,1990-04-01,18,7.87,236.1
skane,1990-05-01,22,9.304354838709678,288.435
skane,1990-06-01,18,6.782111111111111,203.46333333333334
skane,1990-07-01,16,7.619247311827957,236.19666666666666
skane,1990-08-01,21,7.65252688172043,237.22833333333332
skane,1990-09-01,6,3.6014444444444447,108.04333333333334
skane,1990-10-01,9,3.4053763440860214,105.56666666666666
skane,1990-11-01,6,2.4202777777777778,72.60833333333333
skane,1990-12-01,1,1.3572043010752688,42.07333333333333
skane,1991-01-01,8,2.6040860215053763,80.72666666666666
skane,1991-02-01,3,1.7391666666666665,48.696666666666665
skane,1991-03-01,6,2.5613978494623657,79.40333333333334
skane,1991-04-01,13,5.369277777777778,161.07833333333332
skane,1991-05-01,20,7.407795698924731,229.64166666666665
skane,1991-06-01,5,3.403722222222222,102.11166666666666
skane,1991-07-01,15,8.299032258064516,257.27
skane,1991-08-01,14,6.15478494623656,190.79833333333335
skane,1991-09-01,12,5.257944444444445,157.73833333333334
skane,1991-10-01,8,3.594193548387097,111.42
skane,1991-11-01,0,1.1072777777777778,33.218333333333334
skane,1991-12-01,1,1.5068279569892473,46.711666666666666
skane,1992-01-01,6,1.980268817204301,61.388333333333335
skane,1992-02-01,4,1.475574712643678,42.791666666666664
skane,1992-03-01,8,2.8523655913978496,88.42333333333333
skane,1992-04-01,7,4.088388888888889,122.65166666666667
skane,1992-05-01,23,10.081397849462364,312.5233333333333
skane,1992-06-01,26,12.033277777777778,360.99833333333333
skane,1992-07-01,21,8.863817204301075,274.7783333333333
skane,1992-08-01,13,5.496666666666667,170.39666666666668
skane,1992-09-01,14,5.3453333333333335,160.36
skane,1992-10-01,6,2.64505376344086,81.99666666666667
skane,1992-11-01,2,1.6104999999999998,48.315
skane,1992-12-01,0,1.2621505376344087,39.126666666666665
skane,1993-01-01,3,2.1922043010752685,67.95833333333333
skane,1993-02-01,4,1.7516666666666667,49.04666666666667
skane,1993-03-01,7,3.4044623655913977,105.53833333333333
skane,1993-04-01,19,7.8568333333333324,235.70499999999998
skane,1993-05-01,22,9.51774193548387,295.05
skane,1993-06-01,20,8.550944444444443,256.5283333333333
skane,1993-07-01,9,4.85763440860215,150.58666666666667
skane,1993-08-01,11,5.118978494623656,158.68833333333333
skane,1993-09-01,6,2.7362222222222226,82.08666666666667
skane,1993-10-01,8,3.0946236559139786,95.93333333333334
skane,1993-11-01,0,0.7949444444444445,23.848333333333333
skane,1993-12-01,0,0.8863440860215054,27.476666666666667
skane,1994-01-01,1,0.9481182795698925,29.391666666666666
skane,1994-02-01,4,1.6325595238095238,45.711666666666666
skane,1994-03-01,5,3.1891397849462364,98.86333333333333
skane,1994-04-01,16,6.280055555555555,188.40166666666667
skane,1994-05-01,16,7.614516129032259,236.05
skane,1994-06-01,17,6.713444444444445,201.40333333333334
skane,1994-07-01,28,12.34478494623656,382.68833333333333
skane,1994-08-01,16,7.113118279569893,220.50666666666666
skane,1994-09-01,4,2.4765,74.295
skane,1994-10-01,7,3.2092473118279568,99.48666666666666
skane,1994-11-01,3,1.811388888888889,54.34166666666667
skane,1994-12-01,1,1.009247311827957,31.286666666666665
skane,1995-01-01,4,2.0356451612903226,63.105
skane,1995-02-01,3,1.7269642857142855,48.355
skane,1995-03-01,6,3.263387096774194,101.165
skane,1995-04-01,16,5.939222222222223,178.17666666666668
skane,1995-05-01,24,8.473655913978495,262.68333333333334
skane,1995-06-01,17,7.7459999999999996,232.38
skane,1995-07-01,24,9.341397849462364,289.5833333333333
skane,1995-08-01,26,10.441290322580645,323.68
skane,1995-09-01,7,3.638,109.14
skane,1995-10-01,9,3.501021505376344,108.53166666666667
skane,1995-11-01,7,2.5693333333333332,77.08
skane,1995-12-01,4,1.8189247311827959,56.38666666666667
skane,1996-01-01,2,1.2304301075268815,38.14333333333333
skane,1996-02-01,3,2.3174137931034484,67.205
skane,1996-03-01,10,3.991290322580645,123.73
skane,1996-04-01,20,8.29411111111111,248.82333333333332
skane,1996-05-01,9,4.006129032258064,124.19
skane,1996-06-01,14,6.55561111111111,196.66833333333332
skane,1996-07-01,14,6.274301075268817,194.50333333333333
skane,1996-08-01,22,8.932634408602151,276.9116666666667
skane,1996-09-01,16,6.013222222222223,180.39666666666668
skane,1996-10-01,6,2.543118279569893,78.83666666666667
skane,1996-11-01,2,1.1464444444444444,34.39333333333333
skane,1996-12-01,5,2.062043010752688,63.92333333333333
skane,1997-01-01,6,2.4480107526881723,75.88833333333334
skane,1997-02-01,6,2.7104166666666667,75.89166666666667
skane,1997-03-01,17,5.379462365591397,166.76333333333332
skane,1997-04-01,12,5.804722222222223,174.14166666666668
skane,1997-05-01,15,6.2246236559139785,192.96333333333334
skane,1997-06-01,18,8.229055555555556,246.87166666666667
skane,1997-07-01,24,8.559462365591397,265.3433333333333
skane,1997-08-01,25,9.904677419354838,307.045
skane,1997-09-01,12,5.2604444444444445,157.81333333333333
skane,1997-10-01,8,3.463387096774194,107.36500000000001
skane,1997-11-01,4,1.7267222222222223,51.80166666666667
skane,1997-12-01,2,0.9259677419354839,28.705000000000002
skane,1998-01-01,6,2.064247311827957,63.99166666666667
skane,1998-02-01,2,1.5194642857142857,42.545
skane,1998-03-01,14,5.13010752688172,159.03333333333333
skane,1998-04-01,6,3.653722222222222,109.61166666666666
skane,1998-05-01,18,8.751182795698924,271.28666666666663
skane,1998-06-01,15,6.324277777777778,189.72833333333332
skane,1998-07-01,9,4.394408602150538,136.22666666666666
skane,1998-08-01,9,4.365322580645161,135.325
skane,1998-09-01,5,3.089222222222222,92.67666666666666
skane,1998-10-01,3,2.0488172043010753,63.513333333333335
skane,1998-11-01,3,1.5408333333333333,46.225
skane,1998-12-01,2,1.6899462365591398,52.388333333333335
skane,1999-01-01,2,0.8721505376344086,27.03666666666667
skane,1999-02-01,5,2.0833333333333335,58.333333333333336
skane,1999-03-01,4,2.4673655913978494,76.48833333333333
skane,1999-04-01,15,6.141333333333334,184.24
skane,1999-05-01,19,7.098655913978495,220.05833333333334
skane,1999-06-01,17,7.453888888888889,223.61666666666667
skane,1999-07-01,19,8.648978494623655,268.11833333333334
skane,1999-08-01,14,6.648602150537634,206.10666666666665
skane,1999-09-01,17,6.84111111111111,205.23333333333332
skane,1999-10-01,7,3.071935483870968,95.23
skane,1999-11-01,4,1.546888888888889,46.406666666666666
skane,1999-12-01,2,1.15747311827957,35.88166666666667
skane,2000-01-01,4,1.91747311827957,59.44166666666667
skane,2000-02-01,6,2.2904597701149423,66.42333333333333
skane,2000-03-01,14,4.443602150537634,137.75166666666667
skane,2000-04-01,16,6.289277777777778,188.67833333333334
skane,2000-05-01,24,9.930913978494624,307.85833333333335
skane,2000-06-01,15,6.805499999999999,204.165
skane,2000-07-01,9,4.906989247311828,152.11666666666667
skane,2000-08-01,12,5.650215053763441,175.15666666666667
skane,2000-09-01,15,5.807611111111111,174.22833333333332
skane,2000-10-01,4,2.197204301075269,68.11333333333333
skane,2000-11-01,1,0.8936111111111111,26.808333333333334
skane,2000-12-01,0,0.7549462365591398,23.403333333333336
skane,2001-01-01,2,0.7318817204301075,22.688333333333333
skane,2001-02-01,11,3.731190476190476,104.47333333333333
skane,2001-03-01,13,4.348924731182795,134.81666666666666
skane,2001-04-01,6,3.587888888888889,107.63666666666667
skane,2001-05-01,19,9.13790322580645,283.275
skane,2001-06-01,19,7.982333333333333,239.47
skane,2001-07-01,23,9.163494623655914,284.0683333333333
skane,2001-08-01,16,6.357473118279569,197.08166666666665
skane,2001-09-01,2,2.356055555555556,70.68166666666667
skane,2001-10-01,2,1.664731182795699,51.60666666666667
skane,2001-11-01,7,3.035388888888889,91.06166666666667
skane,2001-12-01,1,0.8236021505376344,25.531666666666666
skane,2002-01-01,2,1.0305376344086021,31.94666666666667
skane,2002-02-01,7,2.5889285714285712,72.49
skane,2002-03-01,13,5.44758064516129,168.875
skane,2002-04-01,13,5.253444444444444,157.60333333333332
skane,2002-05-01,19,7.229139784946236,224.10333333333332
skane,2002-06-01,20,9.678333333333335,290.35
skane,2002-07-01,17,8.338225806451613,258.485
skane,2002-08-01,25,9.61225806451613,297.98
skane,2002-09-01,22,8.50388888888889,255.11666666666667
skane,2002-10-01,7,3.0783870967741933,95.42999999999999
skane,2002-11-01,2,1.1327777777777779,33.983333333333334
skane,2002-12-01,1,1.0470967741935484,32.46
skane,2003-01-01,2,1.1596236559139783,35.94833333333333
skane,2003-02-01,10,3.78202380952381,105.89666666666668
skane,2003-03-01,17,6.7545161290322575,209.39
skane,2003-04-01,18,7.6338888888888885,229.01666666666665
skane,2003-05-01,17,7.317096774193549,226.83
skane,2003-06-01,18,7.7428333333333335,232.285
skane,2003-07-01,19,7.604892473118279,235.75166666666667
skane,2003-08-01,21,8.365591397849462,259.3333333333333
skane,2003-09-01,17,6.508222222222222,195.24666666666667
skane,2003-10-01,11,4.53994623655914,140.73833333333334
skane,2003-11-01,2,0.7884444444444444,23.653333333333332
skane,2003-12-01,1,1.0415591397849462,32.288333333333334
skane,2004-01-01,3,1.931505376344086,59.876666666666665
skane,2004-02-01,7,2.9623563218390805,85.90833333333333
skane,2004-03-01,11,4.154139784946237,128.77833333333334
skane,2004-04-01,18,8.241777777777777,247.25333333333333
skane,2004-05-01,18,7.65247311827957,237.22666666666666
skane,2004-06-01,13,6.127777777777778,183.83333333333334
skane,2004-07-01,12,5.71994623655914,177.31833333333333
skane,2004-08-01,16,7.155591397849462,221.82333333333332
skane,2004-09-01,13,6.009166666666667,180.275
skane,2004-10-01,7,3.013010752688172,93.40333333333334
skane,2004-11-01,6,2.4058333333333333,72.175
skane,2004-12-01,0,0.6847849462365592,21.228333333333335
skane,2005-01-01,6,2.900268817204301,89.90833333333333
skane,2005-02-01,7,2.6426190476190476,73.99333333333334
skane,2005-03-01,18,6.262903225806451,194.15
skane,2005-04-01,17,7.667944444444444,230.03833333333333
skane,2005-05-01,17,7.021397849462366,217.66333333333333
skane,2005-06-01,19,8.007055555555556,240.21166666666667
skane,2005-07-01,17,7.502903225806452,232.59
skane,2005-08-01,19,7.056021505376345,218.73666666666668
skane,2005-09-01,17,6.297833333333333,188.935
skane,2005-10-01,17,5.976881720430107,185.28333333333333
skane,2005-11-01,5,2.2565,67.695
skane,2005-12-01,2,1.388440860215054,43.04166666666667
skane,2006-01-01,4,1.4524731182795698,45.026666666666664
skane,2006-02-01,5,2.158452380952381,60.43666666666667
skane,2006-03-01,14,4.612150537634409,142.97666666666666
skane,2006-04-01,6,3.574277777777778,107.22833333333334
skane,2006-05-01,19,7.617150537634409,236.13166666666666
skane,2006-06-01,20,9.142777777777777,274.2833333333333
skane,2006-07-01,25,11.514354838709677,356.945
skane,2006-08-01,13,4.892634408602151,151.67166666666668
skane,2006-09-01,16,6.889777777777778,206.69333333333333
skane,2006-10-01,4,2.364569892473118,73.30166666666666
skane,2006-11-01,4,1.6596111111111111,49.788333333333334
skane,2006-12-01,0,1.0061290322580645,31.19
skane,2007-01-01,3,1.4296236559139786,44.318333333333335
skane,2007-02-01,2,1.6039285714285716,44.910000000000004
skane,2007-03-01,15,5.5959139784946235,173.47333333333333
skane,2007-04-01,21,8.561333333333334,256.84000000000003
skane,2007-05-01,15,6.851451612903226,212.395
skane,2007-06-01,15,6.781055555555556,203.43166666666667
skane,2007-07-01,11,5.380806451612903,166.805
skane,2007-08-01,14,6.3308064516129035,196.255
skane,2007-09-01,9,4.515833333333333,135.475
skane,2007-10-01,7,3.661236559139785,113.49833333333333
skane,2007-11-01,4,2.1830555555555553,65.49166666666666
skane,2007-12-01,1,0.2533870967741936,7.855
skane,2008-01-01,0,0.5589695340501792,17.328055555555558
skane,2008-02-01,4,2.4090038314176248,69.86111111111111
skane,2008-03-01,13,4.500224014336918,139.50694444444446
skane,2008-04-01,14,7.411935185185185,222.35805555555555
skane,2008-05-01,27,11.826164874551973,366.61111111111114
skane,2008-06-01,23,9.644305555555555,289.32916666666665
skane,2008-07-01,24,10.135116487455198,314.18861111111113
skane,2008-08-01,13,5.4188799283154125,167.98527777777778
skane,2008-09-01,16,5.283574074074074,158.50722222222223
skane,2008-10-01,9,3.591810035842294,111.34611111111111
skane,2008-11-01,1,1.344314814814815,40.32944444444445
skane,2008-12-01,0,0.9060394265232975,28.087222222222223
skane,2009-01-01,3,1.275510752688172,39.54083333333333
skane,2009-02-01,4,1.8973908730158728,53.12694444444444
skane,2009-03-01,8,3.3964247311827953,105.28916666666666
skane,2009-04-01,26,11.036046296296297,331.0813888888889
skane,2009-05-01,23,8.580456989247311,265.9941666666667
skane,2009-06-01,25,9.122055555555557,273.6616666666667
skane,2009-07-01,21,7.663557347670252,237.5702777777778
skane,2009-08-01,21,7.918145161290322,245.4625
skane,2009-09-01,17,5.977064814814814,179.31194444444444
skane,2009-10-01,8,3.7419086021505374,115.99916666666667
skane,2009-11-01,2,0.8596666666666667,25.79
skane,2009-12-01,0,0.8203942652329749,25.432222222222222
skane,2010-01-01,4,1.83331541218638,56.83277777777778
skane,2010-02-01,1,0.8524503968253968,23.86861111111111
skane,2010-03-01,10,4.056254480286738,125.74388888888889
skane,2010-04-01,17,7.110055555555556,213.30166666666668
skane,2010-05-01,10,4.049148745519713,125.52361111111112
skane,2010-06-01,18,8.934175925925926,268.0252777777778
skane,2010-07-01,24,9.998673835125448,309.9588888888889
skane,2010-08-01,16,5.289516129032258,163.975
skane,2010-09-01,15,5.509824074074074,165.29472222222222
skane,2010-10-01,12,4.235681003584229,131.3061111111111
skane,2010-11-01,1,1.1062777777777777,33.18833333333333
skane,2010-12-01,2,1.353073476702509,41.945277777777775
skane,2011-01-01,5,1.6525627240143368,51.22944444444444
skane,2011-02-01,4,2.158125,60.4275
skane,2011-03-01,12,4.268073476702509,132.31027777777777
skane,2011-04-01,18,8.274638888888889,248.23916666666668
skane,2011-05-01,22,8.602347670250895,266.67277777777775
skane,2011-06-01,23,10.03512962962963,301.0538888888889
skane,2011-07-01,11,5.064543010752688,157.00083333333333
skane,2011-08-01,12,5.088001792114695,157.72805555555556
skane,2011-09-01,13,5.29012962962963,158.70388888888888
skane,2011-10-01,13,4.629292114695341,143.50805555555556
skane,2011-11-01,5,2.068564814814815,62.05694444444445
skane,2011-12-01,0,0.6955107526881721,21.560833333333335
skane,2012-01-01,7,2.1054032258064517,65.2675
skane,2012-02-01,10,3.6105842911877395,104.70694444444445
skane,2012-03-01,16,5.55173835125448,172.1038888888889
skane,2012-04-01,13,5.886148148148148,176.58444444444444
skane,2012-05-01,21,9.069632616487455,281.1586111111111
skane,2012-06-01,16,6.675787037037037,200.2736111111111
skane,2012-07-01,16,6.961218637992832,215.79777777777778
skane,2012-08-01,18,7.099345878136201,220.07972222222222
skane,2012-09-01,7,4.04637037037037,121.39111111111112
skane,2012-10-01,6,3.2845250896057347,101.82027777777778
skane,2012-11-01,1,1.0745370370370368,32.23611111111111
skane,2012-12-01,1,0.7629659498207885,23.651944444444442
skane,2013-01-01,2,1.590958781362007,49.31972222222222
skane,2013-02-01,2,0.9825496031746032,27.511388888888888
skane,2013-03-01,19,6.4443817204301075,199.77583333333334
skane,2013-04-01,19,7.731157407407408,231.93472222222223
skane,2013-05-01,22,8.807078853046596,273.01944444444445
skane,2013-06-01,19,8.317462962962964,249.5238888888889
skane,2013-07-01,21,9.16576164874552,284.1386111111111
skane,2013-08-01,21,7.819516129032258,242.405
skane,2013-09-01,17,6.373120370370371,191.19361111111112
skane,2013-10-01,7,2.9478315412186378,91.38277777777778
skane,2013-11-01,7,1.8775092592592593,56.32527777777778
skane,2013-12-01,0,0.6119623655913979,18.970833333333335
skane,2014-01-01,0,0.24550179211469533,7.610555555555555
skane,2014-02-01,3,2.3368849206349203,65.43277777777777
skane,2014-03-01,15,5.3026164874551975,164.38111111111112
skane,2014-04-01,17,7.287685185185185,218.63055555555556
skane,2014-05-01,19,8.119256272401435,251.69694444444445
skane,2014-06-01,21,8.895138888888889,266.8541666666667
skane,2014-07-01,26,10.707697132616488,331.93861111111113
skane,2014-08-01,19,7.097096774193548,220.01
skane,2014-09-01,16,6.6661574074074075,199.98472222222222
skane,2014-10-01,5,2.304578853046595,71.44194444444445
skane,2014-11-01,0,0.9941203703703704,29.823611111111113
skane,2014-12-01,1,0.9235394265232975,28.62972222222222
skane,2015-01-01,0,0.6499820788530466,20.149444444444445
skane,2015-02-01,3,1.8391964285714286,51.4975
skane,2015-03-01,12,4.4370071684587815,137.54722222222222
skane,2015-04-01,17,7.4275370370370375,222.82611111111112
skane,2015-05-01,16,7.252446236559139,224.82583333333332
skane,2015-06-01,14,6.768731481481481,203.06194444444444
skane,2015-07-01,19,7.862930107526882,243.75083333333333
skane,2015-08-01,23,9.202652329749105,285.28222222222223
skane,2015-09-01,11,5.474833333333334,164.245
skane,2015-10-01,7,2.804059139784946,86.92583333333333
skane,2015-11-01,2,1.088,32.64
skane,2015-12-01,0,1.210062724014337,37.511944444444445
skane,2016-01-01,2,1.4299103942652331,44.327222222222225
skane,2016-02-01,4,2.30286398467433,66.78305555555556
skane,2016-03-01,11,3.9253046594982077,121.68444444444444
skane,2016-04-01,11,5.257175925925925,157.71527777777777
skane,2016-05-01,24,10.18793906810036,315.8261111111111
skane,2016-06-01,22,8.626787037037039,258.80361111111114
skane,2016-07-01,16,7.084856630824373,219.63055555555556
skane,2016-08-01,16,7.043046594982079,218.33444444444444
skane,2016-09-01,21,7.535111111111111,226.05333333333334
skane,2016-10-01,4,2.7894713261648745,86.47361111111111
skane,2016-11-01,8,2.9603703703703705,88.81111111111112
skane,2016-12-01,4,1.7855197132616487,55.35111111111111
skane,2017-01-01,7,1.9955017921146954,61.86055555555556
skane,2017-02-01,4,2.1966071428571428,61.504999999999995
skane,2017-03-01,8,3.529775985663082,109.42305555555555
skane,2017-04-01,17,6.10637962962963,183.1913888888889
skane,2017-05-01,20,8.716568100358423,270.2136111111111
skane,2017-06-01,18,6.88675925925926,206.6027777777778
skane,2017-07-01,15,6.1651612903225805,191.12
skane,2017-08-01,19,6.668154121863799,206.71277777777777
skane,2017-09-01,14,4.578768518518518,137.36305555555555
skane,2017-10-01,6,2.452338709677419,76.0225
skane,2017-11-01,2,1.5422037037037035,46.26611111111111
skane,2017-12-01,1,0.8457885304659498,26.219444444444445
skane,2018-01-01,1,0.495994623655914,15.375833333333334
skane,2018-02-01,6,2.947142857142857,82.52
skane,2018-03-01,5,2.523906810035842,78.24111111111111
skane,2018-04-01,19,7.5619351851851855,226.85805555555555
skane,2018-05-01,28,11.85640681003584,367.5486111111111
skane,2018-06-01,23,10.360962962962963,310.8288888888889
skane,2018-07-01,27,11.40508064516129,353.5575
skane,2018-08-01,18,6.9608422939068095,215.7861111111111
skane,2018-09-01,15,5.78587962962963,173.57638888888889
skane,2018-10-01,14,4.612777777777778,142.9961111111111
skane,2018-11-01,6,2.41125,72.33749999999999
skane,2018-12-01,0,0.5708243727598565,17.695555555555554
skane,2019-01-01,3,1.7041397849462365,52.82833333333333
skane,2019-02-01,8,3.231964285714286,90.495
skane,2019-03-01,6,3.411756272401434,105.76444444444445
skane,2019-04-01,25,9.933166666666667,297.995
skane,2019-05-01,18,7.067983870967741,219.1075
skane,2019-06-01,25,10.232259259259258,306.96777777777777
skane,2019-07-01,21,8.249614695340501,255.73805555555555
skane,2019-08-01,22,7.6362365591397845,236.72333333333333
skane,2019-09-01,7,3.9470925925925924,118.41277777777778
skane,2019-10-01,6,2.713431899641577,84.11638888888889
skane,2019-11-01,0,0.6743425925925927,20.23027777777778
skane,2019-12-01,2,1.124883512544803,34.87138888888889
skane,2020-01-01,1,0.7216039426523297,22.369722222222222
skane,2020-02-01,3,1.8391570881226054,53.33555555555556
skane,2020-03-01,14,5.551281362007169,172.08972222222224
skane,2020-04-01,25,9.289138888888889,278.6741666666667
skane,2020-05-01,21,8.143243727598566,252.44055555555556
skane,2020-06-01,23,9.659435185185185,289.78305555555556
skane,2020-07-01,18,6.470869175627239,200.59694444444443
skane,2020-08-01,22,9.053826164874552,280.6686111111111
skane,2020-09-01,18,6.394194444444444,191.82583333333332
skane,2020-10-01,7,2.948611111111111,91.40694444444445
skane,2020-11-01,1,1.0369166666666667,31.1075
skane,2020-12-01,0,0.2895250896057348,8.975277777777778
skane,2021-01-01,1,1.5063978494623655,46.69833333333333
skane,2021-02-01,11,4.192619047619048,117.39333333333333
skane,2021-03-01,12,4.485215053763441,139.04166666666666
skane,2021-04-01,19,8.129824074074074,243.8947222222222
skane,2021-05-01,19,6.865931899641577,212.8438888888889
skane,2021-06-01,22,10.279657407407406,308.3897222222222
skane,2021-07-01,18,7.238521505376345,224.39416666666668
skane,2021-08-01,16,6.188646953405018,191.84805555555556
skane,2021-09-01,10,4.695388888888888,140.86166666666665
skane,2021-10-01,8,3.72826164874552,115.57611111111112
skane,2021-11-01,2,0.9514722222222222,28.544166666666666
skane,2021-12-01,2,0.9958243727598566,30.870555555555555
skane,2022-01-01,7,2.0960394265232973,64.97722222222222
skane,2022-02-01,6,2.997936507936508,83.94222222222223
skane,2022-03-01,25,8.251881720430108,255.80833333333334
skane,2022-04-01,24,8.934666666666667,268.04
skane,2022-05-01,19,7.478279569892473,231.82666666666668
skane,2022-06-01,21,8.205481481481481,246.16444444444443
skane,2022-07-01,21,8.476102150537635,262.75916666666666
skane,2022-08-01,23,8.928808243727598,276.79305555555555
skane,2022-09-01,12,5.432333333333333,162.97
skane,2022-10-01,9,3.529372759856631,109.41055555555556
skane,2022-11-01,1,0.9439351851851853,28.318055555555556
skane,2022-12-01,2,1.2534767025089606,38.85777777777778
skane,2023-01-01,1,0.6702508960573477,20.77777777777778
skane,2023-02-01,8,3.162857142857143,88.56
skane,2023-03-01,13,4.492553763440861,139.26916666666668
skane,2023-04-01,21,8.832148148148148,264.96444444444444
skane,2023-05-01,29,11.79861111111111,365.75694444444446
skane,2023-06-01,25,11.379148148148149,341.37444444444446
skane,2023-07-01,19,7.48266129032258,231.9625
skane,2023-08-01,14,5.452679211469534,169.03305555555556
skane,2023-09-01,18,6.83862962962963,205.1588888888889
skane,2023-10-01,4,2.543682795698925,78.85416666666667
skane,2023-11-01,3,1.6335925925925925,49.007777777777775
skane,2023-12-01,0,0.8132078853046595,25.209444444444443
skane,2024-01-01,3,1.8457706093189965,57.21888888888889
skane,2024-02-01,2,1.63066091954023,47.28916666666667
skane,2024-03-01,7,3.435689964157706,106.50638888888889
skane,2024-04-01,16,5.213907407407407,156.41722222222222
skane,2024-05-01,24,10.569112903225806,327.6425
skane,2024-06-01,20,7.950111111111111,238.50333333333333
skane,2024-07-01,19,7.383324372759857,228.88305555555556
skane,2024-08-01,25,8.994094982078854,278.81694444444446
skane,2024-09-01,20,7.23900925925926,217.17027777777778
skane,2024-10-01,11,4.145824372759856,128.52055555555555
skane,2024-11-01,2,1.3778240740740741,41.334722222222226
skane,2024-12-01,0,0.7086200716845878,21.967222222222222
skane,2025-01-01,3,1.1033691756272404,34.20444444444445
skane,2025-02-01,7,2.833452380952381,79.33666666666667
skane,2025-03-01,18,6.168001792114695,191.20805555555555
skane,2025-04-01,18,7.597203703703704,227.91611111111112
skane,2025-05-01,18,7.130044802867384,221.0313888888889
skane,2025-06-01,20,8.672666666666666,260.18
skane,2025-07-01,18,7.061281362007168,218.8997222222222
skane,2025-08-01,22,8.38233870967742,259.8525
skane,2025-09-01,17,6.365055555555555,190.95166666666665
skane,2025-10-01,6,2.784811827956989,86.32916666666667
skane,2025-11-01,5,1.8705092592592591,56.11527777777778
skane,2025-12-01,1,1.0968458781362007,34.00222222222222
skane,2026-01-01,4,1.685268817204301,52.24333333333333
skane,2026-02-01,0,0.0,0.0
stockholm,1983-01-01,0,0.6763440860215053,20.966666666666665
stockholm,1983-02-01,7,3.515952380952381,98.44666666666667
stockholm,1983-03-01,3,2.225806451612903,69.0
stockholm,1983-04-01,7,3.339888888888889,100.19666666666667
stockholm,1983-05-01,15,6.4702688172043015,200.57833333333335
stockholm,1983-06-01,17,7.781944444444445,233.45833333333334
stockholm,1983-07-01,22,9.276559139784945,287.5733333333333
stockholm,1983-08-01,22,8.362795698924732,259.24666666666667
stockholm,1983-09-01,7,3.2504444444444447,97.51333333333334
stockholm,1983-10-01,5,2.7722580645161288,85.94
stockholm,1983-11-01,3,2.1520555555555556,64.56166666666667
stockholm,1983-12-01,0,0.6009139784946237,18.628333333333334
stockholm,1984-01-01,0,1.276559139784946,39.57333333333333
stockholm,1984-02-01,3,1.2680459770114942,36.77333333333333
stockholm,1984-03-01,10,3.7453225806451615,116.105
stockholm,1984-04-01,14,6.319166666666666,189.575
stockholm,1984-05-01,17,7.564784946236559,234.50833333333333
stockholm,1984-06-01,15,6.600333333333333,198.01
stockholm,1984-07-01,12,5.59752688172043,173.52333333333334
stockholm,1984-08-01,15,5.917956989247312,183.45666666666668
stockholm,1984-09-01,7,2.9939999999999998,89.82
stockholm,1984-10-01,5,2.061989247311828,63.92166666666667
stockholm,1984-11-01,2,1.2507222222222223,37.52166666666667
stockholm,1984-12-01,0,0.688010752688172,21.328333333333333
stockholm,1985-01-01,0,1.051021505376344,32.58166666666666
stockholm,1985-02-01,7,3.451964285714286,96.655
stockholm,1985-03-01,6,2.340161290322581,72.545
stockholm,1985-04-01,12,5.1305,153.915
stockholm,1985-05-01,20,8.991666666666667,278.7416666666667
stockholm,1985-06-01,14,7.195722222222222,215.87166666666667
stockholm,1985-07-01,18,6.773494623655914,209.97833333333332
stockholm,1985-08-01,13,5.054462365591398,156.68833333333333
stockholm,1985-09-01,10,4.636055555555556,139.08166666666668
stockholm,1985-10-01,6,3.3722580645161293,104.54
stockholm,1985-11-01,2,1.1925,35.775
stockholm,1985-12-01,0,1.2223118279569891,37.891666666666666
stockholm,1986-01-01,0,0.7174731182795699,22.241666666666667
stockholm,1986-02-01,4,3.0448214285714283,85.255
stockholm,1986-03-01,7,2.974301075268817,92.20333333333333
stockholm,1986-04-01,10,4.448166666666666,133.445
stockholm,1986-05-01,25,10.203978494623655,316.3233333333333
stockholm,1986-06-01,21,10.218444444444446,306.55333333333334
stockholm,1986-07-01,22,8.341612903225805,258.59
stockholm,1986-08-01,7,4.044462365591397,125.37833333333333
stockholm,1986-09-01,18,6.324833333333333,189.745
stockholm,1986-10-01,7,2.8755913978494623,89.14333333333333
stockholm,1986-11-01,4,1.5561111111111112,46.68333333333334
stockholm,1986-12-01,0,0.6961827956989247,21.581666666666667
stockholm,1987-01-01,3,2.586182795698925,80.17166666666667
stockholm,1987-02-01,10,3.993690476190476,111.82333333333332
stockholm,1987-03-01,15,5.649623655913978,175.13833333333332
stockholm,1987-04-01,17,6.870555555555556,206.11666666666667
stockholm,1987-05-01,10,6.150537634408602,190.66666666666666
stockholm,1987-06-01,6,4.228777777777777,126.86333333333333
stockholm,1987-07-01,20,8.897043010752688,275.80833333333334
stockholm,1987-08-01,9,4.334731182795699,134.37666666666667
stockholm,1987-09-01,14,5.1530000000000005,154.59
stockholm,1987-10-01,5,2.9316129032258065,90.88
stockholm,1987-11-01,4,1.5661666666666667,46.985
stockholm,1987-12-01,0,1.1305376344086022,35.04666666666667
stockholm,1988-01-01,0,0.1825268817204301,5.658333333333333
stockholm,1988-02-01,0,0.38109195402298857,11.051666666666668
stockholm,1988-03-01,6,2.7656989247311827,85.73666666666666
stockholm,1988-04-01,16,6.360388888888889,190.81166666666667
stockholm,1988-05-01,23,10.89806451612903,337.84
stockholm,1988-06-01,19,7.754111111111111,232.62333333333333
stockholm,1988-07-01,20,7.706290322580646,238.895
stockholm,1988-08-01,14,5.366935483870968,166.375
stockholm,1988-09-01,17,6.361888888888888,190.85666666666665
stockholm,1988-10-01,13,4.4114516129032255,136.755
stockholm,1988-11-01,7,3.114833333333333,93.445
stockholm,1988-12-01,0,1.978763440860215,61.34166666666667
stockholm,1989-01-01,1,1.7922043010752686,55.55833333333333
stockholm,1989-02-01,8,3.1097023809523807,87.07166666666666
stockholm,1989-03-01,6,2.550806451612903,79.075
stockholm,1989-04-01,13,5.619888888888889,168.59666666666666
stockholm,1989-05-01,28,10.626559139784947,329.42333333333335
stockholm,1989-06-01,23,10.061722222222222,301.8516666666667
stockholm,1989-07-01,21,9.16989247311828,284.26666666666665
stockholm,1989-08-01,16,6.135483870967741,190.2
stockholm,1989-09-01,15,5.927555555555555,177.82666666666665
stockholm,1989-10-01,7,3.189139784946237,98.86333333333334
stockholm,1989-11-01,2,1.8527777777777779,55.583333333333336
stockholm,1989-12-01,0,1.1755376344086022,36.44166666666667
stockholm,1990-01-01,0,0.8576881720430108,26.588333333333335
stockholm,1990-02-01,1,1.2680357142857144,35.505
stockholm,1990-03-01,13,5.430268817204301,168.33833333333334
stockholm,1990-04-01,19,7.754166666666666,232.625
stockholm,1990-05-01,20,9.791290322580645,303.53
stockholm,1990-06-01,22,9.536944444444446,286.10833333333335
stockholm,1990-07-01,14,6.223387096774194,192.925
stockholm,1990-08-01,20,7.1359139784946235,221.21333333333334
stockholm,1990-09-01,4,2.5436111111111113,76.30833333333334
stockholm,1990-10-01,7,2.950483870967742,91.465
stockholm,1990-11-01,4,1.9070555555555555,57.211666666666666
stockholm,1990-12-01,0,1.1296236559139785,35.01833333333333
stockholm,1991-01-01,1,1.8263978494623656,56.61833333333333
stockholm,1991-02-01,4,1.8123809523809524,50.74666666666667
stockholm,1991-03-01,5,1.99252688172043,61.76833333333333
stockholm,1991-04-01,19,7.046777777777778,211.40333333333334
stockholm,1991-05-01,16,6.278010752688172,194.61833333333334
stockholm,1991-06-01,11,5.7956111111111115,173.86833333333334
stockholm,1991-07-01,21,9.876397849462366,306.16833333333335
stockholm,1991-08-01,17,6.838494623655914,211.99333333333334
stockholm,1991-09-01,18,6.539555555555555,196.18666666666667
stockholm,1991-10-01,6,2.6566129032258066,82.355
stockholm,1991-11-01,1,0.8000555555555555,24.001666666666665
stockholm,1991-12-01,0,1.0994086021505376,34.08166666666666
stockholm,1992-01-01,2,2.3664516129032256,73.36
stockholm,1992-02-01,4,2.2542528735632184,65.37333333333333
stockholm,1992-03-01,5,2.92,90.52
stockholm,1992-04-01,12,3.7942222222222224,113.82666666666667
stockholm,1992-05-01,28,11.550645161290323,358.07
stockholm,1992-06-01,24,11.495111111111111,344.85333333333335
stockholm,1992-07-01,21,8.639086021505376,267.81166666666667
stockholm,1992-08-01,15,5.75510752688172,178.40833333333333
stockholm,1992-09-01,10,4.5536111111111115,136.60833333333335
stockholm,1992-10-01,1,2.003064516129032,62.095
stockholm,1992-11-01,2,1.1346666666666667,34.04
stockholm,1992-12-01,0,1.036935483870968,32.145
stockholm,1993-01-01,1,1.6325268817204301,50.608333333333334
stockholm,1993-02-01,5,2.645952380952381,74.08666666666667
stockholm,1993-03-01,11,4.058333333333334,125.80833333333334
stockholm,1993-04-01,19,7.542,226.26
stockholm,1993-05-01,25,10.740860215053765,332.9666666666667
stockholm,1993-06-01,18,8.360111111111111,250.80333333333334
stockholm,1993-07-01,14,5.954462365591398,184.58833333333334
stockholm,1993-08-01,14,5.381075268817204,166.81333333333333
stockholm,1993-09-01,14,5.262722222222222,157.88166666666666
stockholm,1993-10-01,7,3.058225806451613,94.80499999999999
stockholm,1993-11-01,0,0.30144444444444446,9.043333333333333
stockholm,1993-12-01,0,0.789247311827957,24.46666666666667
stockholm,1994-01-01,3,1.3891935483870967,43.065
stockholm,1994-02-01,8,3.429642857142857,96.03
stockholm,1994-03-01,12,4.205860215053764,130.38166666666666
stockholm,1994-04-01,17,6.545944444444444,196.37833333333333
stockholm,1994-05-01,26,10.483225806451614,324.98
stockholm,1994-06-01,19,9.176166666666665,275.28499999999997
stockholm,1994-07-01,28,13.674301075268817,423.9033333333333
stockholm,1994-08-01,15,6.1426881720430115,190.42333333333335
stockholm,1994-09-01,9,4.000722222222222,120.02166666666666
stockholm,1994-10-01,10,3.7849462365591395,117.33333333333333
stockholm,1994-11-01,3,2.4219999999999997,72.66
stockholm,1994-12-01,0,0.9506989247311828,29.471666666666668
stockholm,1995-01-01,0,1.4426881720430107,44.72333333333333
stockholm,1995-02-01,5,2.8601190476190474,80.08333333333333
stockholm,1995-03-01,6,2.8127956989247314,87.19666666666667
stockholm,1995-04-01,15,5.97138888888889,179.14166666666668
stockholm,1995-05-01,20,7.930698924731183,245.85166666666666
stockholm,1995-06-01,19,8.805333333333332,264.15999999999997
stockholm,1995-07-01,20,9.849838709677421,305.345
stockholm,1995-08-01,23,9.929301075268818,307.80833333333334
stockholm,1995-09-01,11,4.197666666666667,125.93
stockholm,1995-10-01,9,3.7876881720430107,117.41833333333334
stockholm,1995-11-01,2,1.9064444444444446,57.193333333333335
stockholm,1995-12-01,0,2.361989247311828,73.22166666666666
stockholm,1996-01-01,1,1.2064516129032257,37.4
stockholm,1996-02-01,9,3.417241379310345,99.10000000000001
stockholm,1996-03-01,14,4.605913978494623,142.78333333333333
stockholm,1996-04-01,20,8.446277777777777,253.38833333333332
stockholm,1996-05-01,15,7.0142473118279565,217.44166666666666
stockholm,1996-06-01,16,7.287166666666667,218.615
stockholm,1996-07-01,20,7.507795698924731,232.74166666666667
stockholm,1996-08-01,26,9.744032258064516,302.065
stockholm,1996-09-01,15,5.848444444444445,175.45333333333335
stockholm,1996-10-01,8,2.95252688172043,91.52833333333334
stockholm,1996-11-01,2,1.3487777777777776,40.46333333333333
stockholm,1996-12-01,0,1.8031182795698926,55.89666666666667
stockholm,1997-01-01,5,2.5273118279569893,78.34666666666666
stockholm,1997-02-01,9,2.9897023809523806,83.71166666666666
stockholm,1997-03-01,20,6.548333333333334,202.99833333333333
stockholm,1997-04-01,23,7.634666666666666,229.04
stockholm,1997-05-01,22,8.422688172043012,261.10333333333335
stockholm,1997-06-01,22,9.689944444444444,290.6983333333333
stockholm,1997-07-01,24,10.543978494623657,326.86333333333334
stockholm,1997-08-01,25,9.038172043010753,280.18333333333334
stockholm,1997-09-01,12,5.337000000000001,160.11
stockholm,1997-10-01,9,3.3686021505376345,104.42666666666666
stockholm,1997-11-01,3,1.1970555555555555,35.91166666666667
stockholm,1997-12-01,0,0.22580645161290322,7.0
stockholm,1998-01-01,1,0.9270967741935484,28.740000000000002
stockholm,1998-02-01,2,1.4375595238095238,40.251666666666665
stockholm,1998-03-01,11,4.127688172043011,127.95833333333333
stockholm,1998-04-01,10,4.374888888888889,131.24666666666667
stockholm,1998-05-01,22,9.143602150537633,283.45166666666665
stockholm,1998-06-01,10,5.233833333333333,157.015
stockholm,1998-07-01,19,6.637688172043011,205.76833333333335
stockholm,1998-08-01,15,5.341935483870968,165.6
stockholm,1998-09-01,11,4.601333333333333,138.04
stockholm,1998-10-01,5,2.7595698924731185,85.54666666666667
stockholm,1998-11-01,2,1.2678333333333331,38.035
stockholm,1998-12-01,0,0.6506989247311828,20.171666666666667
stockholm,1999-01-01,0,1.1705913978494624,36.288333333333334
stockholm,1999-02-01,6,2.8885714285714283,80.88
stockholm,1999-03-01,6,2.6729032258064516,82.86
stockholm,1999-04-01,14,5.845611111111111,175.36833333333334
stockholm,1999-05-01,24,9.353978494623657,289.97333333333336
stockholm,1999-06-01,22,10.665555555555555,319.96666666666664
stockholm,1999-07-01,26,10.79505376344086,334.64666666666665
stockholm,1999-08-01,21,8.417849462365592,260.9533333333333
stockholm,1999-09-01,13,6.051888888888889,181.55666666666667
stockholm,1999-10-01,6,2.7706451612903225,85.89
stockholm,1999-11-01,3,2.1643333333333334,64.93
stockholm,1999-12-01,0,1.2123655913978495,37.583333333333336
stockholm,2000-01-01,2,2.203279569892473,68.30166666666666
stockholm,2000-02-01,8,3.144137931034483,91.18
stockholm,2000-03-01,20,7.104408602150538,220.23666666666668
stockholm,2000-04-01,13,5.619944444444444,168.59833333333333
stockholm,2000-05-01,18,8.481505376344087,262.9266666666667
stockholm,2000-06-01,19,8.727277777777777,261.8183333333333
stockholm,2000-07-01,12,4.627204301075269,143.44333333333333
stockholm,2000-08-01,19,7.093870967741935,219.91
stockholm,2000-09-01,22,7.6258333333333335,228.775
stockholm,2000-10-01,2,1.3643548387096776,42.295
stockholm,2000-11-01,0,0.2642777777777778,7.928333333333333
stockholm,2000-12-01,0,0.8336559139784946,25.843333333333334
stockholm,2001-01-01,0,1.2616666666666665,39.111666666666665
stockholm,2001-02-01,9,4.028869047619048,112.80833333333334
stockholm,2001-03-01,15,4.812204301075269,149.17833333333334
stockholm,2001-04-01,13,4.979,149.37
stockholm,2001-05-01,20,8.485752688172044,263.05833333333334
stockholm,2001-06-01,21,9.395055555555556,281.8516666666667
stockholm,2001-07-01,23,10.127204301075269,313.9433333333333
stockholm,2001-08-01,19,7.198978494623656,223.16833333333335
stockholm,2001-09-01,7,3.7459444444444445,112.37833333333333
stockholm,2001-10-01,3,2.1625806451612903,67.04
stockholm,2001-11-01,3,2.5087222222222225,75.26166666666667
stockholm,2001-12-01,0,0.9910215053763441,30.721666666666668
stockholm,2002-01-01,1,1.0382795698924732,32.18666666666667
stockholm,2002-02-01,5,2.3667261904761903,66.26833333333333
stockholm,2002-03-01,15,5.991451612903226,185.73499999999999
stockholm,2002-04-01,21,8.425444444444445,252.76333333333332
stockholm,2002-05-01,27,11.060483870967742,342.875
stockholm,2002-06-01,25,10.565166666666666,316.955
stockholm,2002-07-01,17,7.971505376344086,247.11666666666667
stockholm,2002-08-01,26,10.62247311827957,329.2966666666667
stockholm,2002-09-01,21,7.923111111111111,237.69333333333333
stockholm,2002-10-01,7,2.666182795698925,82.65166666666667
stockholm,2002-11-01,2,0.8552222222222222,25.656666666666666
stockholm,2002-12-01,0,1.1207526881720429,34.74333333333333
stockholm,2003-01-01,1,1.474731182795699,45.71666666666667
stockholm,2003-02-01,6,3.144047619047619,88.03333333333333
stockholm,2003-03-01,16,5.8136559139784945,180.22333333333333
stockholm,2003-04-01,17,7.287722222222222,218.63166666666666
stockholm,2003-05-01,24,8.985053763440861,278.5366666666667
stockholm,2003-06-01,20,8.240833333333333,247.225
stockholm,2003-07-01,22,9.269301075268817,287.34833333333336
stockholm,2003-08-01,17,7.067741935483871,219.1
stockholm,2003-09-01,15,6.627055555555556,198.81166666666667
stockholm,2003-10-01,6,3.141236559139785,97.37833333333333
stockholm,2003-11-01,2,0.7430555555555555,22.291666666666664
stockholm,2003-12-01,0,1.0461827956989247,32.431666666666665
stockholm,2004-01-01,0,0.9399462365591399,29.138333333333335
stockholm,2004-02-01,6,2.8513793103448277,82.69
stockholm,2004-03-01,11,4.643655913978495,143.95333333333335
stockholm,2004-04-01,22,8.828944444444444,264.86833333333334
stockholm,2004-05-01,19,7.793763440860214,241.60666666666665
stockholm,2004-06-01,20,8.199222222222222,245.97666666666666
stockholm,2004-07-01,17,7.345967741935484,227.725
stockholm,2004-08-01,19,7.40478494623656,229.54833333333335
stockholm,2004-09-01,9,4.772,143.16
stockholm,2004-10-01,3,2.3463978494623654,72.73833333333333
stockholm,2004-11-01,7,2.7792777777777777,83.37833333333333
stockholm,2004-12-01,0,1.4872580645161289,46.105
stockholm,2005-01-01,0,1.34252688172043,41.61833333333333
stockholm,2005-02-01,3,1.8947023809523809,53.05166666666666
stockholm,2005-03-01,16,6.10236559139785,189.17333333333335
stockholm,2005-04-01,21,8.737666666666666,262.13
stockholm,2005-05-01,16,6.592634408602151,204.37166666666667
stockholm,2005-06-01,20,8.59088888888889,257.7266666666667
stockholm,2005-07-01,17,9.047150537634408,280.46166666666664
stockholm,2005-08-01,13,6.594838709677419,204.44
stockholm,2005-09-01,20,6.918666666666667,207.56
stockholm,2005-10-01,13,5.0210215053763445,155.65166666666667
stockholm,2005-11-01,1,1.690611111111111,50.718333333333334
stockholm,2005-12-01,0,1.3548924731182794,42.001666666666665
stockholm,2006-01-01,0,1.2965591397849463,40.193333333333335
stockholm,2006-02-01,4,2.1435714285714287,60.02
stockholm,2006-03-01,12,4.863709677419355,150.775
stockholm,2006-04-01,16,6.2363333333333335,187.09
stockholm,2006-05-01,21,8.20758064516129,254.435
stockholm,2006-06-01,27,11.479222222222223,344.37666666666667
stockholm,2006-07-01,28,11.434408602150537,354.46666666666664
stockholm,2006-08-01,19,7.578440860215054,234.93166666666667
stockholm,2006-09-01,17,6.426101851851852,192.78305555555556
stockholm,2006-10-01,5,2.0652150537634406,64.02166666666666
stockholm,2006-11-01,7,2.308,69.24
stockholm,2006-12-01,0,1.2580376344086022,38.99916666666667
stockholm,2007-01-01,1,1.656774193548387,51.36
stockholm,2007-02-01,0,1.3135119047619048,36.778333333333336
stockholm,2007-03-01,13,4.783297491039427,148.28222222222223
stockholm,2007-04-01,23,8.76474074074074,262.9422222222222
stockholm,2007-05-01,18,7.137105734767025,221.25027777777777
stockholm,2007-06-01,19,9.874055555555556,296.2216666666667
stockholm,2007-07-01,17,7.611783154121864,235.96527777777777
stockholm,2007-08-01,20,7.26665770609319,225.26638888888888
stockholm,2007-09-01,12,4.937157407407407,148.1147222222222
stockholm,2007-10-01,7,2.9345071684587816,90.96972222222223
stockholm,2007-11-01,1,1.8875092592592595,56.62527777777778
stockholm,2007-12-01,0,0.8085931899641576,25.066388888888888
stockholm,2008-01-01,0,1.2384946236559142,38.39333333333334
stockholm,2008-02-01,8,3.2572892720306514,94.46138888888889
stockholm,2008-03-01,11,4.389677419354838,136.07999999999998
stockholm,2008-04-01,16,6.849712962962963,205.49138888888888
stockholm,2008-05-01,23,9.929471326164876,307.81361111111113
stockholm,2008-06-01,24,10.394935185185185,311.84805555555556
stockholm,2008-07-01,27,10.407948028673836,322.6463888888889
stockholm,2008-08-01,10,4.7800806451612905,148.1825
stockholm,2008-09-01,8,3.7485833333333334,112.4575
stockholm,2008-10-01,8,3.571953405017921,110.73055555555555
stockholm,2008-11-01,6,2.0191018518518518,60.573055555555555
stockholm,2008-12-01,0,1.1561021505376345,35.83916666666667
stockholm,2009-01-01,0,1.667562724014337,51.69444444444444
stockholm,2009-02-01,4,2.266121031746032,63.45138888888889
stockholm,2009-03-01,7,3.080743727598566,95.50305555555555
stockholm,2009-04-01,22,9.351583333333334,280.5475
stockholm,2009-05-01,21,9.301433691756271,288.34444444444443
stockholm,2009-06-01,20,8.758425925925927,262.7527777777778
stockholm,2009-07-01,21,7.113010752688172,220.50333333333333
stockholm,2009-08-01,22,8.399802867383514,260.3938888888889
stockholm,2009-09-01,18,7.149222222222222,214.47666666666666
stockholm,2009-10-01,9,3.343521505376344,103.64916666666666
stockholm,2009-11-01,0,0.6152685185185185,18.458055555555553
stockholm,2009-12-01,0,0.6753763440860215,20.936666666666667
stockholm,2010-01-01,0,1.2154301075268819,37.678333333333335
stockholm,2010-02-01,2,1.321736111111111,37.00861111111111
stockholm,2010-03-01,16,5.3066218637992835,164.5052777777778
stockholm,2010-04-01,16,6.686462962962963,200.5938888888889
stockholm,2010-05-01,17,7.969318996415771,247.04888888888888
stockholm,2010-06-01,24,10.882333333333333,326.47
stockholm,2010-07-01,23,9.745259856630824,302.10305555555556
stockholm,2010-08-01,13,5.557383512544804,172.2788888888889
stockholm,2010-09-01,13,5.413814814814814,162.41444444444443
stockholm,2010-10-01,14,4.183700716845879,129.69472222222223
stockholm,2010-11-01,4,1.786314814814815,53.589444444444446
stockholm,2010-12-01,0,0.9737455197132616,30.18611111111111
stockholm,2011-01-01,2,1.7067114695340502,52.908055555555556
stockholm,2011-02-01,6,3.364970238095238,94.21916666666667
stockholm,2011-03-01,21,6.896836917562724,213.80194444444444
stockholm,2011-04-01,18,8.361601851851852,250.84805555555556
stockholm,2011-05-01,21,9.221962365591398,285.8808333333333
stockholm,2011-06-01,22,10.910805555555555,327.32416666666666
stockholm,2011-07-01,18,7.453844086021506,231.06916666666666
stockholm,2011-08-01,17,6.821102150537634,211.45416666666665
stockholm,2011-09-01,15,5.70212037037037,171.0636111111111
stockholm,2011-10-01,13,4.653198924731183,144.24916666666667
stockholm,2011-11-01,2,1.7905185185185184,53.715555555555554
stockholm,2011-12-01,0,1.1535125448028674,35.75888888888889
stockholm,2012-01-01,3,1.2690232974910394,39.33972222222222
stockholm,2012-02-01,10,3.3455076628352494,97.01972222222223
stockholm,2012-03-01,17,5.777804659498208,179.11194444444445
stockholm,2012-04-01,16,6.10875,183.2625
stockholm,2012-05-01,24,10.08284946236559,312.5683333333333
stockholm,2012-06-01,16,6.912398148148148,207.37194444444444
stockholm,2012-07-01,20,7.991971326164874,247.7511111111111
stockholm,2012-08-01,17,6.599847670250896,204.59527777777777
stockholm,2012-09-01,13,4.875324074074074,146.25972222222222
stockholm,2012-10-01,6,2.7798297491039423,86.17472222222221
stockholm,2012-11-01,3,1.5850555555555557,47.55166666666667
stockholm,2012-12-01,0,0.805573476702509,24.97277777777778
stockholm,2013-01-01,3,1.5122311827956991,46.87916666666667
stockholm,2013-02-01,7,2.1874900793650793,61.24972222222222
stockholm,2013-03-01,23,8.26823476702509,256.3152777777778
stockholm,2013-04-01,20,7.88299074074074,236.4897222222222
stockholm,2013-05-01,22,9.204292114695342,285.3330555555556
stockholm,2013-06-01,20,8.79675,263.9025
stockholm,2013-07-01,23,9.454220430107526,293.0808333333333
stockholm,2013-08-01,22,8.766989247311827,271.77666666666664
stockholm,2013-09-01,17,6.410444444444445,192.31333333333333
stockholm,2013-10-01,9,3.667293906810036,113.68611111111112
stockholm,2013-11-01,3,2.0928981481481483,62.786944444444444
stockholm,2013-12-01,0,1.0759229390681004,33.353611111111114
stockholm,2014-01-01,0,0.4651702508960573,14.420277777777777
stockholm,2014-02-01,1,0.8350892857142858,23.3825
stockholm,2014-03-01,16,5.29731182795699,164.21666666666667
stockholm,2014-04-01,19,8.521787037037036,255.6536111111111
stockholm,2014-05-01,17,7.108530465949821,220.36444444444444
stockholm,2014-06-01,17,6.928851851851851,207.86555555555555
stockholm,2014-07-01,25,10.863736559139785,336.7758333333333
stockholm,2014-08-01,22,7.48094982078853,231.90944444444443
stockholm,2014-09-01,23,8.111148148148148,243.33444444444444
stockholm,2014-10-01,3,1.6650537634408602,51.61666666666667
stockholm,2014-11-01,0,0.16843518518518516,5.053055555555555
stockholm,2014-12-01,0,1.6565232974910395,51.352222222222224
stockholm,2015-01-01,0,0.6678405017921146,20.703055555555554
stockholm,2015-02-01,6,2.3737003968253965,66.4636111111111
stockholm,2015-03-01,15,5.121209677419355,158.7575
stockholm,2015-04-01,21,7.680453703703704,230.41361111111112
stockholm,2015-05-01,16,6.903781362007169,214.01722222222222
stockholm,2015-06-01,19,8.236518518518519,247.09555555555556
stockholm,2015-07-01,17,6.847634408602151,212.27666666666667
stockholm,2015-08-01,27,10.972078853046595,340.13444444444445
stockholm,2015-09-01,16,5.5588240740740735,166.76472222222222
stockholm,2015-10-01,15,5.162616487455198,160.04111111111112
stockholm,2015-11-01,3,1.537074074074074,46.11222222222222
stockholm,2015-12-01,0,1.8086021505376346,56.06666666666667
stockholm,2016-01-01,2,1.642293906810036,50.91111111111111
stockholm,2016-02-01,10,3.7493390804597704,108.73083333333334
stockholm,2016-03-01,11,3.808100358422939,118.05111111111111
stockholm,2016-04-01,17,6.175185185185185,185.25555555555556
stockholm,2016-05-01,21,9.727437275985663,301.55055555555555
stockholm,2016-06-01,23,9.797074074074073,293.9122222222222
stockholm,2016-07-01,25,10.118808243727598,313.68305555555554
stockholm,2016-08-01,19,6.756756272401434,209.45944444444444
stockholm,2016-09-01,20,6.863824074074074,205.91472222222222
stockholm,2016-10-01,8,2.8355913978494622,87.90333333333334
stockholm,2016-11-01,2,1.4430925925925926,43.29277777777778
stockholm,2016-12-01,0,1.9889874551971327,61.658611111111114
stockholm,2017-01-01,0,1.4902240143369176,46.19694444444445
stockholm,2017-02-01,11,3.3475099206349204,93.73027777777777
stockholm,2017-03-01,12,4.780143369175627,148.18444444444444
stockholm,2017-04-01,19,6.938842592592593,208.1652777777778
stockholm,2017-05-01,23,9.915367383512544,307.37638888888887
stockholm,2017-06-01,22,9.300425925925927,279.0127777777778
stockholm,2017-07-01,25,9.021666666666667,279.6716666666667
stockholm,2017-08-01,19,7.720761648745519,239.3436111111111
stockholm,2017-09-01,5,3.3304259259259257,99.91277777777778
stockholm,2017-10-01,7,2.897956989247312,89.83666666666667
stockholm,2017-11-01,5,1.8555833333333334,55.667500000000004
stockholm,2017-12-01,0,0.6364247311827957,19.729166666666668
stockholm,2018-01-01,0,1.1694444444444445,36.25277777777778
stockholm,2018-02-01,2,2.1700595238095235,60.76166666666666
stockholm,2018-03-01,15,5.340537634408602,165.55666666666667
stockholm,2018-04-01,19,7.720083333333333,231.6025
stockholm,2018-05-01,27,13.717132616487454,425.2311111111111
stockholm,2018-06-01,28,10.64737037037037,319.4211111111111
stockholm,2018-07-01,28,12.566200716845877,389.5522222222222
stockholm,2018-08-01,22,8.14921146953405,252.62555555555556
stockholm,2018-09-01,15,6.263675925925925,187.91027777777776
stockholm,2018-10-01,8,3.930483870967742,121.845
stockholm,2018-11-01,2,1.5167962962962962,45.50388888888889
stockholm,2018-12-01,0,0.5655645161290322,17.5325
stockholm,2019-01-01,1,1.521863799283154,47.17777777777778
stockholm,2019-02-01,9,3.425694444444445,95.91944444444445
stockholm,2019-03-01,13,4.472249103942652,138.63972222222222
stockholm,2019-04-01,23,9.294601851851853,278.83805555555557
stockholm,2019-05-01,19,8.209363799283155,254.49027777777778
stockholm,2019-06-01,24,10.974629629629629,329.2388888888889
stockholm,2019-07-01,23,9.100286738351254,282.1088888888889
stockholm,2019-08-01,20,7.204372759856631,223.33555555555557
stockholm,2019-09-01,16,5.816694444444445,174.50083333333333
stockholm,2019-10-01,5,2.6730824372759856,82.86555555555556
stockholm,2019-11-01,3,1.112324074074074,33.36972222222222
stockholm,2019-12-01,0,0.6383781362007169,19.789722222222224
stockholm,2020-01-01,1,1.1838799283154122,36.70027777777778
stockholm,2020-02-01,9,3.1988314176245214,92.76611111111112
stockholm,2020-03-01,14,5.354793906810036,165.9986111111111
stockholm,2020-04-01,22,8.194277777777778,245.82833333333332
stockholm,2020-05-01,26,9.466191756272401,293.45194444444445
stockholm,2020-06-01,25,13.239574074074074,397.1872222222222
stockholm,2020-07-01,23,8.89299283154122,275.6827777777778
stockholm,2020-08-01,27,10.263440860215054,318.1666666666667
stockholm,2020-09-01,14,5.54412037037037,166.32361111111112
stockholm,2020-10-01,4,2.523431899641577,78.22638888888889
stockholm,2020-11-01,1,1.4600462962962963,43.80138888888889
stockholm,2020-12-01,0,0.11542114695340502,3.5780555555555558
stockholm,2021-01-01,1,0.7907795698924731,24.514166666666668
stockholm,2021-02-01,6,3.018799603174603,84.52638888888889
stockholm,2021-03-01,11,4.4826881720430105,138.96333333333334
stockholm,2021-04-01,20,8.232537037037037,246.97611111111112
stockholm,2021-05-01,19,7.021783154121864,217.67527777777778
stockholm,2021-06-01,25,11.566657407407407,346.9997222222222
stockholm,2021-07-01,27,11.597508960573476,359.5227777777778
stockholm,2021-08-01,18,6.4276164874551975,199.25611111111112
stockholm,2021-09-01,12,4.932222222222222,147.96666666666667
stockholm,2021-10-01,7,2.8921774193548386,89.6575
stockholm,2021-11-01,2,1.7455740740740742,52.367222222222225
stockholm,2021-12-01,0,1.701469534050179,52.745555555555555
stockholm,2022-01-01,2,1.7110573476702509,53.04277777777778
stockholm,2022-02-01,8,3.6535714285714285,102.3
stockholm,2022-03-01,26,8.69073476702509,269.41277777777776
stockholm,2022-04-01,23,8.946083333333332,268.3825
stockholm,2022-05-01,20,8.802069892473119,272.8641666666667
stockholm,2022-06-01,25,10.427453703703703,312.8236111111111
stockholm,2022-07-01,21,8.70502688172043,269.85583333333335
stockholm,2022-08-01,23,9.190152329749104,284.89472222222224
stockholm,2022-09-01,11,4.570462962962963,137.11388888888888
stockholm,2022-10-01,11,4.209444444444444,130.49277777777777
stockholm,2022-11-01,1,1.1546018518518517,34.63805555555555
stockholm,2022-12-01,0,0.7253046594982079,22.484444444444446
stockholm,2023-01-01,2,1.2416756272401432,38.49194444444444
stockholm,2023-02-01,6,2.6875595238095236,75.25166666666667
stockholm,2023-03-01,8,3.7536648745519714,116.36361111111111
stockholm,2023-04-01,20,8.446268518518519,253.38805555555555
stockholm,2023-05-01,28,12.082437275985663,374.55555555555554
stockholm,2023-06-01,27,13.063629629629629,391.9088888888889
stockholm,2023-07-01,24,9.233046594982078,286.22444444444443
stockholm,2023-08-01,14,4.753109318996416,147.3463888888889
stockholm,2023-09-01,18,6.256388888888889,187.69166666666666
stockholm,2023-10-01,10,3.735716845878136,115.80722222222222
stockholm,2023-11-01,0,0.6486296296296297,19.45888888888889
stockholm,2023-12-01,0,0.43303763440860216,13.424166666666666
stockholm,2024-01-01,2,1.5792293906810035,48.95611111111111
stockholm,2024-02-01,1,1.6997222222222224,49.29194444444445
stockholm,2024-03-01,10,3.7402060931899643,115.94638888888889
stockholm,2024-04-01,7,3.7698796296296293,113.09638888888888
stockholm,2024-05-01,27,12.471254480286738,386.6088888888889
stockholm,2024-06-01,28,10.943268518518519,328.29805555555555
stockholm,2024-07-01,22,8.217777777777778,254.7511111111111
stockholm,2024-08-01,24,9.007652329749103,279.2372222222222
stockholm,2024-09-01,16,7.0225,210.675
stockholm,2024-10-01,13,4.512311827956989,139.88166666666666
stockholm,2024-11-01,6,2.832009259259259,84.96027777777778
stockholm,2024-12-01,0,1.0515322580645161,32.5975
stockholm,2025-01-01,0,1.306263440860215,40.494166666666665
stockholm,2025-02-01,7,2.80530753968254,78.54861111111111
stockholm,2025-03-01,18,6.149480286738351,190.6338888888889
stockholm,2025-04-01,19,6.915314814814815,207.45944444444444
stockholm,2025-05-01,22,8.256756272401434,255.95944444444444
stockholm,2025-06-01,19,8.902796296296296,267.0838888888889
stockholm,2025-07-01,20,9.114417562724013,282.5469444444444
stockholm,2025-08-01,21,7.441666666666666,230.69166666666666
stockholm,2025-09-01,16,6.089250000000001,182.6775
stockholm,2025-10-01,9,3.3588620071684585,104.12472222222222
stockholm,2025-11-01,2,1.56625,46.9875
stockholm,2025-12-01,0,1.205663082437276,37.37555555555556
stockholm,2026-01-01,0,0.7765681003584229,24.073611111111113
stockholm,2026-02-01,0,0.0,0.0
vasterbotten,1983-01-01,0,0.5082258064516129,15.754999999999999
vasterbotten,1983-02-01,6,2.935297619047619,82.18833333333333
vasterbotten,1983-03-01,7,2.9111290322580645,90.245
vasterbotten,1983-04-01,9,3.0802222222222224,92.40666666666667
vasterbotten,1983-05-01,12,5.202903225806451,161.29
vasterbotten,1983-06-01,20,7.490777777777778,224.72333333333333
vasterbotten,1983-07-01,21,9.173763440860215,284.38666666666666
vasterbotten,1983-08-01,20,7.263763440860215,225.17666666666668
vasterbotten,1983-09-01,6,2.6723333333333334,80.17
vasterbotten,1983-10-01,4,2.1871505376344085,67.80166666666666
vasterbotten,1983-11-01,0,1.9229444444444443,57.68833333333333
vasterbotten,1983-12-01,0,0.022204301075268818,0.6883333333333334
vasterbotten,1984-01-01,0,0.5319354838709677,16.49
vasterbotten,1984-02-01,3,1.1194827586206895,32.464999999999996
vasterbotten,1984-03-01,14,5.3647849462365595,166.30833333333334
vasterbotten,1984-04-01,16,6.277222222222222,188.31666666666666
vasterbotten,1984-05-01,29,10.093225806451612,312.89
vasterbotten,1984-06-01,17,7.425222222222222,222.75666666666666
vasterbotten,1984-07-01,13,5.225537634408602,161.99166666666667
vasterbotten,1984-08-01,19,7.2011290322580646,223.235
vasterbotten,1984-09-01,3,1.7517222222222224,52.55166666666667
vasterbotten,1984-10-01,3,1.6074193548387097,49.83
vasterbotten,1984-11-01,0,0.8832777777777778,26.498333333333335
vasterbotten,1984-12-01,0,0.2189247311827957,6.786666666666667
vasterbotten,1985-01-01,0,1.7218279569892472,53.376666666666665
vasterbotten,1985-02-01,7,3.287083333333333,92.03833333333333
vasterbotten,1985-03-01,7,2.704731182795699,83.84666666666666
vasterbotten,1985-04-01,14,6.752166666666667,202.565
vasterbotten,1985-05-01,15,6.788440860215053,210.44166666666666
vasterbotten,1985-06-01,23,8.952277777777777,268.5683333333333
vasterbotten,1985-07-01,19,8.706720430107527,269.90833333333336
vasterbotten,1985-08-01,11,4.876989247311828,151.18666666666667
vasterbotten,1985-09-01,15,5.920555555555556,177.61666666666667
vasterbotten,1985-10-01,8,3.5161290322580645,109.0
vasterbotten,1985-11-01,0,1.6196666666666668,48.59
vasterbotten,1985-12-01,0,0.6517741935483872,20.205000000000002
vasterbotten,1986-01-01,0,0.8282795698924731,25.676666666666666
vasterbotten,1986-02-01,11,4.186488095238095,117.22166666666666
vasterbotten,1986-03-01,4,1.8325806451612905,56.81
vasterbotten,1986-04-01,13,6.059055555555556,181.77166666666668
vasterbotten,1986-05-01,21,8.17274193548387,253.355
vasterbotten,1986-06-01,25,11.968555555555556,359.0566666666667
vasterbotten,1986-07-01,18,7.90478494623656,245.04833333333335
vasterbotten,1986-08-01,6,3.3181182795698922,102.86166666666666
vasterbotten,1986-09-01,10,4.176166666666666,125.285
vasterbotten,1986-10-01,8,3.149462365591398,97.63333333333333
vasterbotten,1986-11-01,3,1.7340000000000002,52.02
vasterbotten,1986-12-01,0,0.38559139784946234,11.953333333333333
vasterbotten,1987-01-01,0,2.069569892473118,64.15666666666667
vasterbotten,1987-02-01,8,3.6333333333333333,101.73333333333333
vasterbotten,1987-03-01,14,4.8206989247311824,149.44166666666666
vasterbotten,1987-04-01,18,7.567444444444445,227.02333333333334
vasterbotten,1987-05-01,18,8.19505376344086,254.04666666666665
vasterbotten,1987-06-01,16,7.0794999999999995,212.385
vasterbotten,1987-07-01,18,9.20779569892473,285.44166666666666
vasterbotten,1987-08-01,12,4.844569892473118,150.18166666666667
vasterbotten,1987-09-01,9,3.1175,93.525
vasterbotten,1987-10-01,4,1.816290322580645,56.305
vasterbotten,1987-11-01,3,1.175611111111111,35.26833333333333
vasterbotten,1987-12-01,0,0.6062903225806452,18.795
vasterbotten,1988-01-01,0,0.2651612903225807,8.22
vasterbotten,1988-02-01,2,0.9718965517241379,28.185
vasterbotten,1988-03-01,1,0.787956989247312,24.42666666666667
vasterbotten,1988-04-01,21,9.232722222222224,276.9816666666667
vasterbotten,1988-05-01,23,10.407688172043011,322.6383333333333
vasterbotten,1988-06-01,23,11.192722222222221,335.78166666666664
vasterbotten,1988-07-01,21,8.546129032258065,264.93
vasterbotten,1988-08-01,11,4.354516129032258,134.99
vasterbotten,1988-09-01,8,3.8900555555555556,116.70166666666667
vasterbotten,1988-10-01,10,4.151666666666667,128.70166666666668
vasterbotten,1988-11-01,1,3.140222222222222,94.20666666666666
vasterbotten,1988-12-01,0,1.2794086021505378,39.66166666666667
vasterbotten,1989-01-01,1,1.3239784946236557,41.04333333333333
vasterbotten,1989-02-01,7,2.829285714285714,79.22
vasterbotten,1989-03-01,8,2.8320967741935483,87.795
vasterbotten,1989-04-01,11,4.861777777777777,145.85333333333332
vasterbotten,1989-05-01,25,10.340376344086021,320.5516666666667
vasterbotten,1989-06-01,24,11.116555555555555,333.49666666666667
vasterbotten,1989-07-01,22,9.298279569892474,288.24666666666667
vasterbotten,1989-08-01,15,5.589301075268817,173.26833333333332
vasterbotten,1989-09-01,16,6.234388888888889,187.03166666666667
vasterbotten,1989-10-01,10,3.8215591397849464,118.46833333333333
vasterbotten,1989-11-01,0,1.4699444444444445,44.098333333333336
vasterbotten,1989-12-01,0,1.0497311827956988,32.541666666666664
vasterbotten,1990-01-01,0,0.6590322580645162,20.43
vasterbotten,1990-02-01,2,1.8403571428571428,51.53
vasterbotten,1990-03-01,15,5.391612903225806,167.14
vasterbotten,1990-04-01,17,6.717555555555555,201.52666666666667
vasterbotten,1990-05-01,18,8.994731182795698,278.83666666666664
vasterbotten,1990-06-01,22,10.027777777777777,300.8333333333333
vasterbotten,1990-07-01,14,6.5761290322580646,203.86
vasterbotten,1990-08-01,16,6.50505376344086,201.65666666666667
vasterbotten,1990-09-01,6,2.903277777777778,87.09833333333333
vasterbotten,1990-10-01,9,3.7379569892473117,115.87666666666667
vasterbotten,1990-11-01,3,1.921722222222222,57.651666666666664
vasterbotten,1990-12-01,0,0.9546236559139785,29.593333333333334
vasterbotten,1991-01-01,0,0.9959677419354839,30.875
vasterbotten,1991-02-01,9,3.7295833333333333,104.42833333333333
vasterbotten,1991-03-01,7,2.7643548387096772,85.695
vasterbotten,1991-04-01,20,7.548222222222222,226.44666666666666
vasterbotten,1991-05-01,15,6.046774193548386,187.45
vasterbotten,1991-06-01,18,7.717666666666667,231.53
vasterbotten,1991-07-01,18,8.668333333333333,268.7183333333333
vasterbotten,1991-08-01,14,6.489516129032259,201.175
vasterbotten,1991-09-01,12,4.660833333333333,139.825
vasterbotten,1991-10-01,7,2.2528494623655915,69.83833333333334
vasterbotten,1991-11-01,0,1.3242222222222222,39.72666666666667
vasterbotten,1991-12-01,0,0.7876344086021506,24.416666666666668
vasterbotten,1992-01-01,0,1.4325806451612904,44.410000000000004
vasterbotten,1992-02-01,3,1.9998850574712645,57.99666666666667
vasterbotten,1992-03-01,6,2.843010752688172,88.13333333333333
vasterbotten,1992-04-01,9,3.9034444444444447,117.10333333333334
vasterbotten,1992-05-01,24,10.121505376344086,313.76666666666665
vasterbotten,1992-06-01,29,13.624,408.72
vasterbotten,1992-07-01,18,6.788279569892473,210.43666666666667
vasterbotten,1992-08-01,11,4.086666666666667,126.68666666666667
vasterbotten,1992-09-01,7,3.463388888888889,103.90166666666667
vasterbotten,1992-10-01,7,2.9421505376344084,91.20666666666666
vasterbotten,1992-11-01,0,0.8474999999999999,25.424999999999997
vasterbotten,1992-12-01,0,0.07575268817204302,2.3483333333333336
vasterbotten,1993-01-01,0,0.7721505376344087,23.936666666666667
vasterbotten,1993-02-01,8,3.9349999999999996,110.17999999999999
vasterbotten,1993-03-01,16,5.144301075268817,159.47333333333333
vasterbotten,1993-04-01,19,7.606222222222223,228.18666666666667
vasterbotten,1993-05-01,18,7.617580645161291,236.145
vasterbotten,1993-06-01,16,7.076833333333334,212.305
vasterbotten,1993-07-01,17,7.058548387096774,218.815
vasterbotten,1993-08-01,9,3.6914516129032253,114.43499999999999
vasterbotten,1993-09-01,11,4.6691111111111105,140.07333333333332
vasterbotten,1993-10-01,10,3.698387096774194,114.65
vasterbotten,1993-11-01,1,0.830388888888889,24.91166666666667
vasterbotten,1993-12-01,0,0.5631720430107526,17.458333333333332
vasterbotten,1994-01-01,1,1.40247311827957,43.47666666666667
vasterbotten,1994-02-01,17,5.744285714285715,160.84
vasterbotten,1994-03-01,15,5.070430107526882,157.18333333333334
vasterbotten,1994-04-01,16,6.2988888888888885,188.96666666666667
vasterbotten,1994-05-01,29,10.453010752688172,324.04333333333335
vasterbotten,1994-06-01,21,8.308166666666667,249.245
vasterbotten,1994-07-01,29,12.998978494623655,402.9683333333333
vasterbotten,1994-08-01,21,8.441827956989247,261.69666666666666
vasterbotten,1994-09-01,11,4.898611111111111,146.95833333333334
vasterbotten,1994-10-01,12,3.9963978494623658,123.88833333333334
vasterbotten,1994-11-01,3,2.013611111111111,60.40833333333333
vasterbotten,1994-12-01,0,1.0322043010752688,31.99833333333333
vasterbotten,1995-01-01,0,1.3501075268817204,41.85333333333333
vasterbotten,1995-02-01,4,2.568988095238095,71.93166666666666
vasterbotten,1995-03-01,8,2.6247849462365593,81.36833333333334
vasterbotten,1995-04-01,20,7.075055555555555,212.25166666666667
vasterbotten,1995-05-01,21,8.837473118279568,273.96166666666664
vasterbotten,1995-06-01,20,9.382277777777777,281.4683333333333
vasterbotten,1995-07-01,22,9.570913978494623,296.6983333333333
vasterbotten,1995-08-01,21,8.679139784946237,269.05333333333334
vasterbotten,1995-09-01,15,5.548555555555556,166.45666666666668
vasterbotten,1995-10-01,10,3.892043010752688,120.65333333333334
vasterbotten,1995-11-01,3,2.3120555555555553,69.36166666666666
vasterbotten,1995-12-01,0,1.2351612903225806,38.29
vasterbotten,1996-01-01,0,1.280215053763441,39.68666666666667
vasterbotten,1996-02-01,12,4.18051724137931,121.235
vasterbotten,1996-03-01,15,5.573655913978494,172.78333333333333
vasterbotten,1996-04-01,18,6.795888888888888,203.87666666666667
vasterbotten,1996-05-01,21,9.535161290322582,295.59000000000003
vasterbotten,1996-06-01,18,8.243555555555556,247.30666666666667
vasterbotten,1996-07-01,19,6.7710215053763445,209.90166666666667
vasterbotten,1996-08-01,24,9.625806451612902,298.4
vasterbotten,1996-09-01,13,5.229222222222222,156.87666666666667
vasterbotten,1996-10-01,8,2.8076344086021505,87.03666666666666
vasterbotten,1996-11-01,2,1.4247777777777777,42.74333333333333
vasterbotten,1996-12-01,0,0.7008602150537634,21.726666666666667
vasterbotten,1997-01-01,1,1.7893548387096774,55.47
vasterbotten,1997-02-01,5,2.564702380952381,71.81166666666667
vasterbotten,1997-03-01,14,5.374623655913978,166.61333333333332
vasterbotten,1997-04-01,19,7.6449444444444445,229.34833333333333
vasterbotten,1997-05-01,20,8.179354838709678,253.56
vasterbotten,1997-06-01,24,11.461333333333332,343.84
vasterbotten,1997-07-01,23,10.118494623655915,313.67333333333335
vasterbotten,1997-08-01,25,9.7105376344086,301.02666666666664
vasterbotten,1997-09-01,11,4.952888888888889,148.58666666666667
vasterbotten,1997-10-01,4,1.8751612903225807,58.13
vasterbotten,1997-11-01,2,0.9372222222222223,28.116666666666667
vasterbotten,1997-12-01,0,0.6990860215053764,21.671666666666667
vasterbotten,1998-01-01,1,1.0827956989247314,33.56666666666667
vasterbotten,1998-02-01,3,2.1523214285714287,60.265
vasterbotten,1998-03-01,10,3.989623655913978,123.67833333333333
vasterbotten,1998-04-01,21,8.1675,245.025
vasterbotten,1998-05-01,22,8.10768817204301,251.33833333333334
vasterbotten,1998-06-01,16,6.801444444444444,204.04333333333332
vasterbotten,1998-07-01,15,6.2720430107526886,194.43333333333334
vasterbotten,1998-08-01,8,3.607634408602151,111.83666666666667
vasterbotten,1998-09-01,11,4.53811111111111,136.14333333333332
vasterbotten,1998-10-01,8,2.8298924731182797,87.72666666666667
vasterbotten,1998-11-01,1,0.798611111111111,23.958333333333332
vasterbotten,1998-12-01,0,0.8659677419354839,26.845
vasterbotten,1999-01-01,0,1.0413978494623655,32.28333333333333
vasterbotten,1999-02-01,1,1.4541666666666668,40.71666666666667
vasterbotten,1999-03-01,8,2.9708602150537633,92.09666666666666
vasterbotten,1999-04-01,16,6.9510555555555555,208.53166666666667
vasterbotten,1999-05-01,23,9.59274193548387,297.375
vasterbotten,1999-06-01,19,9.293333333333333,278.8
vasterbotten,1999-07-01,19,8.439731182795699,261.63166666666666
vasterbotten,1999-08-01,20,7.894569892473118,244.73166666666665
vasterbotten,1999-09-01,12,5.116722222222222,153.50166666666667
vasterbotten,1999-10-01,9,3.368387096774194,104.42
vasterbotten,1999-11-01,1,1.5393333333333332,46.18
vasterbotten,1999-12-01,0,1.1631720430107528,36.05833333333334
vasterbotten,2000-01-01,0,2.4548924731182793,76.10166666666666
vasterbotten,2000-02-01,6,3.0076436781609193,87.22166666666666
vasterbotten,2000-03-01,20,6.805161290322581,210.96
vasterbotten,2000-04-01,12,5.6547222222222215,169.64166666666665
vasterbotten,2000-05-01,21,7.505698924731183,232.67666666666668
vasterbotten,2000-06-01,21,9.256277777777777,277.68833333333333
vasterbotten,2000-07-01,11,5.701182795698924,176.73666666666665
vasterbotten,2000-08-01,16,6.222204301075268,192.88833333333332
vasterbotten,2000-09-01,17,6.164277777777778,184.92833333333334
vasterbotten,2000-10-01,1,1.3509139784946236,41.87833333333333
vasterbotten,2000-11-01,0,0.142,4.26
vasterbotten,2000-12-01,0,0.3373118279569893,10.456666666666667
vasterbotten,2001-01-01,0,1.0432795698924733,32.34166666666667
vasterbotten,2001-02-01,9,3.8228571428571425,107.03999999999999
vasterbotten,2001-03-01,16,5.525215053763441,171.28166666666667
vasterbotten,2001-04-01,16,6.998333333333333,209.95
vasterbotten,2001-05-01,20,8.103870967741935,251.22
vasterbotten,2001-06-01,25,10.184666666666667,305.54
vasterbotten,2001-07-01,21,7.834569892473119,242.87166666666667
vasterbotten,2001-08-01,17,6.528655913978494,202.38833333333332
vasterbotten,2001-09-01,11,3.8807222222222224,116.42166666666667
vasterbotten,2001-10-01,6,2.4321505376344086,75.39666666666666
vasterbotten,2001-11-01,3,2.347777777777778,70.43333333333334
vasterbotten,2001-12-01,0,0.7398924731182795,22.936666666666667
vasterbotten,2002-01-01,0,0.7028494623655914,21.788333333333334
vasterbotten,2002-02-01,4,2.396607142857143,67.105
vasterbotten,2002-03-01,14,5.2642473118279565,163.19166666666666
vasterbotten,2002-04-01,16,6.9639444444444445,208.91833333333332
vasterbotten,2002-05-01,24,10.839193548387096,336.015
vasterbotten,2002-06-01,22,9.877333333333333,296.32
vasterbotten,2002-07-01,24,9.998225806451613,309.945
vasterbotten,2002-08-01,26,10.05252688172043,311.62833333333333
vasterbotten,2002-09-01,12,5.057611111111111,151.72833333333332
vasterbotten,2002-10-01,7,2.0990322580645158,65.07
vasterbotten,2002-11-01,1,1.3137777777777777,39.413333333333334
vasterbotten,2002-12-01,0,0.8278494623655914,25.663333333333334
vasterbotten,2003-01-01,1,1.3246236559139786,41.06333333333333
vasterbotten,2003-02-01,7,2.8337499999999998,79.345
vasterbotten,2003-03-01,10,3.9429032258064516,122.23
vasterbotten,2003-04-01,19,7.9527222222222225,238.58166666666668
vasterbotten,2003-05-01,17,6.739032258064516,208.91
vasterbotten,2003-06-01,17,8.357000000000001,250.71
vasterbotten,2003-07-01,25,10.75241935483871,333.325
vasterbotten,2003-08-01,16,5.693440860215054,176.49666666666667
vasterbotten,2003-09-01,18,5.948666666666667,178.46
vasterbotten,2003-10-01,13,4.166666666666666,129.16666666666666
vasterbotten,2003-11-01,2,1.2996666666666667,38.99
vasterbotten,2003-12-01,0,1.0038172043010751,31.118333333333332
vasterbotten,2004-01-01,0,0.9131720430107527,28.308333333333334
vasterbotten,2004-02-01,6,3.004712643678161,87.13666666666667
vasterbotten,2004-03-01,12,4.581881720430108,142.03833333333333
vasterbotten,2004-04-01,17,7.736000000000001,232.08
vasterbotten,2004-05-01,21,7.035,218.085
vasterbotten,2004-06-01,21,9.047722222222223,271.4316666666667
vasterbotten,2004-07-01,15,7.380322580645161,228.79
vasterbotten,2004-08-01,20,6.899086021505377,213.87166666666667
vasterbotten,2004-09-01,9,3.7775555555555558,113.32666666666667
vasterbotten,2004-10-01,10,3.371774193548387,104.52499999999999
vasterbotten,2004-11-01,2,2.557166666666667,76.715
vasterbotten,2004-12-01,0,1.206774193548387,37.410000000000004
vasterbotten,2005-01-01,0,0.6877956989247311,21.321666666666665
vasterbotten,2005-02-01,7,2.63,73.64
vasterbotten,2005-03-01,21,6.604086021505376,204.72666666666666
vasterbotten,2005-04-01,21,9.1505,274.515
vasterbotten,2005-05-01,18,7.915268817204301,245.37333333333333
vasterbotten,2005-06-01,18,7.449888888888889,223.49666666666667
vasterbotten,2005-07-01,23,9.737795698924732,301.87166666666667
vasterbotten,2005-08-01,15,5.747096774193548,178.16
vasterbotten,2005-09-01,19,6.703888888888889,201.11666666666667
vasterbotten,2005-10-01,4,2.35252688172043,72.92833333333333
vasterbotten,2005-11-01,0,1.3726666666666667,41.18
vasterbotten,2005-12-01,0,0.3268817204301075,10.133333333333333
vasterbotten,2006-01-01,0,1.407795698924731,43.641666666666666
vasterbotten,2006-02-01,9,3.469404761904762,97.14333333333333
vasterbotten,2006-03-01,15,5.269032258064517,163.34
vasterbotten,2006-04-01,11,4.538555555555556,136.15666666666667
vasterbotten,2006-05-01,17,7.061451612903226,218.905
vasterbotten,2006-06-01,26,10.591333333333333,317.74
vasterbotten,2006-07-01,29,12.07521505376344,374.33166666666665
vasterbotten,2006-08-01,24,9.221021505376346,285.8516666666667
vasterbotten,2006-09-01,9,4.378333333333333,131.35
vasterbotten,2006-10-01,7,2.3743548387096776,73.605
vasterbotten,2006-11-01,3,1.7442777777777778,52.32833333333333
vasterbotten,2006-12-01,0,0.5904838709677419,18.305
vasterbotten,2007-01-01,0,2.1447311827956987,66.48666666666666
vasterbotten,2007-02-01,5,2.382202380952381,66.70166666666667
vasterbotten,2007-03-01,17,6.290322580645161,195.0
vasterbotten,2007-04-01,23,7.892388888888889,236.77166666666668
vasterbotten,2007-05-01,14,6.317204301075269,195.83333333333334
vasterbotten,2007-06-01,24,12.37038888888889,371.1116666666667
vasterbotten,2007-07-01,15,6.883494623655913,213.38833333333332
vasterbotten,2007-08-01,17,7.0932795698924735,219.89166666666668
vasterbotten,2007-09-01,11,5.222833333333333,156.685
vasterbotten,2007-10-01,8,3.206451612903226,99.4
vasterbotten,2007-11-01,3,1.6109444444444445,48.32833333333333
vasterbotten,2007-12-01,0,1.0620430107526881,32.92333333333333
vasterbotten,2008-01-01,0,0.912715053763441,28.29416666666667
vasterbotten,2008-02-01,5,2.773438697318008,80.42972222222222
vasterbotten,2008-03-01,10,3.4930376344086023,108.28416666666666
vasterbotten,2008-04-01,16,6.661175925925926,199.83527777777778
vasterbotten,2008-05-01,24,9.943028673835125,308.2338888888889
vasterbotten,2008-06-01,21,9.420944444444444,282.62833333333333
vasterbotten,2008-07-01,25,9.961344086021505,308.8016666666667
vasterbotten,2008-08-01,13,5.848853046594981,181.31444444444443
vasterbotten,2008-09-01,15,5.428851851851851,162.86555555555555
vasterbotten,2008-10-01,10,3.7010663082437274,114.73305555555555
vasterbotten,2008-11-01,1,1.7343425925925926,52.030277777777776
vasterbotten,2008-12-01,0,0.6372401433691757,19.754444444444445
vasterbotten,2009-01-01,0,1.023458781362007,31.72722222222222
vasterbotten,2009-02-01,11,3.4382242063492066,96.27027777777778
vasterbotten,2009-03-01,10,3.9116756272401436,121.26194444444445
vasterbotten,2009-04-01,17,6.473731481481481,194.21194444444444
vasterbotten,2009-05-01,23,10.109650537634408,313.39916666666664
vasterbotten,2009-06-01,21,9.925101851851851,297.75305555555553
vasterbotten,2009-07-01,13,6.06255376344086,187.93916666666667
vasterbotten,2009-08-01,20,8.01652329749104,248.51222222222222
vasterbotten,2009-09-01,18,6.5390092592592595,196.17027777777778
vasterbotten,2009-10-01,14,4.656702508960573,144.35777777777778
vasterbotten,2009-11-01,0,0.35612962962962963,10.68388888888889
vasterbotten,2009-12-01,0,0.44639784946236566,13.838333333333335
vasterbotten,2010-01-01,0,0.8185483870967742,25.375
vasterbotten,2010-02-01,9,3.3179166666666666,92.90166666666667
vasterbotten,2010-03-01,16,5.188387096774194,160.84
vasterbotten,2010-04-01,16,6.455203703703703,193.6561111111111
vasterbotten,2010-05-01,24,8.783145161290324,272.27750000000003
vasterbotten,2010-06-01,25,10.931888888888889,327.95666666666665
vasterbotten,2010-07-01,24,8.871586021505376,275.01916666666665
vasterbotten,2010-08-01,16,6.227786738351255,193.0613888888889
vasterbotten,2010-09-01,15,6.223268518518519,186.69805555555556
vasterbotten,2010-10-01,7,3.1317652329749106,97.08472222222223
vasterbotten,2010-11-01,3,2.1429259259259257,64.28777777777778
vasterbotten,2010-12-01,0,0.7345967741935484,22.7725
vasterbotten,2011-01-01,0,1.1649462365591396,36.11333333333333
vasterbotten,2011-02-01,6,2.9123710317460314,81.54638888888888
vasterbotten,2011-03-01,21,7.315188172043011,226.77083333333334
vasterbotten,2011-04-01,22,8.22825,246.8475
vasterbotten,2011-05-01,19,8.442069892473118,261.70416666666665
vasterbotten,2011-06-01,23,10.498814814814814,314.96444444444444
vasterbotten,2011-07-01,25,9.809041218637994,304.0802777777778
vasterbotten,2011-08-01,14,5.76505376344086,178.71666666666667
vasterbotten,2011-09-01,3,3.1428148148148147,94.28444444444445
vasterbotten,2011-10-01,12,4.444892473118279,137.79166666666666
vasterbotten,2011-11-01,0,1.499537037037037,44.98611111111111
vasterbotten,2011-12-01,0,0.49706989247311834,15.409166666666668
vasterbotten,2012-01-01,0,0.6059677419354839,18.785
vasterbotten,2012-02-01,7,3.083706896551724,89.4275
vasterbotten,2012-03-01,17,5.867060931899641,181.8788888888889
vasterbotten,2012-04-01,16,5.761898148148148,172.85694444444445
vasterbotten,2012-05-01,19,8.144982078853046,252.49444444444444
vasterbotten,2012-06-01,18,8.247148148148147,247.41444444444443
vasterbotten,2012-07-01,22,7.9365770609319,246.0338888888889
vasterbotten,2012-08-01,16,6.186917562724014,191.79444444444445
vasterbotten,2012-09-01,13,4.568083333333333,137.0425
vasterbotten,2012-10-01,6,2.562293906810036,79.43111111111111
vasterbotten,2012-11-01,2,1.3611851851851853,40.83555555555556
vasterbotten,2012-12-01,0,0.22202508960573478,6.882777777777778
vasterbotten,2013-01-01,0,1.5531989247311828,48.149166666666666
vasterbotten,2013-02-01,4,1.9100396825396826,53.48111111111111
vasterbotten,2013-03-01,22,7.512374551971327,232.88361111111112
vasterbotten,2013-04-01,19,7.798388888888889,233.95166666666665
vasterbotten,2013-05-01,27,11.630224014336918,360.53694444444443
vasterbotten,2013-06-01,20,8.010583333333333,240.3175
vasterbotten,2013-07-01,19,8.761012544802869,271.5913888888889
vasterbotten,2013-08-01,24,9.389695340501794,291.0805555555556
vasterbotten,2013-09-01,10,4.436092592592592,133.08277777777778
vasterbotten,2013-10-01,13,4.357535842293907,135.0836111111111
vasterbotten,2013-11-01,0,1.6983518518518521,50.95055555555556
vasterbotten,2013-12-01,0,0.7796774193548388,24.17
vasterbotten,2014-01-01,0,0.7674372759856631,23.790555555555557
vasterbotten,2014-02-01,1,0.2609722222222222,7.307222222222222
vasterbotten,2014-03-01,11,4.8781989247311826,151.22416666666666
vasterbotten,2014-04-01,17,7.525222222222222,225.75666666666666
vasterbotten,2014-05-01,20,7.603449820788531,235.70694444444445
vasterbotten,2014-06-01,27,10.262814814814815,307.88444444444445
vasterbotten,2014-07-01,24,11.929444444444446,369.8127777777778
vasterbotten,2014-08-01,19,7.324534050179212,227.06055555555557
vasterbotten,2014-09-01,20,7.266074074074074,217.98222222222222
vasterbotten,2014-10-01,4,1.6422401433691758,50.909444444444446
vasterbotten,2014-11-01,1,0.8311759259259259,24.935277777777777
vasterbotten,2014-12-01,0,0.9504928315412187,29.46527777777778
vasterbotten,2015-01-01,0,0.6341487455197133,19.658611111111114
vasterbotten,2015-02-01,1,1.971359126984127,55.198055555555555
vasterbotten,2015-03-01,15,5.3748387096774195,166.62
vasterbotten,2015-04-01,19,6.75337962962963,202.6013888888889
vasterbotten,2015-05-01,13,5.418431899641577,167.9713888888889
vasterbotten,2015-06-01,18,8.448148148148148,253.44444444444443
vasterbotten,2015-07-01,14,7.372992831541218,228.56277777777777
vasterbotten,2015-08-01,25,9.24336917562724,286.5444444444444
vasterbotten,2015-09-01,15,5.553935185185185,166.61805555555554
vasterbotten,2015-10-01,14,5.217428315412186,161.74027777777778
vasterbotten,2015-11-01,1,1.4369444444444446,43.108333333333334
vasterbotten,2015-12-01,0,1.3438978494623657,41.660833333333336
vasterbotten,2016-01-01,0,1.2064426523297491,37.39972222222222
vasterbotten,2016-02-01,7,2.5555172413793104,74.11
vasterbotten,2016-03-01,7,3.627222222222222,112.44388888888889
vasterbotten,2016-04-01,15,5.724481481481481,171.73444444444445
vasterbotten,2016-05-01,22,9.772885304659498,302.95944444444444
vasterbotten,2016-06-01,20,8.865564814814814,265.96694444444444
vasterbotten,2016-07-01,24,9.903790322580644,307.0175
vasterbotten,2016-08-01,13,5.548593189964158,172.0063888888889
vasterbotten,2016-09-01,14,5.53212037037037,165.9636111111111
vasterbotten,2016-10-01,11,3.6962275985663084,114.58305555555556
vasterbotten,2016-11-01,0,0.8063796296296296,24.191388888888888
vasterbotten,2016-12-01,0,1.3417025089605734,41.592777777777776
vasterbotten,2017-01-01,0,1.2143548387096772,37.644999999999996
vasterbotten,2017-02-01,5,2.1940476190476192,61.43333333333334
vasterbotten,2017-03-01,19,6.57986559139785,203.97583333333333
vasterbotten,2017-04-01,15,6.289333333333333,188.68
vasterbotten,2017-05-01,21,9.559713261648746,296.3511111111111
vasterbotten,2017-06-01,18,9.349305555555556,280.4791666666667
vasterbotten,2017-07-01,17,7.685053763440861,238.23666666666668
vasterbotten,2017-08-01,17,6.43638888888889,199.52805555555557
vasterbotten,2017-09-01,6,3.067027777777778,92.01083333333334
vasterbotten,2017-10-01,3,1.7665501792114695,54.76305555555555
vasterbotten,2017-11-01,0,1.4558703703703704,43.67611111111111
vasterbotten,2017-12-01,0,0.6020698924731183,18.664166666666667
vasterbotten,2018-01-01,0,0.2704569892473118,8.384166666666667
vasterbotten,2018-02-01,8,3.3247718253968257,93.09361111111112
vasterbotten,2018-03-01,17,5.854919354838709,181.5025
vasterbotten,2018-04-01,20,8.235527777777778,247.06583333333333
vasterbotten,2018-05-01,27,13.048790322580645,404.5125
vasterbotten,2018-06-01,22,10.041583333333334,301.2475
vasterbotten,2018-07-01,28,12.727410394265233,394.5497222222222
vasterbotten,2018-08-01,21,8.013620071684588,248.42222222222222
vasterbotten,2018-09-01,15,6.187111111111111,185.61333333333334
vasterbotten,2018-10-01,12,4.090698924731183,126.81166666666667
vasterbotten,2018-11-01,0,2.3830462962962966,71.49138888888889
vasterbotten,2018-12-01,0,0.8336021505376344,25.84166666666667
vasterbotten,2019-01-01,0,1.2548118279569893,38.899166666666666
vasterbotten,2019-02-01,7,2.9079761904761905,81.42333333333333
vasterbotten,2019-03-01,13,5.017464157706093,155.5413888888889
vasterbotten,2019-04-01,23,10.044953703703703,301.3486111111111
vasterbotten,2019-05-01,19,7.912625448028674,245.2913888888889
vasterbotten,2019-06-01,25,10.371796296296298,311.1538888888889
vasterbotten,2019-07-01,25,11.359829749103943,352.15472222222223
vasterbotten,2019-08-01,19,7.260224014336917,225.06694444444443
vasterbotten,2019-09-01,14,5.437009259259259,163.11027777777778
vasterbotten,2019-10-01,4,2.152410394265233,66.72472222222223
vasterbotten,2019-11-01,2,1.0722314814814815,32.16694444444445
vasterbotten,2019-12-01,0,0.609005376344086,18.879166666666666
vasterbotten,2020-01-01,0,0.9498924731182795,29.446666666666665
vasterbotten,2020-02-01,9,3.4772796934865897,100.8411111111111
vasterbotten,2020-03-01,16,5.725456989247312,177.48916666666668
vasterbotten,2020-04-01,18,7.926175925925926,237.78527777777776
vasterbotten,2020-05-01,26,10.672267025089605,330.84027777777777
vasterbotten,2020-06-01,26,13.309148148148148,399.27444444444444
vasterbotten,2020-07-01,15,7.261693548387097,225.1125
vasterbotten,2020-08-01,25,8.997195340501792,278.91305555555556
vasterbotten,2020-09-01,15,5.638407407407408,169.15222222222224
vasterbotten,2020-10-01,4,1.562741935483871,48.445
vasterbotten,2020-11-01,1,1.726037037037037,51.78111111111111
vasterbotten,2020-12-01,0,0.12181899641577061,3.776388888888889
vasterbotten,2021-01-01,1,0.8941756272401434,27.719444444444445
vasterbotten,2021-02-01,7,3.2911210317460315,92.15138888888889
vasterbotten,2021-03-01,16,5.249256272401434,162.72694444444446
vasterbotten,2021-04-01,21,8.217481481481482,246.52444444444444
vasterbotten,2021-05-01,18,8.390224014336917,260.09694444444443
vasterbotten,2021-06-01,22,10.347259259259259,310.41777777777776
vasterbotten,2021-07-01,25,12.40233870967742,384.4725
vasterbotten,2021-08-01,16,7.522168458781362,233.18722222222223
vasterbotten,2021-09-01,9,3.6503333333333337,109.51
vasterbotten,2021-10-01,6,1.819731182795699,56.41166666666667
vasterbotten,2021-11-01,3,2.1849444444444446,65.54833333333333
vasterbotten,2021-12-01,0,0.9217204301075269,28.573333333333334
vasterbotten,2022-01-01,1,1.5433602150537635,47.844166666666666
vasterbotten,2022-02-01,7,3.1653273809523808,88.62916666666666
vasterbotten,2022-03-01,15,5.803781362007168,179.91722222222222
vasterbotten,2022-04-01,19,8.006333333333334,240.19
vasterbotten,2022-05-01,23,9.167643369175627,284.19694444444445
vasterbotten,2022-06-01,23,11.329916666666666,339.8975
vasterbotten,2022-07-01,22,8.93945340501792,277.12305555555554
vasterbotten,2022-08-01,19,7.432177419354839,230.3975
vasterbotten,2022-09-01,10,4.2418148148148145,127.25444444444445
vasterbotten,2022-10-01,7,3.568557347670251,110.62527777777778
vasterbotten,2022-11-01,4,1.3065648148148148,39.19694444444444
vasterbotten,2022-12-01,0,0.7824731182795699,24.256666666666668
vasterbotten,2023-01-01,1,1.5907078853046595,49.31194444444444
vasterbotten,2023-02-01,7,3.5289285714285716,98.81
vasterbotten,2023-03-01,16,5.717616487455197,177.2461111111111
vasterbotten,2023-04-01,23,9.332796296296296,279.9838888888889
vasterbotten,2023-05-01,27,11.54141577060932,357.7838888888889
vasterbotten,2023-06-01,25,12.101027777777778,363.03083333333336
vasterbotten,2023-07-01,20,8.475367383512545,262.7363888888889
vasterbotten,2023-08-01,14,5.602060931899642,173.6638888888889
vasterbotten,2023-09-01,11,4.38012037037037,131.4036111111111
vasterbotten,2023-10-01,8,3.7159408602150537,115.19416666666666
vasterbotten,2023-11-01,0,0.5839907407407406,17.51972222222222
vasterbotten,2023-12-01,0,0.3789605734767025,11.747777777777777
vasterbotten,2024-01-01,0,1.6844354838709679,52.2175
vasterbotten,2024-02-01,4,2.2690517241379307,65.8025
vasterbotten,2024-03-01,10,3.9044623655913977,121.03833333333333
vasterbotten,2024-04-01,17,7.106472222222222,213.19416666666666
vasterbotten,2024-05-01,28,12.852930107526882,398.44083333333333
vasterbotten,2024-06-01,25,11.050314814814815,331.50944444444445
vasterbotten,2024-07-01,20,7.654901433691756,237.30194444444444
vasterbotten,2024-08-01,15,6.740931899641577,208.9688888888889
vasterbotten,2024-09-01,15,5.844250000000001,175.32750000000001
vasterbotten,2024-10-01,11,3.4360752688172043,106.51833333333333
vasterbotten,2024-11-01,2,2.420777777777778,72.62333333333333
vasterbotten,2024-12-01,0,1.2258154121863798,38.000277777777775
vasterbotten,2025-01-01,0,1.1071236559139785,34.32083333333333
vasterbotten,2025-02-01,9,3.147638888888889,88.13388888888889
vasterbotten,2025-03-01,17,6.413951612903225,198.83249999999998
vasterbotten,2025-04-01,21,8.009712962962963,240.2913888888889
vasterbotten,2025-05-01,22,8.54970430107527,265.04083333333335
vasterbotten,2025-06-01,17,8.019092592592592,240.5727777777778
vasterbotten,2025-07-01,28,13.144525089605734,407.48027777777776
vasterbotten,2025-08-01,23,8.234578853046594,255.27194444444444
vasterbotten,2025-09-01,8,3.5132222222222222,105.39666666666666
vasterbotten,2025-10-01,7,3.0486290322580643,94.5075
vasterbotten,2025-11-01,2,1.6134351851851851,48.403055555555554
vasterbotten,2025-12-01,0,0.7081272401433691,21.951944444444443
vasterbotten,2026-01-01,2,0.8194713261648745,25.40361111111111
vasterbotten,2026-02-01,0,0.0,0.0
vasternorrland,1983-01-01,0,0.5040937019969278,15.626904761904761
vasternorrland,1983-02-01,0,2.7720238095238092,77.61666666666666
vasternorrland,1983-03-01,2,2.556006144393241,79.23619047619047
vasternorrland,1983-04-01,3,3.0736507936507937,92.20952380952382
vasternorrland,1983-05-01,11,5.020023041474654,155.62071428571429
vasternorrland,1983-06-01,19,7.705238095238095,231.15714285714284
vasternorrland,1983-07-01,21,8.95167434715822,277.50190476190477
vasternorrland,1983-08-01,23,7.371797235023042,228.5257142857143
vasternorrland,1983-09-01,6,3.078214285714286,92.34642857142858
vasternorrland,1983-10-01,1,2.4104301075268815,74.72333333333333
vasternorrland,1983-11-01,0,1.6574603174603173,49.72380952380952
vasternorrland,1983-12-01,0,0.554147465437788,17.17857142857143
vasternorrland,1984-01-01,0,0.7390860215053763,22.911666666666665
vasternorrland,1984-02-01,0,1.4139408866995073,41.004285714285714
vasternorrland,1984-03-01,8,4.282319508448541,132.75190476190477
vasternorrland,1984-04-01,10,6.0101587301587305,180.3047619047619
vasternorrland,1984-05-01,24,8.195652841781873,254.0652380952381
vasternorrland,1984-06-01,17,6.748404761904762,202.45214285714286
vasternorrland,1984-07-01,12,6.10978494623656,189.40333333333334
vasternorrland,1984-08-01,18,5.962734254992319,184.8447619047619
vasternorrland,1984-09-01,3,2.7595793650793654,82.78738095238096
vasternorrland,1984-10-01,0,1.7389170506912441,53.90642857142857
vasternorrland,1984-11-01,0,1.2724206349206348,38.172619047619044
vasternorrland,1984-12-01,0,0.42598310291858676,13.20547619047619
vasternorrland,1985-01-01,0,1.2813440860215053,39.721666666666664
vasternorrland,1985-02-01,2,3.10734693877551,87.00571428571428
vasternorrland,1985-03-01,0,2.1827342549923197,67.6647619047619
vasternorrland,1985-04-01,13,5.326611111111111,159.79833333333335
vasternorrland,1985-05-01,22,7.771144393241167,240.90547619047618
vasternorrland,1985-06-01,19,7.210269841269841,216.30809523809523
vasternorrland,1985-07-01,17,7.199930875576037,223.19785714285715
vasternorrland,1985-08-01,9,4.962465437788018,153.83642857142857
vasternorrland,1985-09-01,9,4.201777777777777,126.05333333333333
vasternorrland,1985-10-01,1,3.1152457757296466,96.57261904761904
vasternorrland,1985-11-01,0,1.5350238095238096,46.050714285714285
vasternorrland,1985-12-01,0,0.5819047619047619,18.03904761904762
vasternorrland,1986-01-01,0,0.7244086021505376,22.456666666666667
vasternorrland,1986-02-01,4,3.7581802721088438,105.22904761904762
vasternorrland,1986-03-01,3,2.9678494623655913,92.00333333333333
vasternorrland,1986-04-01,11,5.318420634920636,159.55261904761906
vasternorrland,1986-05-01,24,8.313832565284178,257.7288095238095
vasternorrland,1986-06-01,26,10.664809523809522,319.9442857142857
vasternorrland,1986-07-01,24,7.768824884792626,240.83357142857142
vasternorrland,1986-08-01,6,4.740775729646697,146.96404761904762
vasternorrland,1986-09-01,10,5.086071428571429,152.58214285714286
vasternorrland,1986-10-01,5,3.2124270353302613,99.5852380952381
vasternorrland,1986-11-01,0,1.7545,52.635
vasternorrland,1986-12-01,0,0.602073732718894,18.664285714285715
vasternorrland,1987-01-01,0,1.480725806451613,45.902499999999996
vasternorrland,1987-02-01,4,3.161168154761905,88.51270833333334
vasternorrland,1987-03-01,13,4.857271505376343,150.57541666666665
vasternorrland,1987-04-01,17,6.463916666666666,193.9175
vasternorrland,1987-05-01,18,6.901149193548386,213.935625
vasternorrland,1987-06-01,9,5.060222222222222,151.80666666666667
vasternorrland,1987-07-01,19,8.178427419354838,253.53125
vasternorrland,1987-08-01,9,4.810188172043011,149.11583333333334
vasternorrland,1987-09-01,7,4.472833333333333,134.185
vasternorrland,1987-10-01,4,2.8361760752688174,87.92145833333333
vasternorrland,1987-11-01,0,1.1067222222222222,33.20166666666667
vasternorrland,1987-12-01,0,0.9034005376344086,28.00541666666667
vasternorrland,1988-01-01,0,0.32834005376344083,10.178541666666666
vasternorrland,1988-02-01,0,0.9170330459770115,26.593958333333333
vasternorrland,1988-03-01,2,2.542486559139785,78.81708333333333
vasternorrland,1988-04-01,18,7.317590277777778,219.52770833333332
vasternorrland,1988-05-01,26,10.377540322580646,321.70375
vasternorrland,1988-06-01,23,9.361777777777778,280.85333333333335
vasternorrland,1988-07-01,18,7.14934811827957,221.62979166666668
vasternorrland,1988-08-01,13,5.258299731182796,163.00729166666667
vasternorrland,1988-09-01,10,4.678555555555556,140.35666666666665
vasternorrland,1988-10-01,4,3.7242809139784945,115.45270833333333
vasternorrland,1988-11-01,1,2.6224930555555557,78.67479166666666
vasternorrland,1988-12-01,0,1.4168817204301074,43.92333333333333
vasternorrland,1989-01-01,0,1.304274193548387,40.4325
vasternorrland,1989-02-01,4,2.623534226190476,73.45895833333333
vasternorrland,1989-03-01,3,3.165228494623656,98.12208333333334
vasternorrland,1989-04-01,12,5.6257222222222225,168.77166666666668
vasternorrland,1989-05-01,24,9.923077956989246,307.61541666666665
vasternorrland,1989-06-01,27,10.419180555555556,312.5754166666667
vasternorrland,1989-07-01,25,9.100288978494623,282.1089583333333
vasternorrland,1989-08-01,13,5.968198924731182,185.01416666666665
vasternorrland,1989-09-01,15,5.998645833333333,179.959375
vasternorrland,1989-10-01,2,3.151915322580645,97.709375
vasternorrland,1989-11-01,0,2.0392152777777777,61.17645833333333
vasternorrland,1989-12-01,0,0.9973118279569892,30.916666666666668
vasternorrland,1990-01-01,0,0.7709072580645161,23.898125
vasternorrland,1990-02-01,1,1.8978794642857142,53.140625
vasternorrland,1990-03-01,9,4.964737903225806,153.90687499999999
vasternorrland,1990-04-01,16,7.058763888888889,211.76291666666665
vasternorrland,1990-05-01,26,9.469711021505375,293.56104166666665
vasternorrland,1990-06-01,25,8.894534722222224,266.8360416666667
vasternorrland,1990-07-01,17,7.04065188172043,218.26020833333334
vasternorrland,1990-08-01,15,6.858272849462366,212.60645833333334
vasternorrland,1990-09-01,1,2.8472222222222223,85.41666666666667
vasternorrland,1990-10-01,6,3.374932795698925,104.62291666666667
vasternorrland,1990-11-01,0,1.7914861111111111,53.74458333333333
vasternorrland,1990-12-01,0,1.0300470430107527,31.931458333333335
vasternorrland,1991-01-01,0,1.7759005376344086,55.05291666666667
vasternorrland,1991-02-01,1,2.6190401785714283,73.333125
vasternorrland,1991-03-01,4,2.5586424731182795,79.31791666666666
vasternorrland,1991-04-01,20,7.173465277777778,215.20395833333333
vasternorrland,1991-05-01,19,7.15203629032258,221.713125
vasternorrland,1991-06-01,14,5.715618055555556,171.46854166666668
vasternorrland,1991-07-01,23,9.470174731182796,293.5754166666667
vasternorrland,1991-08-01,18,6.734173387096774,208.759375
vasternorrland,1991-09-01,12,5.501,165.03
vasternorrland,1991-10-01,2,2.816418010752688,87.30895833333334
vasternorrland,1991-11-01,0,1.104826388888889,33.14479166666667
vasternorrland,1991-12-01,0,1.035994623655914,32.115833333333335
vasternorrland,1992-01-01,0,1.6840120967741936,52.204375
vasternorrland,1992-02-01,0,1.9348706896551724,56.11125
vasternorrland,1992-03-01,4,2.9659274193548386,91.94375
vasternorrland,1992-04-01,8,4.406881944444445,132.20645833333333
vasternorrland,1992-05-01,24,10.33157930107527,320.2789583333333
vasternorrland,1992-06-01,28,12.061451388888889,361.8435416666667
vasternorrland,1992-07-01,20,7.878790322580645,244.2425
vasternorrland,1992-08-01,10,4.858662634408602,150.61854166666666
vasternorrland,1992-09-01,6,4.367388888888889,131.02166666666668
vasternorrland,1992-10-01,2,2.538487903225806,78.693125
vasternorrland,1992-11-01,0,0.9091597222222222,27.274791666666665
vasternorrland,1992-12-01,0,0.7886559139784947,24.448333333333334
vasternorrland,1993-01-01,0,1.3066599462365591,40.506458333333335
vasternorrland,1993-02-01,1,2.877983630952381,80.58354166666666
vasternorrland,1993-03-01,7,4.508494623655913,139.76333333333332
vasternorrland,1993-04-01,20,7.69323611111111,230.79708333333332
vasternorrland,1993-05-01,22,9.164072580645161,284.08625
vasternorrland,1993-06-01,23,8.084729166666667,242.541875
vasternorrland,1993-07-01,14,6.1508534946236555,190.67645833333333
vasternorrland,1993-08-01,11,5.260288978494624,163.06895833333334
vasternorrland,1993-09-01,9,4.681819444444445,140.45458333333335
vasternorrland,1993-10-01,2,3.3093951612903227,102.59125
vasternorrland,1993-11-01,0,0.6399722222222223,19.199166666666667
vasternorrland,1993-12-01,0,0.6697311827956989,20.761666666666667
vasternorrland,1994-01-01,0,1.2033131720430108,37.302708333333335
vasternorrland,1994-02-01,5,3.5786011904761907,100.20083333333334
vasternorrland,1994-03-01,10,4.3519489247311824,134.91041666666666
vasternorrland,1994-04-01,14,6.332486111111111,189.97458333333333
vasternorrland,1994-05-01,30,9.703776881720431,300.81708333333336
vasternorrland,1994-06-01,20,8.190909722222223,245.72729166666667
vasternorrland,1994-07-01,29,12.698501344086022,393.6535416666667
vasternorrland,1994-08-01,20,7.245698924731183,224.61666666666667
vasternorrland,1994-09-01,5,4.128888888888889,123.86666666666666
vasternorrland,1994-10-01,9,3.6621102150537634,113.52541666666667
vasternorrland,1994-11-01,0,1.9918958333333334,59.756875
vasternorrland,1994-12-01,0,0.8574932795698925,26.582291666666666
vasternorrland,1995-01-01,0,1.4857258064516128,46.0575
vasternorrland,1995-02-01,1,2.6171502976190477,73.28020833333333
vasternorrland,1995-03-01,5,3.1972647849462366,99.11520833333333
vasternorrland,1995-04-01,17,6.216826388888889,186.50479166666668
vasternorrland,1995-05-01,23,7.918655913978494,245.47833333333332
vasternorrland,1995-06-01,23,8.168493055555555,245.05479166666666
vasternorrland,1995-07-01,21,9.103172043010753,282.1983333333333
vasternorrland,1995-08-01,27,9.188279569892472,284.83666666666664
vasternorrland,1995-09-01,7,4.563388888888889,136.90166666666667
vasternorrland,1995-10-01,4,3.5280510752688174,109.36958333333334
vasternorrland,1995-11-01,1,2.101458333333333,63.043749999999996
vasternorrland,1995-12-01,0,1.4695094086021505,45.55479166666667
vasternorrland,1996-01-01,0,1.395826612903226,43.270625
vasternorrland,1996-02-01,4,3.4198132183908045,99.17458333333333
vasternorrland,1996-03-01,13,5.3255981182795695,165.09354166666665
vasternorrland,1996-04-01,22,7.468986111111111,224.06958333333333
vasternorrland,1996-05-01,19,6.626115591397849,205.40958333333333
vasternorrland,1996-06-01,20,7.731965277777777,231.95895833333333
vasternorrland,1996-07-01,21,7.4198387096774185,230.015
vasternorrland,1996-08-01,27,9.205154569892475,285.3597916666667
vasternorrland,1996-09-01,15,5.883576388888889,176.50729166666667
vasternorrland,1996-10-01,3,2.4988037634408604,77.46291666666667
vasternorrland,1996-11-01,0,1.3963263888888888,41.88979166666667
vasternorrland,1996-12-01,0,1.2794959677419355,39.664375
vasternorrland,1997-01-01,0,1.992627688172043,61.771458333333335
vasternorrland,1997-02-01,4,2.8159821428571425,78.8475
vasternorrland,1997-03-01,15,5.867352150537634,181.88791666666665
vasternorrland,1997-04-01,20,7.132180555555555,213.96541666666667
vasternorrland,1997-05-01,21,7.41043682795699,229.72354166666668
vasternorrland,1997-06-01,25,9.96675,299.0025
vasternorrland,1997-07-01,27,10.158346774193548,314.90875
vasternorrland,1997-08-01,28,9.30780241935484,288.541875
vasternorrland,1997-09-01,12,5.141715277777778,154.25145833333335
vasternorrland,1997-10-01,1,2.9459744623655917,91.32520833333334
vasternorrland,1997-11-01,1,1.207465277777778,36.223958333333336
vasternorrland,1997-12-01,0,0.5593346774193548,17.339375
vasternorrland,1998-01-01,0,1.2494959677419355,38.734375
vasternorrland,1998-02-01,0,1.9194568452380951,53.744791666666664
vasternorrland,1998-03-01,8,4.47893817204301,138.84708333333333
vasternorrland,1998-04-01,12,5.26025,157.8075
vasternorrland,1998-05-01,23,8.596733870967741,266.49875
vasternorrland,1998-06-01,16,6.104055555555556,183.12166666666667
vasternorrland,1998-07-01,14,6.0962634408602145,188.98416666666665
vasternorrland,1998-08-01,7,4.556693548387097,141.2575
vasternorrland,1998-09-01,6,4.247395833333333,127.421875
vasternorrland,1998-10-01,4,2.6175806451612904,81.145
vasternorrland,1998-11-01,0,1.0404375000000001,31.213125
vasternorrland,1998-12-01,0,0.9959206989247312,30.873541666666668
vasternorrland,1999-01-01,0,0.9828427419354839,30.468125
vasternorrland,1999-02-01,0,2.407358630952381,67.40604166666667
vasternorrland,1999-03-01,5,2.884180107526882,89.40958333333333
vasternorrland,1999-04-01,15,6.048374999999999,181.45125
vasternorrland,1999-05-01,24,8.782076612903225,272.244375
vasternorrland,1999-06-01,23,8.693166666666666,260.795
vasternorrland,1999-07-01,26,9.281559139784948,287.72833333333335
vasternorrland,1999-08-01,20,7.60986559139785,235.90583333333333
vasternorrland,1999-09-01,14,5.6495138888888885,169.48541666666665
vasternorrland,1999-10-01,2,2.8503696236559137,88.36145833333333
vasternorrland,1999-11-01,0,1.5759166666666669,47.2775
vasternorrland,1999-12-01,0,1.0348588709677418,32.080625
vasternorrland,2000-01-01,0,1.9919959677419354,61.751875
vasternorrland,2000-02-01,3,2.776307471264368,80.51291666666667
vasternorrland,2000-03-01,19,5.866922043010753,181.87458333333333
vasternorrland,2000-04-01,13,5.707458333333333,171.22375
vasternorrland,2000-05-01,22,8.600799731182796,266.6247916666667
vasternorrland,2000-06-01,21,7.814555555555556,234.43666666666667
vasternorrland,2000-07-01,14,5.829556451612904,180.71625
vasternorrland,2000-08-01,16,6.542352150537634,202.81291666666667
vasternorrland,2000-09-01,22,6.627951388888889,198.83854166666666
vasternorrland,2000-10-01,0,1.7546774193548387,54.394999999999996
vasternorrland,2000-11-01,0,0.49297916666666663,14.789375
vasternorrland,2000-12-01,0,0.6118817204301076,18.968333333333334
vasternorrland,2001-01-01,0,0.9581182795698925,29.701666666666668
vasternorrland,2001-02-01,4,3.6324032738095235,101.70729166666666
vasternorrland,2001-03-01,16,5.040477150537635,156.25479166666668
vasternorrland,2001-04-01,11,5.587736111111111,167.63208333333333
vasternorrland,2001-05-01,24,8.740786290322582,270.964375
vasternorrland,2001-06-01,24,8.878229166666667,266.346875
vasternorrland,2001-07-01,23,8.873736559139784,275.0858333333333
vasternorrland,2001-08-01,15,6.365114247311828,197.31854166666668
vasternorrland,2001-09-01,4,3.100159722222222,93.00479166666666
vasternorrland,2001-10-01,0,2.2688844086021507,70.33541666666667
vasternorrland,2001-11-01,0,2.3663749999999997,70.99125
vasternorrland,2001-12-01,0,0.7518817204301075,23.308333333333334
vasternorrland,2002-01-01,0,0.9582459677419355,29.705625
vasternorrland,2002-02-01,2,2.601875,72.8525
vasternorrland,2002-03-01,13,5.368400537634408,166.42041666666665
vasternorrland,2002-04-01,15,6.451569444444444,193.54708333333332
vasternorrland,2002-05-01,24,9.537983870967743,295.6775
vasternorrland,2002-06-01,27,9.961034722222221,298.83104166666664
vasternorrland,2002-07-01,21,8.28293682795699,256.7710416666667
vasternorrland,2002-08-01,28,9.98225806451613,309.45
vasternorrland,2002-09-01,18,6.523381944444444,195.70145833333333
vasternorrland,2002-10-01,3,2.4492876344086025,75.92791666666668
vasternorrland,2002-11-01,0,1.1715069444444444,35.14520833333333
vasternorrland,2002-12-01,0,0.9964852150537634,30.891041666666666
vasternorrland,2003-01-01,0,1.3104771505376345,40.62479166666667
vasternorrland,2003-02-01,4,3.3311681547619045,93.27270833333333
vasternorrland,2003-03-01,15,5.25682123655914,162.96145833333333
vasternorrland,2003-04-01,18,7.426791666666667,222.80375
vasternorrland,2003-05-01,23,7.6691801075268815,237.74458333333334
vasternorrland,2003-06-01,25,8.41307638888889,252.39229166666667
vasternorrland,2003-07-01,22,9.350793010752689,289.87458333333336
vasternorrland,2003-08-01,15,6.912177419354839,214.2775
vasternorrland,2003-09-01,14,5.871659722222222,176.14979166666666
vasternorrland,2003-10-01,6,3.813534946236559,118.21958333333333
vasternorrland,2003-11-01,0,1.0782430555555556,32.34729166666666
vasternorrland,2003-12-01,0,0.9738104838709677,30.188125
vasternorrland,2004-01-01,0,0.9733064516129032,30.1725
vasternorrland,2004-02-01,4,2.9910129310344824,86.739375
vasternorrland,2004-03-01,11,4.676303763440861,144.96541666666667
vasternorrland,2004-04-01,19,7.758548611111111,232.75645833333334
vasternorrland,2004-05-01,22,7.908232526881721,245.15520833333335
vasternorrland,2004-06-01,21,8.399263888888889,251.97791666666666
vasternorrland,2004-07-01,19,7.279469086021505,225.66354166666667
vasternorrland,2004-08-01,18,7.168568548387097,222.225625
vasternorrland,2004-09-01,10,4.935229166666667,148.056875
vasternorrland,2004-10-01,6,2.8710887096774194,89.00375
vasternorrland,2004-11-01,0,2.2897291666666666,68.691875
vasternorrland,2004-12-01,0,1.14442876344086,35.477291666666666
vasternorrland,2005-01-01,0,1.3926478494623655,43.17208333333333
vasternorrland,2005-02-01,2,2.432909226190476,68.12145833333334
vasternorrland,2005-03-01,14,5.941209677419355,184.1775
vasternorrland,2005-04-01,20,8.623277777777778,258.6983333333333
vasternorrland,2005-05-01,20,7.105127688172043,220.25895833333334
vasternorrland,2005-06-01,21,8.037722222222222,241.13166666666666
vasternorrland,2005-07-01,21,9.083165322580646,281.578125
vasternorrland,2005-08-01,16,6.431706989247312,199.38291666666666
vasternorrland,2005-09-01,15,6.1494027777777776,184.48208333333332
vasternorrland,2005-10-01,11,4.371391129032258,135.513125
vasternorrland,2005-11-01,0,1.4845069444444443,44.53520833333333
vasternorrland,2005-12-01,0,0.9353897849462365,28.997083333333332
vasternorrland,2006-01-01,0,1.228649193548387,38.088125
vasternorrland,2006-02-01,2,2.4453199404761903,68.46895833333333
vasternorrland,2006-03-01,12,5.176256720430107,160.46395833333332
vasternorrland,2006-04-01,9,5.129666666666666,153.89
vasternorrland,2006-05-01,19,7.880530913978495,244.29645833333333
vasternorrland,2006-06-01,28,10.348270833333334,310.448125
vasternorrland,2006-07-01,30,11.218850806451613,347.784375
vasternorrland,2006-08-01,19,7.444415322580645,230.776875
vasternorrland,2006-09-01,15,5.81191550925926,174.35746527777778
vasternorrland,2006-10-01,0,2.074986559139785,64.32458333333334
vasternorrland,2006-11-01,1,1.7541875,52.625625
vasternorrland,2006-12-01,0,1.02033938172043,31.630520833333332
vasternorrland,2007-01-01,0,1.6527273745519713,51.23454861111111
vasternorrland,2007-02-01,0,1.8424627976190475,51.58895833333333
vasternorrland,2007-03-01,13,5.535706765232975,171.6069097222222
vasternorrland,2007-04-01,26,8.37638425925926,251.2915277777778
vasternorrland,2007-05-01,21,7.0672110215053765,219.08354166666666
vasternorrland,2007-06-01,26,10.056246527777777,301.6873958333333
vasternorrland,2007-07-01,18,6.532612007168459,202.51097222222222
vasternorrland,2007-08-01,19,7.072432795698925,219.24541666666667
vasternorrland,2007-09-01,9,4.860408564814815,145.81225694444444
vasternorrland,2007-10-01,4,3.2794388440860214,101.66260416666667
vasternorrland,2007-11-01,0,1.6037835648148149,48.113506944444445
vasternorrland,2007-12-01,0,0.7551836917562724,23.410694444444445
vasternorrland,2008-01-01,0,0.9464504928315413,29.33996527777778
vasternorrland,2008-02-01,2,2.7571288314176248,79.95673611111111
vasternorrland,2008-03-01,9,4.202442876344087,130.27572916666668
vasternorrland,2008-04-01,14,6.759266203703704,202.77798611111112
vasternorrland,2008-05-01,26,10.16385528673835,315.07951388888887
vasternorrland,2008-06-01,28,9.991055555555556,299.7316666666667
vasternorrland,2008-07-01,29,10.15419690860215,314.78010416666666
vasternorrland,2008-08-01,10,5.421328405017921,168.06118055555555
vasternorrland,2008-09-01,9,4.644755787037037,139.3426736111111
vasternorrland,2008-10-01,4,3.3454569892473116,103.70916666666666
vasternorrland,2008-11-01,0,1.753462962962963,52.60388888888889
vasternorrland,2008-12-01,0,0.8015098566308244,24.846805555555555
vasternorrland,2009-01-01,0,1.167197580645161,36.183125
vasternorrland,2009-02-01,1,2.510767609126984,70.30149305555555
vasternorrland,2009-03-01,6,3.6900884856630825,114.39274305555556
vasternorrland,2009-04-01,24,8.505611111111111,255.16833333333335
vasternorrland,2009-05-01,28,9.527084453405017,295.33961805555555
vasternorrland,2009-06-01,24,9.573545138888887,287.20635416666664
vasternorrland,2009-07-01,19,7.030716845878136,217.95222222222222
vasternorrland,2009-08-01,21,7.868912410394265,243.9362847222222
vasternorrland,2009-09-01,15,6.1795231481481485,185.38569444444445
vasternorrland,2009-10-01,8,3.619209229390681,112.19548611111111
vasternorrland,2009-11-01,0,0.6220486111111111,18.661458333333332
vasternorrland,2009-12-01,0,0.5924003136200717,18.364409722222224
vasternorrland,2010-01-01,0,1.3245004480286737,41.05951388888889
vasternorrland,2010-02-01,0,1.8968043154761904,53.11052083333333
vasternorrland,2010-03-01,10,4.864950716845878,150.81347222222223
vasternorrland,2010-04-01,17,6.862847222222222,205.88541666666666
vasternorrland,2010-05-01,23,7.548469982078853,234.00256944444445
vasternorrland,2010-06-01,22,9.793211805555556,293.7963541666667
vasternorrland,2010-07-01,25,9.045600358422938,280.4136111111111
vasternorrland,2010-08-01,14,5.516048387096775,170.9975
vasternorrland,2010-09-01,14,5.613597222222222,168.40791666666667
vasternorrland,2010-10-01,4,3.637687051971326,112.7682986111111
vasternorrland,2010-11-01,0,1.6704270833333335,50.112812500000004
vasternorrland,2010-12-01,0,0.9490165770609319,29.41951388888889
vasternorrland,2011-01-01,0,1.4248734318996417,44.17107638888889
vasternorrland,2011-02-01,3,3.1915004960317463,89.3620138888889
vasternorrland,2011-03-01,16,6.254329077060932,193.8842013888889
vasternorrland,2011-04-01,19,8.028774305555554,240.86322916666666
vasternorrland,2011-05-01,23,8.497599686379928,263.42559027777776
vasternorrland,2011-06-01,26,10.126525462962963,303.79576388888887
vasternorrland,2011-07-01,21,7.767049731182796,240.77854166666668
vasternorrland,2011-08-01,14,6.282899865591397,194.76989583333332
vasternorrland,2011-09-01,7,4.5539907407407405,136.6197222222222
vasternorrland,2011-10-01,8,4.186790994623657,129.79052083333335
vasternorrland,2011-11-01,0,1.7535208333333334,52.605625
vasternorrland,2011-12-01,0,0.8697793458781362,26.963159722222223
vasternorrland,2012-01-01,0,1.3245407706093189,41.060763888888886
vasternorrland,2012-02-01,1,3.332460488505747,96.64135416666667
vasternorrland,2012-03-01,16,5.8189796146953405,180.38836805555556
vasternorrland,2012-04-01,15,5.871008101851852,176.13024305555555
vasternorrland,2012-05-01,21,9.074764784946236,281.3177083333333
vasternorrland,2012-06-01,23,7.503788194444444,225.11364583333332
vasternorrland,2012-07-01,21,7.585871415770609,235.16201388888888
vasternorrland,2012-08-01,19,6.6640288978494615,206.58489583333332
vasternorrland,2012-09-01,11,4.497391203703703,134.9217361111111
vasternorrland,2012-10-01,1,2.6040064964157703,80.72420138888889
vasternorrland,2012-11-01,0,1.2325625,36.976875
vasternorrland,2012-12-01,0,0.611652105734767,18.96121527777778
vasternorrland,2013-01-01,1,1.481869399641577,45.93795138888889
vasternorrland,2013-02-01,1,1.9387127976190475,54.28395833333333
vasternorrland,2013-03-01,26,7.788254928315412,241.43590277777778
vasternorrland,2013-04-01,21,7.825730324074074,234.77190972222223
vasternorrland,2013-05-01,26,9.519366039426524,295.10034722222224
vasternorrland,2013-06-01,25,8.633718750000002,259.0115625
vasternorrland,2013-07-01,26,9.13110103046595,283.06413194444445
vasternorrland,2013-08-01,23,8.358090277777777,259.1007986111111
vasternorrland,2013-09-01,14,5.5805648148148155,167.41694444444445
vasternorrland,2013-10-01,5,3.5462970430107528,109.93520833333334
vasternorrland,2013-11-01,1,1.8188437499999999,54.5653125
vasternorrland,2013-12-01,0,0.8141789874551971,25.23954861111111
vasternorrland,2014-01-01,0,0.6810696684587814,21.11315972222222
vasternorrland,2014-02-01,0,1.232876984126984,34.52055555555555
vasternorrland,2014-03-01,14,5.30913082437276,164.58305555555555
vasternorrland,2014-04-01,20,8.103524305555556,243.10572916666666
vasternorrland,2014-05-01,20,8.135508512544803,252.2007638888889
vasternorrland,2014-06-01,26,8.949063657407407,268.4719097222222
vasternorrland,2014-07-01,28,11.429847670250897,354.3252777777778
vasternorrland,2014-08-01,20,7.094114023297491,219.91753472222223
vasternorrland,2014-09-01,22,7.287951388888889,218.63854166666667
vasternorrland,2014-10-01,0,1.9730286738351255,61.16388888888889
vasternorrland,2014-11-01,0,0.8217407407407407,24.65222222222222
vasternorrland,2014-12-01,0,1.0199148745519713,31.617361111111112
vasternorrland,2015-01-01,0,0.8200067204301076,25.420208333333335
vasternorrland,2015-02-01,0,2.0556063988095237,57.556979166666665
vasternorrland,2015-03-01,14,5.332582885304659,165.31006944444445
vasternorrland,2015-04-01,20,7.548715277777777,226.46145833333333
vasternorrland,2015-05-01,19,6.629094982078852,205.50194444444443
vasternorrland,2015-06-01,23,8.249359953703705,247.4807986111111
vasternorrland,2015-07-01,19,7.324781586021506,227.06822916666667
vasternorrland,2015-08-01,27,9.824662858422938,304.5645486111111
vasternorrland,2015-09-01,12,5.3903842592592595,161.71152777777777
vasternorrland,2015-10-01,8,4.387195340501792,136.00305555555556
vasternorrland,2015-11-01,0,1.4620451388888889,43.861354166666665
vasternorrland,2015-12-01,0,1.2563709677419355,38.9475
vasternorrland,2016-01-01,0,1.2717585125448028,39.42451388888889
vasternorrland,2016-02-01,3,2.865483716475096,83.09902777777778
vasternorrland,2016-03-01,6,3.6819422043010754,114.14020833333333
vasternorrland,2016-04-01,15,5.925108796296296,177.75326388888888
vasternorrland,2016-05-01,25,9.445976702508961,292.8252777777778
vasternorrland,2016-06-01,24,9.359020833333334,280.770625
vasternorrland,2016-07-01,27,9.220193772401434,285.82600694444443
vasternorrland,2016-08-01,18,6.4369097222222225,199.5442013888889
vasternorrland,2016-09-01,17,6.091012731481482,182.73038194444445
vasternorrland,2016-10-01,8,2.9923745519713263,92.76361111111112
vasternorrland,2016-11-01,0,1.3809074074074073,41.42722222222222
vasternorrland,2016-12-01,0,1.3961939964157706,43.28201388888889
vasternorrland,2017-01-01,0,1.4147950268817204,43.858645833333334
vasternorrland,2017-02-01,2,2.3841852678571427,66.7571875
vasternorrland,2017-03-01,11,4.842317428315413,150.1118402777778
vasternorrland,2017-04-01,18,6.856537037037037,205.6961111111111
vasternorrland,2017-05-01,27,9.279984318996416,287.6795138888889
vasternorrland,2017-06-01,23,8.64423611111111,259.32708333333335
vasternorrland,2017-07-01,25,8.025821012544803,248.8004513888889
vasternorrland,2017-08-01,20,6.8991733870967735,213.874375
vasternorrland,2017-09-01,3,3.3584328703703705,100.75298611111111
vasternorrland,2017-10-01,0,2.3664885752688174,73.36114583333334
vasternorrland,2017-11-01,0,1.7788356481481482,53.365069444444444
vasternorrland,2017-12-01,0,0.5962354390681003,18.48329861111111
vasternorrland,2018-01-01,0,0.7963373655913979,24.686458333333334
vasternorrland,2018-02-01,1,2.4450719246031745,68.46201388888889
vasternorrland,2018-03-01,13,4.739564292114696,146.92649305555557
vasternorrland,2018-04-01,25,7.867035879629629,236.01107638888888
vasternorrland,2018-05-01,28,12.656732750896058,392.3587152777778
vasternorrland,2018-06-01,28,10.324457175925925,309.7337152777778
vasternorrland,2018-07-01,30,12.168761200716846,377.2315972222222
vasternorrland,2018-08-01,19,7.349122983870967,227.8228125
vasternorrland,2018-09-01,13,5.7544814814814815,172.63444444444445
vasternorrland,2018-10-01,8,4.142256944444445,128.4099652777778
vasternorrland,2018-11-01,0,1.9549340277777778,58.648020833333334
vasternorrland,2018-12-01,0,0.6037589605734767,18.716527777777777
vasternorrland,2019-01-01,0,1.3676120071684588,42.39597222222222
vasternorrland,2019-02-01,4,3.050282738095238,85.40791666666667
vasternorrland,2019-03-01,13,4.443757840501792,137.75649305555555
vasternorrland,2019-04-01,28,10.133068287037037,303.9920486111111
vasternorrland,2019-05-01,21,7.492088933691756,232.25475694444444
vasternorrland,2019-06-01,28,9.909622685185186,297.2886805555556
vasternorrland,2019-07-01,27,9.578062275985662,296.91993055555554
vasternorrland,2019-08-01,21,7.257879704301075,224.99427083333333
vasternorrland,2019-09-01,11,4.860401620370371,145.81204861111112
vasternorrland,2019-10-01,0,2.5124439964157705,77.88576388888889
vasternorrland,2019-11-01,0,0.8701585648148149,26.104756944444446
vasternorrland,2019-12-01,0,0.7079491487455197,21.94642361111111
vasternorrland,2020-01-01,0,1.0808590949820789,33.50663194444444
vasternorrland,2020-02-01,2,3.0736039272030653,89.13451388888889
vasternorrland,2020-03-01,15,5.506363127240143,170.69725694444443
vasternorrland,2020-04-01,24,8.31865162037037,249.5595486111111
vasternorrland,2020-05-01,27,9.675702284946237,299.94677083333335
vasternorrland,2020-06-01,27,12.085364583333334,362.5609375
vasternorrland,2020-07-01,23,7.524812948028674,233.2692013888889
vasternorrland,2020-08-01,26,9.272389112903225,287.4440625
vasternorrland,2020-09-01,10,5.324372685185185,159.73118055555557
vasternorrland,2020-10-01,0,2.343890008960573,72.66059027777777
vasternorrland,2020-11-01,0,1.5857349537037038,47.572048611111114
vasternorrland,2020-12-01,0,0.2469142025089606,7.654340277777778
vasternorrland,2021-01-01,0,0.9923577508960574,30.763090277777778
vasternorrland,2021-02-01,4,3.3653162202380953,94.22885416666666
vasternorrland,2021-03-01,12,4.595294578853046,142.45413194444444
vasternorrland,2021-04-01,24,8.358315972222222,250.74947916666667
vasternorrland,2021-05-01,16,7.185377464157707,222.7467013888889
vasternorrland,2021-06-01,26,10.605101851851853,318.15305555555557
vasternorrland,2021-07-01,27,10.763556227598565,333.67024305555555
vasternorrland,2021-08-01,19,6.8687197580645165,212.9303125
vasternorrland,2021-09-01,11,4.495413194444444,134.86239583333332
vasternorrland,2021-10-01,2,2.5269500448028674,78.33545138888888
vasternorrland,2021-11-01,0,1.5112824074074074,45.33847222222222
vasternorrland,2021-12-01,0,1.1323846326164875,35.103923611111114
vasternorrland,2022-01-01,0,1.6393593189964155,50.820138888888884
vasternorrland,2022-02-01,4,3.2398152281746033,90.7148263888889
vasternorrland,2022-03-01,22,7.504363799283154,232.6352777777778
vasternorrland,2022-04-01,22,8.580321759259258,257.40965277777775
vasternorrland,2022-05-01,22,8.475131048387096,262.7290625
vasternorrland,2022-06-01,27,9.618372685185186,288.55118055555556
vasternorrland,2022-07-01,24,8.614128584229391,267.03798611111114
vasternorrland,2022-08-01,24,8.344434363799284,258.6774652777778
vasternorrland,2022-09-01,10,4.9986250000000005,149.95875
vasternorrland,2022-10-01,4,3.3746337365591397,104.61364583333334
vasternorrland,2022-11-01,0,1.09559375,32.8678125
vasternorrland,2022-12-01,0,0.8941700268817204,27.719270833333333
vasternorrland,2023-01-01,0,1.1910517473118278,36.922604166666666
vasternorrland,2023-02-01,1,3.1054092261904764,86.95145833333333
vasternorrland,2023-03-01,12,5.09864023297491,158.05784722222222
vasternorrland,2023-04-01,21,8.647640046296296,259.4292013888889
vasternorrland,2023-05-01,29,11.673427419354839,361.87625
vasternorrland,2023-06-01,30,11.941083333333333,358.2325
vasternorrland,2023-07-01,25,7.965714605734767,246.93715277777778
vasternorrland,2023-08-01,10,5.193851926523298,161.00940972222222
vasternorrland,2023-09-01,11,5.455631944444445,163.66895833333334
vasternorrland,2023-10-01,5,3.1172166218637996,96.63371527777778
vasternorrland,2023-11-01,0,0.8712835648148148,26.138506944444444
vasternorrland,2023-12-01,0,0.4911088709677419,15.224375
vasternorrland,2024-01-01,0,1.4834229390681004,45.986111111111114
vasternorrland,2024-02-01,0,2.0497569444444443,59.442951388888886
vasternorrland,2024-03-01,6,3.5955387544802866,111.46170138888888
vasternorrland,2024-04-01,12,5.770979166666667,173.129375
vasternorrland,2024-05-01,28,11.799905913978494,365.7970833333333
vasternorrland,2024-06-01,29,10.112721064814815,303.38163194444445
vasternorrland,2024-07-01,24,7.812921146953405,242.20055555555555
vasternorrland,2024-08-01,22,7.846676747311828,243.24697916666668
vasternorrland,2024-09-01,15,6.544357638888888,196.33072916666666
vasternorrland,2024-10-01,7,3.658000672043011,113.39802083333333
vasternorrland,2024-11-01,1,2.0310289351851853,60.93086805555556
vasternorrland,2024-12-01,0,0.8874014336917564,27.509444444444448
vasternorrland,2025-01-01,0,1.1647547043010753,36.107395833333335
vasternorrland,2025-02-01,4,3.0373090277777774,85.04465277777777
vasternorrland,2025-03-01,15,5.761927643369176,178.61975694444445
vasternorrland,2025-04-01,22,7.673112268518518,230.19336805555554
vasternorrland,2025-05-01,25,8.292903225806452,257.08
vasternorrland,2025-06-01,21,8.67638425925926,260.2915277777778
vasternorrland,2025-07-01,25,10.457221102150537,324.1738541666667
vasternorrland,2025-08-01,24,7.605182571684588,235.76065972222221
vasternorrland,2025-09-01,10,5.317711805555556,159.53135416666666
vasternorrland,2025-10-01,3,2.9544086021505374,91.58666666666666
vasternorrland,2025-11-01,0,1.6236273148148148,48.708819444444444
vasternorrland,2025-12-01,0,0.9350840053763441,28.987604166666667
vasternorrland,2026-01-01,0,1.0531373207885304,32.64725694444444
vasternorrland,2026-02-01,0,0.0,0.0
vastragotaland,1983-01-01,0,0.5610752688172044,17.393333333333334
vastragotaland,1983-02-01,11,3.770178571428571,105.565
vastragotaland,1983-03-01,4,1.936720430107527,60.038333333333334
vastragotaland,1983-04-01,3,2.444777777777778,73.34333333333333
vastragotaland,1983-05-01,8,3.4848387096774194,108.03
vastragotaland,1983-06-01,16,7.634388888888889,229.03166666666667
vastragotaland,1983-07-01,22,8.758494623655913,271.5133333333333
vastragotaland,1983-08-01,16,6.866344086021505,212.85666666666665
vastragotaland,1983-09-01,5,3.521,105.63
vastragotaland,1983-10-01,6,2.2902688172043013,70.99833333333333
vastragotaland,1983-11-01,4,2.392444444444444,71.77333333333333
vastragotaland,1983-12-01,0,0.9444086021505377,29.276666666666667
vastragotaland,1984-01-01,0,0.9491935483870968,29.425
vastragotaland,1984-02-01,3,1.2542528735632184,36.373333333333335
vastragotaland,1984-03-01,11,4.301344086021506,133.34166666666667
vastragotaland,1984-04-01,13,5.813999999999999,174.42
vastragotaland,1984-05-01,18,6.882311827956989,213.35166666666666
vastragotaland,1984-06-01,11,5.67,170.1
vastragotaland,1984-07-01,19,7.497688172043011,232.42833333333334
vastragotaland,1984-08-01,18,6.538172043010753,202.68333333333334
vastragotaland,1984-09-01,7,3.509666666666667,105.29
vastragotaland,1984-10-01,3,1.913225806451613,59.31
vastragotaland,1984-11-01,3,1.5784444444444443,47.35333333333333
vastragotaland,1984-12-01,0,0.6136559139784946,19.023333333333333
vastragotaland,1985-01-01,1,2.0228494623655915,62.708333333333336
vastragotaland,1985-02-01,8,3.361190476190476,94.11333333333333
vastragotaland,1985-03-01,4,1.7615053763440858,54.60666666666666
vastragotaland,1985-04-01,8,3.234611111111111,97.03833333333333
vastragotaland,1985-05-01,21,7.946075268817204,246.32833333333332
vastragotaland,1985-06-01,10,5.410666666666667,162.32
vastragotaland,1985-07-01,11,5.933709677419355,183.945
vastragotaland,1985-08-01,9,4.094301075268818,126.92333333333333
vastragotaland,1985-09-01,8,3.6219444444444444,108.65833333333333
vastragotaland,1985-10-01,5,3.1038172043010754,96.21833333333333
vastragotaland,1985-11-01,4,1.8150555555555556,54.45166666666667
vastragotaland,1985-12-01,0,0.4786021505376344,14.836666666666666
vastragotaland,1986-01-01,1,0.9591397849462365,29.73333333333333
vastragotaland,1986-02-01,11,5.008988095238095,140.25166666666667
vastragotaland,1986-03-01,5,2.3323655913978496,72.30333333333334
vastragotaland,1986-04-01,10,4.775277777777777,143.25833333333333
vastragotaland,1986-05-01,14,6.85005376344086,212.35166666666666
vastragotaland,1986-06-01,22,10.196222222222222,305.88666666666666
vastragotaland,1986-07-01,15,6.376666666666667,197.67666666666668
vastragotaland,1986-08-01,13,6.115537634408603,189.58166666666668
vastragotaland,1986-09-01,13,5.8501666666666665,175.505
vastragotaland,1986-10-01,7,3.116075268817204,96.59833333333333
vastragotaland,1986-11-01,3,1.8295555555555554,54.88666666666666
vastragotaland,1986-12-01,0,0.7702150537634408,23.876666666666665
vastragotaland,1987-01-01,1,1.6228494623655914,50.30833333333333
vastragotaland,1987-02-01,8,3.129345238095238,87.62166666666667
vastragotaland,1987-03-01,13,4.676397849462366,144.96833333333333
vastragotaland,1987-04-01,13,5.879611111111112,176.38833333333335
vastragotaland,1987-05-01,14,6.644354838709678,205.975
vastragotaland,1987-06-01,7,3.3746666666666667,101.24
vastragotaland,1987-07-01,18,6.532365591397849,202.50333333333333
vastragotaland,1987-08-01,10,4.026827956989247,124.83166666666666
vastragotaland,1987-09-01,13,5.003333333333333,150.1
vastragotaland,1987-10-01,6,2.9701075268817205,92.07333333333334
vastragotaland,1987-11-01,0,0.9681666666666667,29.045
vastragotaland,1987-12-01,1,1.609462365591398,49.89333333333334
vastragotaland,1988-01-01,0,0.3608602150537634,11.186666666666666
vastragotaland,1988-02-01,0,0.6635632183908047,19.243333333333336
vastragotaland,1988-03-01,6,2.3503763440860213,72.86166666666666
vastragotaland,1988-04-01,16,6.0376666666666665,181.13
vastragotaland,1988-05-01,22,9.555698924731184,296.2266666666667
vastragotaland,1988-06-01,25,9.334444444444443,280.0333333333333
vastragotaland,1988-07-01,10,4.698870967741935,145.665
vastragotaland,1988-08-01,12,4.829516129032259,149.715
vastragotaland,1988-09-01,12,4.524166666666667,135.725
vastragotaland,1988-10-01,9,3.4651075268817206,107.41833333333334
vastragotaland,1988-11-01,6,2.752666666666667,82.58
vastragotaland,1988-12-01,0,1.6813440860215054,52.12166666666667
vastragotaland,1989-01-01,0,0.8455376344086021,26.211666666666666
vastragotaland,1989-02-01,1,1.3091071428571428,36.655
vastragotaland,1989-03-01,5,2.8210752688172045,87.45333333333333
vastragotaland,1989-04-01,14,5.964888888888889,178.94666666666666
vastragotaland,1989-05-01,20,9.220967741935485,285.85
vastragotaland,1989-06-01,22,10.910555555555556,327.31666666666666
vastragotaland,1989-07-01,20,8.589032258064515,266.26
vastragotaland,1989-08-01,11,5.0267204301075274,155.82833333333335
vastragotaland,1989-09-01,15,6.1465000000000005,184.395
vastragotaland,1989-10-01,4,2.518494623655914,78.07333333333334
vastragotaland,1989-11-01,5,2.737888888888889,82.13666666666667
vastragotaland,1989-12-01,0,1.045752688172043,32.41833333333333
vastragotaland,1990-01-01,0,0.6220967741935484,19.285
vastragotaland,1990-02-01,4,2.1398809523809526,59.91666666666667
vastragotaland,1990-03-01,13,4.884516129032258,151.42000000000002
vastragotaland,1990-04-01,14,5.9527222222222225,178.58166666666668
vastragotaland,1990-05-01,21,9.174301075268817,284.4033333333333
vastragotaland,1990-06-01,14,6.950666666666667,208.52
vastragotaland,1990-07-01,19,8.293225806451613,257.09
vastragotaland,1990-08-01,18,7.233548387096774,224.24
vastragotaland,1990-09-01,9,3.5865,107.595
vastragotaland,1990-10-01,10,3.4289247311827955,106.29666666666667
vastragotaland,1990-11-01,3,1.9036111111111111,57.108333333333334
vastragotaland,1990-12-01,0,1.310483870967742,40.625
vastragotaland,1991-01-01,2,1.9470967741935483,60.36
vastragotaland,1991-02-01,6,2.624821428571429,73.495
vastragotaland,1991-03-01,5,2.1241397849462365,65.84833333333333
vastragotaland,1991-04-01,18,6.644611111111112,199.33833333333334
vastragotaland,1991-05-01,21,8.988440860215054,278.64166666666665
vastragotaland,1991-06-01,9,4.229555555555556,126.88666666666667
vastragotaland,1991-07-01,20,9.264247311827956,287.19166666666666
vastragotaland,1991-08-01,21,7.151881720430108,221.70833333333334
vastragotaland,1991-09-01,14,5.620500000000001,168.615
vastragotaland,1991-10-01,12,4.053655913978495,125.66333333333333
vastragotaland,1991-11-01,2,1.2318333333333333,36.955
vastragotaland,1991-12-01,0,1.403978494623656,43.52333333333333
vastragotaland,1992-01-01,1,1.961236559139785,60.79833333333333
vastragotaland,1992-02-01,5,2.2971264367816095,66.61666666666667
vastragotaland,1992-03-01,7,2.9571505376344085,91.67166666666667
vastragotaland,1992-04-01,10,3.8977222222222223,116.93166666666667
vastragotaland,1992-05-01,23,10.125967741935485,313.90500000000003
vastragotaland,1992-06-01,28,11.638166666666667,349.145
vastragotaland,1992-07-01,20,8.15725806451613,252.875
vastragotaland,1992-08-01,11,4.539247311827957,140.71666666666667
vastragotaland,1992-09-01,11,4.637111111111111,139.11333333333334
vastragotaland,1992-10-01,10,3.1953225806451617,99.055
vastragotaland,1992-11-01,2,1.2822777777777778,38.468333333333334
vastragotaland,1992-12-01,0,1.1687634408602152,36.23166666666667
vastragotaland,1993-01-01,3,1.337311827956989,41.45666666666666
vastragotaland,1993-02-01,4,2.5086904761904765,70.24333333333334
vastragotaland,1993-03-01,12,4.333279569892474,134.33166666666668
vastragotaland,1993-04-01,19,7.880833333333333,236.425
vastragotaland,1993-05-01,21,8.669408602150538,268.75166666666667
vastragotaland,1993-06-01,21,9.141666666666667,274.25
vastragotaland,1993-07-01,10,4.333655913978495,134.34333333333333
vastragotaland,1993-08-01,14,5.418978494623656,167.98833333333334
vastragotaland,1993-09-01,9,3.9616666666666664,118.85
vastragotaland,1993-10-01,9,3.1141397849462362,96.53833333333333
vastragotaland,1993-11-01,0,0.6599444444444444,19.798333333333332
vastragotaland,1993-12-01,0,0.7833333333333334,24.283333333333335
vastragotaland,1994-01-01,3,1.5570967741935484,48.27
vastragotaland,1994-02-01,5,2.391964285714286,66.97500000000001
vastragotaland,1994-03-01,9,3.577956989247312,110.91666666666667
vastragotaland,1994-04-01,13,5.694111111111111,170.82333333333332
vastragotaland,1994-05-01,26,10.071021505376343,312.20166666666665
vastragotaland,1994-06-01,16,7.191055555555555,215.73166666666665
vastragotaland,1994-07-01,26,12.168333333333335,377.21833333333336
vastragotaland,1994-08-01,18,6.779301075268817,210.15833333333333
vastragotaland,1994-09-01,7,2.720222222222222,81.60666666666667
vastragotaland,1994-10-01,8,3.260483870967742,101.075
vastragotaland,1994-11-01,3,1.8756111111111111,56.26833333333333
vastragotaland,1994-12-01,0,0.544516129032258,16.88
vastragotaland,1995-01-01,2,1.9706989247311828,61.09166666666667
vastragotaland,1995-02-01,5,2.4704761904761905,69.17333333333333
vastragotaland,1995-03-01,10,3.804247311827957,117.93166666666667
vastragotaland,1995-04-01,15,6.230277777777777,186.90833333333333
vastragotaland,1995-05-01,15,6.9558064516129035,215.63
vastragotaland,1995-06-01,13,6.97638888888889,209.29166666666669
vastragotaland,1995-07-01,17,8.192150537634408,253.95666666666665
vastragotaland,1995-08-01,27,11.139569892473117,345.32666666666665
vastragotaland,1995-09-01,8,4.155277777777778,124.65833333333333
vastragotaland,1995-10-01,7,2.7496774193548386,85.24
vastragotaland,1995-11-01,2,1.766388888888889,52.99166666666667
vastragotaland,1995-12-01,0,1.571021505376344,48.70166666666667
vastragotaland,1996-01-01,1,1.1404838709677418,35.355
vastragotaland,1996-02-01,9,2.84,82.36
vastragotaland,1996-03-01,16,5.633010752688172,174.62333333333333
vastragotaland,1996-04-01,17,6.6315,198.945
vastragotaland,1996-05-01,11,4.5703763440860214,141.68166666666667
vastragotaland,1996-06-01,17,7.139222222222222,214.17666666666668
vastragotaland,1996-07-01,21,8.974032258064517,278.195
vastragotaland,1996-08-01,22,8.434516129032257,261.46999999999997
vastragotaland,1996-09-01,16,5.968333333333334,179.05
vastragotaland,1996-10-01,3,1.9225268817204302,59.598333333333336
vastragotaland,1996-11-01,1,0.8921666666666667,26.765
vastragotaland,1996-12-01,0,1.4311827956989247,44.36666666666667
vastragotaland,1997-01-01,4,1.7113440860215055,53.05166666666667
vastragotaland,1997-02-01,6,2.4676785714285714,69.095
vastragotaland,1997-03-01,15,5.883817204301075,182.39833333333334
vastragotaland,1997-04-01,17,7.145166666666666,214.355
vastragotaland,1997-05-01,15,6.462258064516129,200.32999999999998
vastragotaland,1997-06-01,21,8.919555555555554,267.58666666666664
vastragotaland,1997-07-01,27,10.005752688172043,310.17833333333334
vastragotaland,1997-08-01,23,9.24983870967742,286.745
vastragotaland,1997-09-01,16,6.162333333333334,184.87
vastragotaland,1997-10-01,10,3.57005376344086,110.67166666666667
vastragotaland,1997-11-01,2,1.447888888888889,43.43666666666667
vastragotaland,1997-12-01,0,0.827258064516129,25.645
vastragotaland,1998-01-01,4,1.834032258064516,56.855
vastragotaland,1998-02-01,0,1.3662500000000002,38.255
vastragotaland,1998-03-01,12,4.590483870967742,142.305
vastragotaland,1998-04-01,7,3.111722222222222,93.35166666666666
vastragotaland,1998-05-01,20,8.235913978494624,255.31333333333333
vastragotaland,1998-06-01,11,5.881166666666667,176.435
vastragotaland,1998-07-01,14,6.048440860215054,187.50166666666667
vastragotaland,1998-08-01,11,4.762311827956989,147.63166666666666
vastragotaland,1998-09-01,4,2.755666666666667,82.67
vastragotaland,1998-10-01,5,2.2976881720430105,71.22833333333332
vastragotaland,1998-11-01,2,1.0514444444444444,31.543333333333333
vastragotaland,1998-12-01,0,1.2296236559139784,38.11833333333333
vastragotaland,1999-01-01,1,1.2676881720430107,39.29833333333333
vastragotaland,1999-02-01,5,2.4304166666666664,68.05166666666666
vastragotaland,1999-03-01,4,1.8663978494623656,57.858333333333334
vastragotaland,1999-04-01,14,5.900833333333334,177.025
vastragotaland,1999-05-01,20,8.366021505376345,259.3466666666667
vastragotaland,1999-06-01,15,5.917111111111111,177.51333333333332
vastragotaland,1999-07-01,18,9.140752688172043,283.36333333333334
vastragotaland,1999-08-01,18,6.876021505376344,213.15666666666667
vastragotaland,1999-09-01,11,5.058388888888889,151.75166666666667
vastragotaland,1999-10-01,5,2.803064516129032,86.895
vastragotaland,1999-11-01,2,1.1115555555555554,33.346666666666664
vastragotaland,1999-12-01,0,1.1877956989247311,36.821666666666665
vastragotaland,2000-01-01,4,2.1713978494623656,67.31333333333333
vastragotaland,2000-02-01,5,2.2979885057471265,66.64166666666667
vastragotaland,2000-03-01,13,4.867634408602151,150.89666666666668
vastragotaland,2000-04-01,12,5.118111111111111,153.54333333333335
vastragotaland,2000-05-01,20,9.419516129032258,292.005
vastragotaland,2000-06-01,14,6.170833333333333,185.125
vastragotaland,2000-07-01,12,5.470860215053763,169.59666666666666
vastragotaland,2000-08-01,14,5.949462365591398,184.43333333333334
vastragotaland,2000-09-01,15,5.769111111111111,173.07333333333332
vastragotaland,2000-10-01,0,1.4498387096774195,44.945
vastragotaland,2000-11-01,0,0.632,18.96
vastragotaland,2000-12-01,0,0.8812903225806452,27.32
vastragotaland,2001-01-01,0,0.703763440860215,21.816666666666666
vastragotaland,2001-02-01,7,3.2061904761904763,89.77333333333334
vastragotaland,2001-03-01,15,4.9622043010752686,153.82833333333332
vastragotaland,2001-04-01,8,3.799777777777778,113.99333333333334
vastragotaland,2001-05-01,20,8.462849462365591,262.34833333333336
vastragotaland,2001-06-01,16,6.892555555555556,206.77666666666667
vastragotaland,2001-07-01,20,8.959354838709677,277.74
vastragotaland,2001-08-01,16,5.582903225806452,173.07
vastragotaland,2001-09-01,4,2.591944444444444,77.75833333333333
vastragotaland,2001-10-01,1,1.6416666666666666,50.891666666666666
vastragotaland,2001-11-01,8,2.926777777777778,87.80333333333334
vastragotaland,2001-12-01,0,1.2485483870967742,38.705
vastragotaland,2002-01-01,0,0.798763440860215,24.761666666666667
vastragotaland,2002-02-01,5,2.3075,64.61
vastragotaland,2002-03-01,14,4.971075268817204,154.10333333333332
vastragotaland,2002-04-01,12,5.341777777777778,160.25333333333333
vastragotaland,2002-05-01,14,6.578870967741936,203.945
vastragotaland,2002-06-01,19,8.701222222222222,261.0366666666667
vastragotaland,2002-07-01,17,6.962043010752688,215.82333333333332
vastragotaland,2002-08-01,23,8.547473118279571,264.9716666666667
vastragotaland,2002-09-01,20,7.590611111111111,227.71833333333333
vastragotaland,2002-10-01,3,1.9794086021505375,61.361666666666665
vastragotaland,2002-11-01,1,1.515111111111111,45.45333333333333
vastragotaland,2002-12-01,0,0.9858602150537634,30.561666666666667
vastragotaland,2003-01-01,1,1.6883333333333335,52.33833333333334
vastragotaland,2003-02-01,9,3.6874404761904764,103.24833333333333
vastragotaland,2003-03-01,19,5.966774193548387,184.97
vastragotaland,2003-04-01,18,7.590222222222222,227.70666666666665
vastragotaland,2003-05-01,14,6.206559139784947,192.40333333333334
vastragotaland,2003-06-01,19,7.9302222222222225,237.90666666666667
vastragotaland,2003-07-01,17,7.955860215053764,246.63166666666666
vastragotaland,2003-08-01,22,8.107903225806451,251.345
vastragotaland,2003-09-01,15,5.6898333333333335,170.695
vastragotaland,2003-10-01,14,4.7948387096774185,148.64
vastragotaland,2003-11-01,1,1.089888888888889,32.696666666666665
vastragotaland,2003-12-01,0,0.9714516129032258,30.115
vastragotaland,2004-01-01,1,0.7817204301075269,24.233333333333334
vastragotaland,2004-02-01,7,3.299655172413793,95.69
vastragotaland,2004-03-01,14,5.2175806451612905,161.745
vastragotaland,2004-04-01,17,6.640888888888889,199.22666666666666
vastragotaland,2004-05-01,21,7.997096774193548,247.91
vastragotaland,2004-06-01,19,7.505333333333334,225.16
vastragotaland,2004-07-01,15,6.164623655913978,191.10333333333332
vastragotaland,2004-08-01,17,7.142043010752689,221.40333333333334
vastragotaland,2004-09-01,16,6.470444444444444,194.11333333333334
vastragotaland,2004-10-01,9,3.1671505376344085,98.18166666666666
vastragotaland,2004-11-01,4,2.1342777777777777,64.02833333333334
vastragotaland,2004-12-01,0,0.8233333333333334,25.523333333333333
vastragotaland,2005-01-01,3,1.5887096774193548,49.25
vastragotaland,2005-02-01,7,2.6701785714285715,74.765
vastragotaland,2005-03-01,18,6.254462365591397,193.88833333333332
vastragotaland,2005-04-01,17,7.056555555555556,211.69666666666666
vastragotaland,2005-05-01,16,6.069139784946236,188.14333333333332
vastragotaland,2005-06-01,19,8.308277777777779,249.24833333333333
vastragotaland,2005-07-01,19,7.753924731182796,240.37166666666667
vastragotaland,2005-08-01,15,6.15247311827957,190.72666666666666
vastragotaland,2005-09-01,12,5.277,158.31
vastragotaland,2005-10-01,12,4.918924731182796,152.48666666666668
vastragotaland,2005-11-01,2,1.8123333333333334,54.37
vastragotaland,2005-12-01,0,1.3804301075268817,42.79333333333333
vastragotaland,2006-01-01,2,1.275,39.525
vastragotaland,2006-02-01,5,2.1147619047619046,59.21333333333333
vastragotaland,2006-03-01,14,5.40505376344086,167.55666666666667
vastragotaland,2006-04-01,9,4.4142222222222225,132.42666666666668
vastragotaland,2006-05-01,15,7.134139784946236,221.15833333333333
vastragotaland,2006-06-01,22,9.291722222222223,278.75166666666667
vastragotaland,2006-07-01,22,10.036236559139786,311.12333333333333
vastragotaland,2006-08-01,12,5.17225806451613,160.34
vastragotaland,2006-09-01,16,6.934055555555555,208.02166666666665
vastragotaland,2006-10-01,4,2.302204301075269,71.36833333333334
vastragotaland,2006-11-01,1,1.4892222222222222,44.67666666666667
vastragotaland,2006-12-01,0,1.0266129032258065,31.825
vastragotaland,2007-01-01,1,1.7573207885304658,54.47694444444444
vastragotaland,2007-02-01,4,1.600248015873016,44.80694444444445
vastragotaland,2007-03-01,14,5.3832616487455205,166.88111111111112
vastragotaland,2007-04-01,23,9.577046296296295,287.31138888888887
vastragotaland,2007-05-01,17,6.143754480286738,190.45638888888888
vastragotaland,2007-06-01,19,8.713407407407407,261.40222222222224
vastragotaland,2007-07-01,11,4.047643369175627,125.47694444444444
vastragotaland,2007-08-01,15,6.33231182795699,196.30166666666668
vastragotaland,2007-09-01,12,5.055092592592592,151.65277777777777
vastragotaland,2007-10-01,10,3.714704301075269,115.15583333333333
vastragotaland,2007-11-01,5,2.37225,71.1675
vastragotaland,2007-12-01,0,0.42364695340501796,13.133055555555556
vastragotaland,2008-01-01,2,0.9873566308243727,30.608055555555556
vastragotaland,2008-02-01,3,2.0854118773946357,60.47694444444444
vastragotaland,2008-03-01,11,3.798888888888889,117.76555555555557
vastragotaland,2008-04-01,19,6.998833333333334,209.965
vastragotaland,2008-05-01,27,11.326648745519714,351.12611111111113
vastragotaland,2008-06-01,19,8.813324074074075,264.39972222222224
vastragotaland,2008-07-01,21,9.403611111111111,291.51194444444445
vastragotaland,2008-08-01,9,5.198611111111111,161.15694444444443
vastragotaland,2008-09-01,8,3.9861388888888887,119.58416666666666
vastragotaland,2008-10-01,7,3.2334139784946236,100.23583333333333
vastragotaland,2008-11-01,3,1.7783981481481481,53.35194444444444
vastragotaland,2008-12-01,0,0.3853673835125448,11.946388888888889
vastragotaland,2009-01-01,0,1.4650448028673835,45.41638888888889
vastragotaland,2009-02-01,6,2.1399305555555554,59.918055555555554
vastragotaland,2009-03-01,11,4.014336917562724,124.44444444444444
vastragotaland,2009-04-01,19,8.287814814814816,248.63444444444445
vastragotaland,2009-05-01,22,9.18032258064516,284.59
vastragotaland,2009-06-01,24,10.464583333333334,313.9375
vastragotaland,2009-07-01,14,5.960403225806452,184.7725
vastragotaland,2009-08-01,17,6.397401433691757,198.31944444444446
vastragotaland,2009-09-01,11,5.263277777777778,157.89833333333334
vastragotaland,2009-10-01,11,3.5680824372759856,110.61055555555555
vastragotaland,2009-11-01,0,0.4808333333333333,14.424999999999999
vastragotaland,2009-12-01,0,1.2087724014336918,37.471944444444446
vastragotaland,2010-01-01,2,2.1357437275985665,66.20805555555556
vastragotaland,2010-02-01,2,1.4189285714285715,39.730000000000004
vastragotaland,2010-03-01,14,4.76521505376344,147.72166666666666
vastragotaland,2010-04-01,16,7.1736759259259255,215.21027777777778
vastragotaland,2010-05-01,19,7.1685573476702515,222.2252777777778
vastragotaland,2010-06-01,18,8.761722222222224,262.8516666666667
vastragotaland,2010-07-01,20,7.9057347670250895,245.07777777777778
vastragotaland,2010-08-01,9,4.182114695340501,129.64555555555555
vastragotaland,2010-09-01,13,5.25125,157.5375
vastragotaland,2010-10-01,9,2.99502688172043,92.84583333333333
vastragotaland,2010-11-01,4,1.7235555555555557,51.70666666666667
vastragotaland,2010-12-01,1,1.62497311827957,50.37416666666667
vastragotaland,2011-01-01,4,1.9071863799283153,59.12277777777778
vastragotaland,2011-02-01,4,2.3163690476190477,64.85833333333333
vastragotaland,2011-03-01,12,4.5653315412186375,141.52527777777777
vastragotaland,2011-04-01,20,7.805305555555555,234.15916666666666
vastragotaland,2011-05-01,20,7.676890681003584,237.98361111111112
vastragotaland,2011-06-01,19,8.4655,253.965
vastragotaland,2011-07-01,15,6.190277777777777,191.8986111111111
vastragotaland,2011-08-01,12,5.459381720430108,169.24083333333334
vastragotaland,2011-09-01,7,3.687574074074074,110.62722222222223
vastragotaland,2011-10-01,7,3.2453136200716846,100.60472222222222
vastragotaland,2011-11-01,3,1.5488518518518517,46.465555555555554
vastragotaland,2011-12-01,0,1.073136200716846,33.26722222222222
vastragotaland,2012-01-01,3,2.2035483870967743,68.31
vastragotaland,2012-02-01,13,4.291015325670498,124.43944444444445
vastragotaland,2012-03-01,15,6.0875358422939065,188.7136111111111
vastragotaland,2012-04-01,14,5.46887037037037,164.0661111111111
vastragotaland,2012-05-01,19,8.36326164874552,259.2611111111111
vastragotaland,2012-06-01,15,6.6460185185185185,199.38055555555556
vastragotaland,2012-07-01,16,6.867983870967742,212.9075
vastragotaland,2012-08-01,18,6.774148745519713,209.9986111111111
vastragotaland,2012-09-01,8,3.534388888888889,106.03166666666667
vastragotaland,2012-10-01,5,2.720421146953405,84.33305555555556
vastragotaland,2012-11-01,0,0.6876018518518519,20.628055555555555
vastragotaland,2012-12-01,0,1.4856810035842296,46.056111111111115
vastragotaland,2013-01-01,3,1.4358960573476702,44.51277777777778
vastragotaland,2013-02-01,3,2.035218253968254,56.986111111111114
vastragotaland,2013-03-01,24,8.032876344086022,249.01916666666668
vastragotaland,2013-04-01,21,7.858472222222222,235.75416666666666
vastragotaland,2013-05-01,20,7.586245519713262,235.17361111111111
vastragotaland,2013-06-01,17,7.973037037037036,239.1911111111111
vastragotaland,2013-07-01,23,9.909982078853046,307.20944444444444
vastragotaland,2013-08-01,19,6.722634408602151,208.40166666666667
vastragotaland,2013-09-01,14,5.994166666666667,179.825
vastragotaland,2013-10-01,6,2.7358960573476705,84.81277777777778
vastragotaland,2013-11-01,5,1.9888981481481482,59.66694444444445
vastragotaland,2013-12-01,0,0.9863978494623656,30.578333333333333
vastragotaland,2014-01-01,0,0.7228584229390681,22.40861111111111
vastragotaland,2014-02-01,1,1.1786111111111113,33.001111111111115
vastragotaland,2014-03-01,12,5.027768817204302,155.86083333333335
vastragotaland,2014-04-01,18,7.351314814814815,220.53944444444446
vastragotaland,2014-05-01,22,9.287706093189964,287.9188888888889
vastragotaland,2014-06-01,22,9.606851851851852,288.2055555555556
vastragotaland,2014-07-01,27,9.58581541218638,297.16027777777776
vastragotaland,2014-08-01,15,5.612786738351255,173.9963888888889
vastragotaland,2014-09-01,20,7.777685185185185,233.33055555555555
vastragotaland,2014-10-01,2,2.025215053763441,62.781666666666666
vastragotaland,2014-11-01,0,0.9253518518518519,27.760555555555555
vastragotaland,2014-12-01,0,1.0364605734767025,32.13027777777778
vastragotaland,2015-01-01,2,1.0298745519713262,31.926111111111112
vastragotaland,2015-02-01,2,1.1587599206349206,32.445277777777775
vastragotaland,2015-03-01,14,4.764856630824372,147.71055555555554
vastragotaland,2015-04-01,23,8.885250000000001,266.5575
vastragotaland,2015-05-01,19,6.546729390681004,202.94861111111112
vastragotaland,2015-06-01,19,8.220777777777778,246.62333333333333
vastragotaland,2015-07-01,15,6.986254480286738,216.5738888888889
vastragotaland,2015-08-01,22,8.75997311827957,271.55916666666667
vastragotaland,2015-09-01,13,5.320981481481481,159.62944444444443
vastragotaland,2015-10-01,9,3.5456093189964157,109.91388888888889
vastragotaland,2015-11-01,1,1.0894907407407406,32.68472222222222
vastragotaland,2015-12-01,0,1.0209139784946237,31.648333333333333
vastragotaland,2016-01-01,4,1.9885035842293908,61.64361111111111
vastragotaland,2016-02-01,9,3.378342911877395,97.97194444444445
vastragotaland,2016-03-01,14,4.123691756272401,127.83444444444444
vastragotaland,2016-04-01,12,5.455851851851851,163.67555555555555
vastragotaland,2016-05-01,19,8.462885304659498,262.34944444444443
vastragotaland,2016-06-01,17,7.135157407407407,214.0547222222222
vastragotaland,2016-07-01,17,6.512661290322581,201.8925
vastragotaland,2016-08-01,12,5.793790322580644,179.6075
vastragotaland,2016-09-01,15,5.737916666666666,172.1375
vastragotaland,2016-10-01,11,3.4680017921146953,107.50805555555556
vastragotaland,2016-11-01,2,1.7024259259259258,51.07277777777777
vastragotaland,2016-12-01,1,1.70084229390681,52.72611111111111
vastragotaland,2017-01-01,4,1.705421146953405,52.86805555555556
vastragotaland,2017-02-01,4,2.107579365079365,59.01222222222222
vastragotaland,2017-03-01,8,3.2685125448028676,101.32388888888889
vastragotaland,2017-04-01,15,6.84912037037037,205.4736111111111
vastragotaland,2017-05-01,21,8.594829749103942,266.4397222222222
vastragotaland,2017-06-01,16,6.804620370370371,204.13861111111112
vastragotaland,2017-07-01,17,8.28113799283154,256.71527777777777
vastragotaland,2017-08-01,12,5.619068100358422,174.1911111111111
vastragotaland,2017-09-01,8,3.6265185185185183,108.79555555555555
vastragotaland,2017-10-01,7,3.064614695340502,95.00305555555556
vastragotaland,2017-11-01,3,2.3600925925925926,70.80277777777778
vastragotaland,2017-12-01,0,0.7378853046594983,22.874444444444446
vastragotaland,2018-01-01,3,1.1321594982078853,35.096944444444446
vastragotaland,2018-02-01,6,2.3725694444444443,66.43194444444444
vastragotaland,2018-03-01,9,4.168189964157706,129.21388888888887
vastragotaland,2018-04-01,13,5.977037037037037,179.3111111111111
vastragotaland,2018-05-01,27,11.620000000000001,360.22
vastragotaland,2018-06-01,23,10.888472222222223,326.6541666666667
vastragotaland,2018-07-01,26,11.010618279569892,341.32916666666665
vastragotaland,2018-08-01,13,5.666209677419355,175.6525
vastragotaland,2018-09-01,8,4.135759259259259,124.07277777777777
vastragotaland,2018-10-01,12,4.0240770609319,124.74638888888889
vastragotaland,2018-11-01,4,2.0990092592592595,62.97027777777778
vastragotaland,2018-12-01,0,0.8106989247311829,25.131666666666668
vastragotaland,2019-01-01,4,1.8675089605734767,57.89277777777778
vastragotaland,2019-02-01,7,2.9128273809523813,81.55916666666667
vastragotaland,2019-03-01,10,3.6014695340501794,111.64555555555556
vastragotaland,2019-04-01,23,9.862592592592593,295.8777777777778
vastragotaland,2019-05-01,20,7.773189964157706,240.9688888888889
vastragotaland,2019-06-01,19,8.202916666666667,246.0875
vastragotaland,2019-07-01,21,8.639310035842295,267.8186111111111
vastragotaland,2019-08-01,14,5.866577060931899,181.86388888888888
vastragotaland,2019-09-01,11,4.484629629629629,134.5388888888889
vastragotaland,2019-10-01,7,2.8389784946236563,88.00833333333334
vastragotaland,2019-11-01,2,0.7215925925925927,21.64777777777778
vastragotaland,2019-12-01,0,0.7404749103942653,22.954722222222223
vastragotaland,2020-01-01,2,0.8816577060931899,27.33138888888889
vastragotaland,2020-02-01,4,2.4713409961685824,71.66888888888889
vastragotaland,2020-03-01,14,5.620456989247312,174.23416666666668
vastragotaland,2020-04-01,22,8.924509259259258,267.73527777777775
vastragotaland,2020-05-01,24,9.725053763440862,301.4766666666667
vastragotaland,2020-06-01,23,9.895092592592592,296.85277777777776
vastragotaland,2020-07-01,17,6.692078853046595,207.45444444444445
vastragotaland,2020-08-01,21,8.876379928315412,275.16777777777776
vastragotaland,2020-09-01,9,4.597018518518519,137.91055555555556
vastragotaland,2020-10-01,6,3.214695340501792,99.65555555555555
vastragotaland,2020-11-01,2,1.5049166666666667,45.1475
vastragotaland,2020-12-01,0,0.37236559139784947,11.543333333333333
vastragotaland,2021-01-01,4,1.5630465949820789,48.45444444444445
vastragotaland,2021-02-01,7,3.673918650793651,102.86972222222222
vastragotaland,2021-03-01,10,4.495752688172043,139.36833333333334
vastragotaland,2021-04-01,23,9.008333333333333,270.25
vastragotaland,2021-05-01,9,4.282258064516129,132.75
vastragotaland,2021-06-01,20,9.178175925925926,275.34527777777777
vastragotaland,2021-07-01,20,8.838503584229391,273.99361111111114
vastragotaland,2021-08-01,16,6.495008960573476,201.34527777777777
vastragotaland,2021-09-01,10,4.1644351851851855,124.93305555555555
vastragotaland,2021-10-01,6,2.629032258064516,81.5
vastragotaland,2021-11-01,1,1.4885833333333334,44.6575
vastragotaland,2021-12-01,0,1.8418817204301074,57.09833333333333
vastragotaland,2022-01-01,7,2.232715053763441,69.21416666666667
vastragotaland,2022-02-01,7,3.1854761904761904,89.19333333333333
vastragotaland,2022-03-01,23,8.108637992831541,251.36777777777777
vastragotaland,2022-04-01,24,9.529296296296296,285.87888888888887
vastragotaland,2022-05-01,18,7.394767025089606,229.23777777777778
vastragotaland,2022-06-01,18,7.385064814814815,221.55194444444444
vastragotaland,2022-07-01,21,8.117589605734768,251.64527777777778
vastragotaland,2022-08-01,21,8.220206093189963,254.82638888888889
vastragotaland,2022-09-01,18,6.523564814814815,195.70694444444445
vastragotaland,2022-10-01,5,2.2011111111111115,68.23444444444445
vastragotaland,2022-11-01,0,0.7790277777777778,23.370833333333334
vastragotaland,2022-12-01,0,1.3163351254480287,40.80638888888889
vastragotaland,2023-01-01,0,0.8096863799283154,25.100277777777777
vastragotaland,2023-02-01,9,3.3344146825396828,93.36361111111111
vastragotaland,2023-03-01,10,3.6676344086021504,113.69666666666666
vastragotaland,2023-04-01,21,8.15386111111111,244.61583333333334
vastragotaland,2023-05-01,28,12.345600358422939,382.7136111111111
vastragotaland,2023-06-01,25,11.78862962962963,353.6588888888889
vastragotaland,2023-07-01,13,6.050940860215054,187.57916666666665
vastragotaland,2023-08-01,9,4.109166666666667,127.38416666666667
vastragotaland,2023-09-01,9,4.434296296296297,133.0288888888889
vastragotaland,2023-10-01,6,2.8908602150537632,89.61666666666666
vastragotaland,2023-11-01,1,1.5403333333333333,46.21
vastragotaland,2023-12-01,0,0.6267025089605734,19.427777777777777
vastragotaland,2024-01-01,5,2.3650089605734768,73.31527777777778
vastragotaland,2024-02-01,3,1.2020306513409962,34.85888888888889
vastragotaland,2024-03-01,7,3.0067652329749106,93.20972222222223
vastragotaland,2024-04-01,16,6.5366481481481475,196.09944444444443
vastragotaland,2024-05-01,23,9.753512544802867,302.3588888888889
vastragotaland,2024-06-01,20,8.06462962962963,241.9388888888889
vastragotaland,2024-07-01,14,6.532786738351255,202.51638888888888
vastragotaland,2024-08-01,18,7.111496415770609,220.45638888888888
vastragotaland,2024-09-01,20,7.522694444444444,225.68083333333334
vastragotaland,2024-10-01,6,3.006532258064516,93.2025
vastragotaland,2024-11-01,3,2.136416666666667,64.0925
vastragotaland,2024-12-01,0,0.7007168458781362,21.72222222222222
vastragotaland,2025-01-01,0,0.932258064516129,28.9
vastragotaland,2025-02-01,7,3.085297619047619,86.38833333333334
vastragotaland,2025-03-01,17,5.9622132616487455,184.82861111111112
vastragotaland,2025-04-01,20,8.154703703703705,244.64111111111112
vastragotaland,2025-05-01,22,9.365645161290322,290.335
vastragotaland,2025-06-01,21,8.698481481481481,260.95444444444445
vastragotaland,2025-07-01,22,8.19394265232975,254.01222222222222
vastragotaland,2025-08-01,19,7.320277777777778,226.9286111111111
vastragotaland,2025-09-01,13,5.923898148148148,177.71694444444444
vastragotaland,2025-10-01,8,3.5501702508960573,110.05527777777777
vastragotaland,2025-11-01,3,1.8013333333333332,54.04
vastragotaland,2025-12-01,3,1.5212096774193549,47.1575
vastragotaland,2026-01-01,4,1.4753315412186379,45.735277777777775
vastragotaland,2026-02-01,0,0.0,0.0
