year,guest_nights,region,month,date,occupancy_rate,guest_lag1,guest_lag2,guest_lag12,occ_lag1,temp_mean,rain_sum,rain_days,rain_mean
2016,899950,dalarna,7,2016-07-01,0.6514231,294049.0,157406.0,815341.0,0.3823469,16.6,105.2,11.0,3.393548387096774
2016,493494,dalarna,8,2016-08-01,0.5233549,899950.0,294049.0,459539.0,0.6514231,14.3,85.1,13.0,2.7451612903225806
2016,187354,dalarna,9,2016-09-01,0.3776888,493494.0,899950.0,172431.0,0.5233549,13.1,17.4,4.0,0.58
2016,155146,dalarna,10,2016-10-01,0.3178526,187354.0,493494.0,154394.0,0.3776888,4.9,26.8,6.0,0.864516129032258
2016,153684,dalarna,11,2016-11-01,0.3260048,155146.0,187354.0,127696.0,0.3178526,0.2,61.1,12.0,2.0366666666666666
2016,378979,dalarna,12,2016-12-01,0.3810637,153684.0,155146.0,405551.0,0.3260048,0.6,24.6,4.0,0.7935483870967742
2017,617732,dalarna,1,2017-01-01,0.487887,378979.0,153684.0,588137.0,0.3810637,-3.4,20.299999999999997,3.0,0.6548387096774193
2017,721102,dalarna,2,2017-02-01,0.62313,617732.0,378979.0,715412.0,0.487887,-2.1,32.7,8.0,1.167857142857143
2017,683728,dalarna,3,2017-03-01,0.5577641,721102.0,617732.0,767254.0,0.62313,1.6,26.4,7.0,0.8516129032258064
2017,360134,dalarna,4,2017-04-01,0.3566746,683728.0,721102.0,312986.0,0.5577641,3.4,15.1,3.0,0.5033333333333333
2017,150759,dalarna,5,2017-05-01,0.3273151,360134.0,683728.0,157406.0,0.3566746,10.3,36.3,7.0,1.1709677419354838
2017,290484,dalarna,6,2017-06-01,0.4327301,150759.0,360134.0,294049.0,0.3273151,13.7,44.8,10.0,1.4933333333333332
2017,737996,dalarna,7,2017-07-01,0.6596335,290484.0,150759.0,899950.0,0.4327301,14.9,51.0,8.0,1.6451612903225807
2017,462996,dalarna,8,2017-08-01,0.5319595,737996.0,290484.0,493494.0,0.6596335,14.3,70.8,13.0,2.2838709677419353
2017,192619,dalarna,9,2017-09-01,0.378215,462996.0,737996.0,187354.0,0.5319595,10.9,44.0,8.0,1.4666666666666666
2017,149043,dalarna,10,2017-10-01,0.318078,192619.0,462996.0,155146.0,0.378215,5.7,84.7,11.0,2.732258064516129
2017,166381,dalarna,11,2017-11-01,0.3460756,149043.0,192619.0,153684.0,0.318078,1.1,61.2,11.0,2.04
2017,414542,dalarna,12,2017-12-01,0.4244561,166381.0,149043.0,378979.0,0.3460756,-1.6,49.5,12.0,1.596774193548387
2018,668320,dalarna,1,2018-01-01,0.5290511,414542.0,166381.0,617732.0,0.4244561,-3.6,55.2,11.0,1.7806451612903227
2018,766613,dalarna,2,2018-02-01,0.639258,668320.0,414542.0,721102.0,0.5290511,-6.5,31.3,9.0,1.1178571428571429
2018,773900,dalarna,3,2018-03-01,0.6102922,766613.0,668320.0,683728.0,0.639258,-4.0,23.0,5.0,0.7419354838709677
2018,362836,dalarna,4,2018-04-01,0.3919594,773900.0,766613.0,360134.0,0.6102922,4.7,45.7,6.0,1.5233333333333334
2018,160444,dalarna,5,2018-05-01,0.3260555,362836.0,773900.0,150759.0,0.3919594,15.1,24.5,3.0,0.7903225806451613
2018,293986,dalarna,6,2018-06-01,0.3915429,160444.0,362836.0,290484.0,0.3260555,15.3,49.4,5.0,1.6466666666666667
2018,738241,dalarna,7,2018-07-01,0.6070942,293986.0,160444.0,737996.0,0.3915429,20.4,42.9,5.0,1.3838709677419354
2018,445593,dalarna,8,2018-08-01,0.4904391,738241.0,293986.0,462996.0,0.6070942,15.7,44.0,9.0,1.4193548387096775
2018,183732,dalarna,9,2018-09-01,0.3619924,445593.0,738241.0,192619.0,0.4904391,11.6,51.0,10.0,1.7
2018,157379,dalarna,10,2018-10-01,0.3582336,183732.0,445593.0,149043.0,0.3619924,6.4,55.1,7.0,1.7774193548387098
2018,153165,dalarna,11,2018-11-01,0.3300062,157379.0,183732.0,166381.0,0.3582336,2.1,18.7,7.0,0.6233333333333333
2018,398049,dalarna,12,2018-12-01,0.4242512,153165.0,157379.0,414542.0,0.3300062,-2.6,54.3,10.0,1.7516129032258063
2019,669574,dalarna,1,2019-01-01,0.480284,398049.0,153165.0,668320.0,0.4242512,-4.9,39.6,7.0,1.2774193548387098
2019,768731,dalarna,2,2019-02-01,0.6181669,669574.0,398049.0,766613.0,0.480284,-0.4,37.5,11.0,1.3392857142857142
2019,666322,dalarna,3,2019-03-01,0.5072202,768731.0,669574.0,773900.0,0.6181669,0.3,63.5,10.0,2.0483870967741935
2019,364407,dalarna,4,2019-04-01,0.3425893,666322.0,768731.0,362836.0,0.5072202,6.4,13.2,2.0,0.44
2019,182439,dalarna,5,2019-05-01,0.3281892,364407.0,666322.0,160444.0,0.3425893,9.2,61.8,13.0,1.993548387096774
2019,326436,dalarna,6,2019-06-01,0.4012805,182439.0,364407.0,293986.0,0.3281892,16.3,31.1,6.0,1.0366666666666666
2019,804093,dalarna,7,2019-07-01,0.592373,326436.0,182439.0,738241.0,0.4012805,16.0,46.6,8.0,1.5032258064516129
2019,466170,dalarna,8,2019-08-01,0.4854888,804093.0,326436.0,445593.0,0.592373,16.0,57.0,13.0,1.8387096774193548
2019,192403,dalarna,9,2019-09-01,0.3623786,466170.0,804093.0,183732.0,0.4854888,10.7,60.9,12.0,2.03
2019,160924,dalarna,10,2019-10-01,0.333984,192403.0,466170.0,157379.0,0.3623786,4.7,91.0,12.0,2.935483870967742
2019,147669,dalarna,11,2019-11-01,0.322246,160924.0,192403.0,153165.0,0.333984,0.0,71.3,12.0,2.3766666666666665
2019,372835,dalarna,12,2019-12-01,0.3868794,147669.0,160924.0,398049.0,0.322246,-0.1,42.5,13.0,1.3709677419354838
2020,648623,dalarna,1,2020-01-01,0.4660689,372835.0,147669.0,669574.0,0.3868794,2.7,33.2,8.0,1.070967741935484
2020,752758,dalarna,2,2020-02-01,0.5881934,648623.0,372835.0,768731.0,0.4660689,1.0,27.299999999999997,8.0,0.9413793103448275
2020,541896,dalarna,3,2020-03-01,0.3826228,752758.0,648623.0,666322.0,0.5881934,1.8,24.6,5.0,0.7935483870967742
2020,103879,dalarna,4,2020-04-01,0.121253,541896.0,752758.0,364407.0,0.3826228,5.7,19.8,7.0,0.66
2020,97836,dalarna,5,2020-05-01,0.1553262,103879.0,541896.0,182439.0,0.121253,8.3,24.8,3.0,0.8
2020,198562,dalarna,6,2020-06-01,0.2243284,97836.0,103879.0,326436.0,0.1553262,17.7,63.1,7.0,2.1033333333333335
2020,637532,dalarna,7,2020-07-01,0.5444971,198562.0,97836.0,804093.0,0.2243284,14.0,91.6,13.0,2.954838709677419
2020,342530,dalarna,8,2020-08-01,0.3721615,637532.0,198562.0,466170.0,0.5444971,16.4,31.3,6.0,1.0096774193548388
2020,175955,dalarna,9,2020-09-01,0.3414441,342530.0,637532.0,192403.0,0.3721615,11.7,38.4,6.0,1.28
2020,164017,dalarna,10,2020-10-01,0.3138953,175955.0,342530.0,160924.0,0.3414441,6.8,111.60000000000001,17.0,3.6
2020,101010,dalarna,11,2020-11-01,0.2025836,164017.0,175955.0,147669.0,0.3138953,4.5,36.5,10.0,1.2166666666666666
2020,317212,dalarna,12,2020-12-01,0.2662006,101010.0,164017.0,372835.0,0.2025836,1.3,66.39999999999999,16.0,2.1419354838709674
2021,542154,dalarna,1,2021-01-01,0.3543656,317212.0,101010.0,648623.0,0.2662006,-5.0,43.3,7.0,1.396774193548387
2021,581058,dalarna,2,2021-02-01,0.448064,542154.0,317212.0,752758.0,0.3543656,-4.7,10.5,4.0,0.375
2021,631661,dalarna,3,2021-03-01,0.4290508,581058.0,542154.0,541896.0,0.448064,2.5,11.4,4.0,0.36774193548387096
2021,303587,dalarna,4,2021-04-01,0.2655815,631661.0,581058.0,103879.0,0.4290508,3.9,22.0,6.0,0.7333333333333333
2021,127455,dalarna,5,2021-05-01,0.211955,303587.0,631661.0,97836.0,0.2655815,9.1,86.3,13.0,2.7838709677419353
2021,244630,dalarna,6,2021-06-01,0.3019315,127455.0,303587.0,198562.0,0.211955,17.0,51.0,9.0,1.7
2021,714843,dalarna,7,2021-07-01,0.5883819,244630.0,127455.0,637532.0,0.3019315,18.7,58.0,10.0,1.8709677419354838
2021,426166,dalarna,8,2021-08-01,0.4384716,714843.0,244630.0,342530.0,0.5883819,13.9,166.3,11.0,5.364516129032259
2021,206959,dalarna,9,2021-09-01,0.3529887,426166.0,714843.0,175955.0,0.4384716,10.8,55.2,7.0,1.84
2021,147858,dalarna,10,2021-10-01,0.2799534,206959.0,426166.0,164017.0,0.3529887,8.0,85.69999999999999,12.0,2.7645161290322577
2021,169532,dalarna,11,2021-11-01,0.3127721,147858.0,206959.0,101010.0,0.2799534,1.1,33.1,7.0,1.1033333333333333
2021,443600,dalarna,12,2021-12-01,0.396581,169532.0,147858.0,317212.0,0.3127721,-4.6,23.0,5.0,0.7419354838709677
2022,691939,dalarna,1,2022-01-01,0.4318925,443600.0,169532.0,542154.0,0.396581,-1.2,35.6,8.0,1.1483870967741936
2022,762201,dalarna,2,2022-02-01,0.5489722,691939.0,443600.0,581058.0,0.4318925,-1.0,31.1,10.0,1.1107142857142858
2022,746780,dalarna,3,2022-03-01,0.5549317,762201.0,691939.0,631661.0,0.5489722,2.0,1.7999999999999998,1.0,0.058064516129032254
2022,372000,dalarna,4,2022-04-01,0.3619666,746780.0,762201.0,303587.0,0.5549317,3.8,20.3,4.0,0.6766666666666666
2022,165977,dalarna,5,2022-05-01,0.3133613,372000.0,746780.0,127455.0,0.3619666,10.4,43.2,6.0,1.3935483870967742
2022,307707,dalarna,6,2022-06-01,0.3918012,165977.0,372000.0,244630.0,0.3133613,16.5,40.8,11.0,1.3599999999999999
2022,763537,dalarna,7,2022-07-01,0.5730372,307707.0,165977.0,714843.0,0.3918012,16.4,52.4,9.0,1.6903225806451612
2022,458877,dalarna,8,2022-08-01,0.4601382,763537.0,307707.0,426166.0,0.5730372,16.7,72.4,8.0,2.335483870967742
2022,193181,dalarna,9,2022-09-01,0.3748925,458877.0,763537.0,206959.0,0.4601382,10.2,24.5,7.0,0.8166666666666667
2022,144254,dalarna,10,2022-10-01,0.3136876,193181.0,458877.0,147858.0,0.3748925,7.6,37.1,9.0,1.196774193548387
2022,141387,dalarna,11,2022-11-01,0.3204624,144254.0,193181.0,169532.0,0.3136876,3.7,29.8,6.0,0.9933333333333334
2022,366894,dalarna,12,2022-12-01,0.3886666,141387.0,144254.0,443600.0,0.3204624,-6.2,49.1,10.0,1.5838709677419356
2023,688532,dalarna,1,2023-01-01,0.5033796,366894.0,141387.0,691939.0,0.3886666,-1.9,70.5,12.0,2.274193548387097
2023,787110,dalarna,2,2023-02-01,0.602605,688532.0,366894.0,762201.0,0.5033796,-1.1,28.3,7.0,1.0107142857142857
2023,701704,dalarna,3,2023-03-01,0.5618562,787110.0,688532.0,746780.0,0.602605,-2.0,31.299999999999997,6.0,1.0096774193548386
2023,316064,dalarna,4,2023-04-01,0.3660135,701704.0,787110.0,372000.0,0.5618562,4.0,41.6,6.0,1.3866666666666667
2023,146016,dalarna,5,2023-05-01,0.3344385,316064.0,701704.0,165977.0,0.3660135,11.2,19.2,2.0,0.6193548387096774
2023,311065,dalarna,6,2023-06-01,0.4304163,146016.0,316064.0,307707.0,0.3344385,17.1,5.5,1.0,0.18333333333333332
2023,692419,dalarna,7,2023-07-01,0.5776536,311065.0,146016.0,763537.0,0.4304163,15.5,157.3,16.0,5.074193548387097
2023,393877,dalarna,8,2023-08-01,0.4732485,692419.0,311065.0,458877.0,0.5776536,14.9,154.6,19.0,4.987096774193549
2023,185315,dalarna,9,2023-09-01,0.405547,393877.0,692419.0,193181.0,0.4732485,13.9,55.0,9.0,1.8333333333333333
2023,141660,dalarna,10,2023-10-01,0.3453165,185315.0,393877.0,144254.0,0.405547,4.1,65.4,7.0,2.109677419354839
2023,139544,dalarna,11,2023-11-01,0.3409325,141660.0,185315.0,141387.0,0.3453165,-2.0,77.0,12.0,2.566666666666667
2023,404335,dalarna,12,2023-12-01,0.3991177,139544.0,141660.0,366894.0,0.3409325,-6.3,43.9,12.0,1.4161290322580644
2024,733277,dalarna,1,2024-01-01,0.5109501,404335.0,139544.0,688532.0,0.3991177,-6.0,32.8,8.0,1.058064516129032
2024,863724,dalarna,2,2024-02-01,0.6151378,733277.0,404335.0,787110.0,0.5109501,-2.6,38.5,9.0,1.3275862068965518
2024,739531,dalarna,3,2024-03-01,0.5696965,863724.0,733277.0,701704.0,0.6151378,0.9,59.699999999999996,10.0,1.925806451612903
2024,273388,dalarna,4,2024-04-01,0.3609917,739531.0,863724.0,316064.0,0.5696965,3.6,37.9,10.0,1.2633333333333332
2024,155363,dalarna,5,2024-05-01,0.3293085,273388.0,739531.0,146016.0,0.3609917,14.0,21.5,4.0,0.6935483870967742
2024,332976,dalarna,6,2024-06-01,0.4407461,155363.0,273388.0,311065.0,0.3293085,15.3,60.1,9.0,2.0033333333333334
2024,719799,dalarna,7,2024-07-01,0.588061,332976.0,155363.0,692419.0,0.4407461,16.7,112.0,16.0,3.6129032258064515
2024,394303,dalarna,8,2024-08-01,0.4696634,719799.0,332976.0,393877.0,0.588061,16.2,34.2,8.0,1.103225806451613
2024,172363,dalarna,9,2024-09-01,0.3753082,394303.0,719799.0,185315.0,0.4696634,11.7,46.1,7.0,1.5366666666666666
2024,137787,dalarna,10,2024-10-01,0.33189,172363.0,394303.0,141660.0,0.3753082,7.3,62.4,8.0,2.0129032258064514
2024,132831,dalarna,11,2024-11-01,0.3377834,137787.0,172363.0,139544.0,0.33189,1.6,17.3,4.0,0.5766666666666667
2024,436148,dalarna,12,2024-12-01,0.3982431,132831.0,137787.0,404335.0,0.3377834,-1.2,81.9,10.0,2.641935483870968
2025,786074,dalarna,1,2025-01-01,0.4808515,436148.0,132831.0,733277.0,0.3982431,-2.1,45.3,11.0,1.461290322580645
2025,896487,dalarna,2,2025-02-01,0.5981323,786074.0,436148.0,863724.0,0.4808515,-2.3,9.0,3.0,0.32142857142857145
2025,649556,dalarna,3,2025-03-01,0.475587,896487.0,786074.0,739531.0,0.5981323,3.5,2.2,1.0,0.07096774193548387
2025,299759,dalarna,4,2025-04-01,0.326553,649556.0,896487.0,273388.0,0.475587,7.2,47.6,6.0,1.5866666666666667
2025,166910,dalarna,5,2025-05-01,0.321424,299759.0,649556.0,155363.0,0.326553,10.0,37.6,8.0,1.2129032258064516
2025,332531,dalarna,6,2025-06-01,0.4128721,166910.0,299759.0,332976.0,0.321424,14.1,76.3,14.0,2.5433333333333334
2025,712723,dalarna,7,2025-07-01,0.5152171,332531.0,166910.0,719799.0,0.4128721,18.1,112.6,13.0,3.6322580645161286
2025,402334,dalarna,8,2025-08-01,0.4383509,712723.0,332531.0,394303.0,0.5152171,14.7,35.5,5.0,1.1451612903225807
2025,177068,dalarna,9,2025-09-01,0.362734,402334.0,712723.0,172363.0,0.4383509,12.5,132.2,15.0,4.406666666666666
2025,151558,dalarna,10,2025-10-01,0.3226707,177068.0,402334.0,137787.0,0.362734,6.6,63.1,10.0,2.035483870967742
2025,125297,dalarna,11,2025-11-01,0.31677,151558.0,177068.0,132831.0,0.3226707,2.3,44.5,10.0,1.4833333333333334
2025,450619,dalarna,12,2025-12-01,0.3727315,125297.0,151558.0,436148.0,0.31677,2.1,47.3,14.0,1.525806451612903
2026,823702,dalarna,1,2026-01-01,0.4850116,450619.0,125297.0,786074.0,0.3727315,-6.6,67.2,14.0,2.167741935483871
2016,359356,gotland,7,2016-07-01,0.8726095,137639.0,82460.0,316031.0,0.5755762,17.7,32.8,6.0,1.058064516129032
2016,234368,gotland,8,2016-08-01,0.7603093,359356.0,137639.0,196227.0,0.8726095,16.5,114.9,12.0,3.706451612903226
2016,54383,gotland,9,2016-09-01,0.4719202,234368.0,359356.0,50821.0,0.7603093,14.1,32.1,5.0,1.07
2016,34796,gotland,10,2016-10-01,0.3831124,54383.0,234368.0,32072.0,0.4719202,7.5,56.7,11.0,1.8290322580645162
2016,23270,gotland,11,2016-11-01,0.3109049,34796.0,54383.0,22098.0,0.3831124,3.5,72.9,14.0,2.43
2016,17409,gotland,12,2016-12-01,0.2654217,23270.0,34796.0,16041.0,0.3109049,3.1,30.200000000000003,6.0,0.9741935483870968
2017,12310,gotland,1,2017-01-01,0.2307566,17409.0,23270.0,15462.0,0.2654217,0.3,21.6,4.0,0.8640000000000001
2017,11609,gotland,2,2017-02-01,0.22606,12310.0,17409.0,18554.0,0.2307566,0.5,21.9,5.0,0.7821428571428571
2017,20340,gotland,3,2017-03-01,0.2567364,11609.0,12310.0,23538.0,0.22606,2.6,24.1,6.0,0.7774193548387097
2017,31405,gotland,4,2017-04-01,0.3424919,20340.0,11609.0,28211.0,0.2567364,4.2,24.5,6.0,0.8166666666666667
2017,78491,gotland,5,2017-05-01,0.5168256,31405.0,20340.0,82460.0,0.3424919,9.9,16.7,3.0,0.5387096774193548
2017,151664,gotland,6,2017-06-01,0.6607509,78491.0,31405.0,137639.0,0.5168256,14.5,48.4,10.0,1.6133333333333333
2017,350960,gotland,7,2017-07-01,0.8569328,151664.0,78491.0,359356.0,0.6607509,15.9,48.2,7.0,1.5548387096774194
2017,216945,gotland,8,2017-08-01,0.7072696,350960.0,151664.0,234368.0,0.8569328,16.3,64.1,11.0,2.0677419354838706
2017,57950,gotland,9,2017-09-01,0.4734343,216945.0,350960.0,54383.0,0.7072696,13.1,127.8,13.0,4.26
2017,35209,gotland,10,2017-10-01,0.377416,57950.0,216945.0,34796.0,0.4734343,8.7,106.9,14.0,3.448387096774194
2017,18860,gotland,11,2017-11-01,0.2895934,35209.0,57950.0,23270.0,0.377416,5.0,52.1,14.0,1.7366666666666668
2017,19133,gotland,12,2017-12-01,0.3061352,18860.0,35209.0,17409.0,0.2895934,3.1,88.2,16.0,2.8451612903225807
2018,13785,gotland,1,2018-01-01,0.2110961,19133.0,18860.0,12310.0,0.3061352,0.7,46.8,11.0,1.5096774193548386
2018,14745,gotland,2,2018-02-01,0.2322608,13785.0,19133.0,11609.0,0.2110961,-2.4,67.5,11.0,2.4107142857142856
2018,20719,gotland,3,2018-03-01,0.2282364,14745.0,13785.0,20340.0,0.2322608,-1.1,24.0,7.0,0.7741935483870968
2018,26576,gotland,4,2018-04-01,0.2690597,20719.0,14745.0,31405.0,0.2282364,6.9,11.2,1.0,0.3733333333333333
2018,78341,gotland,5,2018-05-01,0.4606457,26576.0,20719.0,78491.0,0.2690597,14.4,1.4,0.0,0.04516129032258064
2018,148233,gotland,6,2018-06-01,0.5989203,78341.0,26576.0,151664.0,0.4606457,16.3,13.7,6.0,0.45666666666666667
2018,349295,gotland,7,2018-07-01,0.8670775,148233.0,78341.0,350960.0,0.5989203,19.9,105.3,4.0,3.396774193548387
2018,221890,gotland,8,2018-08-01,0.7038398,349295.0,148233.0,216945.0,0.8670775,18.5,105.0,13.0,3.3870967741935485
2018,54046,gotland,9,2018-09-01,0.4284967,221890.0,349295.0,57950.0,0.7038398,14.5,29.5,7.0,0.9833333333333333
2018,35934,gotland,10,2018-10-01,0.3826302,54046.0,221890.0,35209.0,0.4284967,8.9,59.7,9.0,1.9258064516129034
2018,21414,gotland,11,2018-11-01,0.2921235,35934.0,54046.0,18860.0,0.3826302,5.1,17.6,3.0,0.5866666666666667
2018,17773,gotland,12,2018-12-01,0.2444992,21414.0,35934.0,19133.0,0.2921235,1.9,31.099999999999998,9.0,1.0032258064516129
2019,12611,gotland,1,2019-01-01,0.2018943,17773.0,21414.0,13785.0,0.2444992,-0.2,23.4,6.0,0.7548387096774193
2019,15648,gotland,2,2019-02-01,0.2599001,12611.0,17773.0,14745.0,0.2018943,2.2,27.5,7.0,0.9821428571428571
2019,22202,gotland,3,2019-03-01,0.2683298,15648.0,12611.0,20719.0,0.2599001,2.9,59.1,10.0,1.9064516129032258
2019,33190,gotland,4,2019-04-01,0.2865307,22202.0,15648.0,26576.0,0.2683298,6.4,0.7000000000000001,0.0,0.023333333333333334
2019,81449,gotland,5,2019-05-01,0.4519573,33190.0,22202.0,78341.0,0.2865307,10.0,60.1,7.0,1.9387096774193548
2019,154271,gotland,6,2019-06-01,0.5581772,81449.0,33190.0,148233.0,0.4519573,17.6,35.699999999999996,4.0,1.19
2019,353981,gotland,7,2019-07-01,0.8092933,154271.0,81449.0,349295.0,0.5581772,16.0,102.7,11.0,3.3129032258064517
2019,216239,gotland,8,2019-08-01,0.6445083,353981.0,154271.0,221890.0,0.8092933,17.8,25.1,7.0,0.8096774193548387
2019,59664,gotland,9,2019-09-01,0.3978978,216239.0,353981.0,54046.0,0.6445083,13.2,103.3,12.0,3.4433333333333334
2019,37243,gotland,10,2019-10-01,0.3135371,59664.0,216239.0,35934.0,0.3978978,8.8,81.9,15.0,2.641935483870968
2019,21230,gotland,11,2019-11-01,0.2600136,37243.0,59664.0,21414.0,0.3135371,5.3,77.5,14.0,2.5833333333333335
2019,17793,gotland,12,2019-12-01,0.2325098,21230.0,37243.0,17773.0,0.2600136,4.0,60.5,11.0,1.9516129032258065
2020,12673,gotland,1,2020-01-01,0.1991256,17793.0,21230.0,12611.0,0.2325098,4.2,19.7,6.0,0.635483870967742
2020,14895,gotland,2,2020-02-01,0.2396108,12673.0,17793.0,15648.0,0.1991256,3.1,51.7,12.0,1.7827586206896553
2020,12090,gotland,3,2020-03-01,0.1835026,14895.0,12673.0,22202.0,0.2396108,3.3,43.6,11.0,1.4064516129032258
2020,8327,gotland,4,2020-04-01,0.0966891,12090.0,14895.0,33190.0,0.1835026,6.1,9.7,2.0,0.3233333333333333
2020,25088,gotland,5,2020-05-01,0.1058008,8327.0,12090.0,81449.0,0.0966891,8.8,22.2,7.0,0.7161290322580645
2020,72122,gotland,6,2020-06-01,0.2581463,25088.0,8327.0,154271.0,0.1058008,16.1,29.700000000000003,7.0,0.9900000000000001
2020,282320,gotland,7,2020-07-01,0.6810003,72122.0,25088.0,353981.0,0.2581463,16.6,65.3,8.0,2.106451612903226
2020,167392,gotland,8,2020-08-01,0.5320333,282320.0,72122.0,216239.0,0.6810003,18.1,40.7,6.0,1.3129032258064517
2020,57424,gotland,9,2020-09-01,0.3728231,167392.0,282320.0,59664.0,0.5320333,14.5,12.4,4.0,0.41333333333333333
2020,45769,gotland,10,2020-10-01,0.3624748,57424.0,167392.0,37243.0,0.3728231,10.4,52.7,12.0,1.7000000000000002
2020,15985,gotland,11,2020-11-01,0.2184715,45769.0,57424.0,21230.0,0.3624748,7.5,26.6,8.0,0.8866666666666667
2020,10070,gotland,12,2020-12-01,0.1512356,15985.0,45769.0,17793.0,0.2184715,3.7,35.1,10.0,1.132258064516129
2021,8096,gotland,1,2021-01-01,0.1358042,10070.0,15985.0,12673.0,0.1512356,0.2,49.4,14.0,1.5935483870967742
2021,11239,gotland,2,2021-02-01,0.163091,8096.0,10070.0,14895.0,0.1358042,-0.9,15.2,6.0,0.5428571428571428
2021,17338,gotland,3,2021-03-01,0.2174661,11239.0,8096.0,12090.0,0.163091,2.9,21.6,7.0,0.6967741935483871
2021,21530,gotland,4,2021-04-01,0.2063089,17338.0,11239.0,8327.0,0.2174661,4.5,7.1,2.0,0.23666666666666666
2021,61145,gotland,5,2021-05-01,0.2896348,21530.0,17338.0,25088.0,0.2063089,9.8,12.200000000000001,3.0,0.39354838709677425
2021,154102,gotland,6,2021-06-01,0.5121954,61145.0,21530.0,72122.0,0.2896348,17.9,13.8,4.0,0.46
2021,384622,gotland,7,2021-07-01,0.8604107,154102.0,61145.0,282320.0,0.5121954,20.4,28.6,7.0,0.9225806451612903
2021,260626,gotland,8,2021-08-01,0.722427,384622.0,154102.0,167392.0,0.8604107,15.7,38.1,13.0,1.229032258064516
2021,64180,gotland,9,2021-09-01,0.4562679,260626.0,384622.0,57424.0,0.722427,12.6,18.8,3.0,0.6266666666666667
2021,45154,gotland,10,2021-10-01,0.403497,64180.0,260626.0,45769.0,0.4562679,9.9,29.4,8.0,0.9483870967741935
2021,26724,gotland,11,2021-11-01,0.3429309,45154.0,64180.0,15985.0,0.403497,5.3,36.8,8.0,1.2266666666666666
2021,17081,gotland,12,2021-12-01,0.2311123,26724.0,45154.0,10070.0,0.3429309,-0.3,24.6,6.0,0.7935483870967742
2022,11345,gotland,1,2022-01-01,0.1830356,17081.0,26724.0,8096.0,0.2311123,1.6,33.8,9.0,1.0903225806451613
2022,13464,gotland,2,2022-02-01,0.2471984,11345.0,17081.0,11239.0,0.1830356,1.8,68.6,11.0,2.4499999999999997
2022,26325,gotland,3,2022-03-01,0.3085559,13464.0,11345.0,17338.0,0.2471984,2.0,0.0,0.0,0.0
2022,38366,gotland,4,2022-04-01,0.2997634,26325.0,13464.0,21530.0,0.3085559,4.4,34.0,4.0,1.1333333333333333
2022,95922,gotland,5,2022-05-01,0.4869953,38366.0,26325.0,61145.0,0.2997634,9.5,29.4,6.0,0.9483870967741935
2022,171970,gotland,6,2022-06-01,0.6145501,95922.0,38366.0,154102.0,0.4869953,16.8,43.3,5.0,1.4433333333333331
2022,360018,gotland,7,2022-07-01,0.8178619,171970.0,95922.0,384622.0,0.6145501,18.1,31.6,7.0,1.0193548387096774
2022,223256,gotland,8,2022-08-01,0.6548201,360018.0,171970.0,260626.0,0.8178619,19.1,46.3,7.0,1.493548387096774
2022,68315,gotland,9,2022-09-01,0.4624141,223256.0,360018.0,64180.0,0.6548201,11.8,52.199999999999996,14.0,1.7399999999999998
2022,43676,gotland,10,2022-10-01,0.378001,68315.0,223256.0,45154.0,0.4624141,10.9,59.6,12.0,1.9225806451612903
2022,23682,gotland,11,2022-11-01,0.3222941,43676.0,68315.0,26724.0,0.378001,5.5,37.300000000000004,9.0,1.2433333333333334
2022,18759,gotland,12,2022-12-01,0.2610228,23682.0,43676.0,17081.0,0.3222941,0.8,35.0,9.0,1.1290322580645162
2023,13239,gotland,1,2023-01-01,0.2199739,18759.0,23682.0,11345.0,0.2610228,2.0,44.3,12.0,1.429032258064516
2023,15021,gotland,2,2023-02-01,0.2630139,13239.0,18759.0,13464.0,0.2199739,1.3,25.799999999999997,9.0,0.9214285714285714
2023,22297,gotland,3,2023-03-01,0.2923563,15021.0,13239.0,26325.0,0.2630139,1.5,47.2,15.0,1.5225806451612904
2023,33401,gotland,4,2023-04-01,0.2788437,22297.0,15021.0,38366.0,0.2923563,5.6,4.9,1.0,0.16333333333333336
2023,79763,gotland,5,2023-05-01,0.4120124,33401.0,22297.0,95922.0,0.2788437,11.0,8.600000000000001,2.0,0.2774193548387097
2023,154978,gotland,6,2023-06-01,0.5825223,79763.0,33401.0,171970.0,0.4120124,16.3,16.7,4.0,0.5566666666666666
2023,348229,gotland,7,2023-07-01,0.790145,154978.0,79763.0,360018.0,0.5825223,17.0,34.3,10.0,1.1064516129032258
2023,196669,gotland,8,2023-08-01,0.6351117,348229.0,154978.0,223256.0,0.790145,16.5,127.2,13.0,4.103225806451613
2023,66753,gotland,9,2023-09-01,0.4736958,196669.0,348229.0,68315.0,0.6351117,15.9,42.7,5.0,1.4233333333333333
2023,41752,gotland,10,2023-10-01,0.3552361,66753.0,196669.0,43676.0,0.4736958,8.5,98.2,14.0,3.167741935483871
2023,18907,gotland,11,2023-11-01,0.2609737,41752.0,66753.0,23682.0,0.3552361,3.2,79.0,13.0,2.6333333333333333
2023,17276,gotland,12,2023-12-01,0.2311308,18907.0,41752.0,18759.0,0.2609737,1.2,52.2,14.0,1.6838709677419357
2024,11381,gotland,1,2024-01-01,0.1852401,17276.0,18907.0,13239.0,0.2311308,-0.6,56.9,12.0,1.835483870967742
2024,12967,gotland,2,2024-02-01,0.206882,11381.0,17276.0,15021.0,0.1852401,1.2,56.7,11.0,1.9551724137931035
2024,21446,gotland,3,2024-03-01,0.2380198,12967.0,11381.0,22297.0,0.206882,3.1,28.4,7.0,0.9161290322580645
2024,28417,gotland,4,2024-04-01,0.2618512,21446.0,12967.0,33401.0,0.2380198,5.2,35.7,8.0,1.1900000000000002
2024,80724,gotland,5,2024-05-01,0.3987067,28417.0,21446.0,79763.0,0.2618512,13.9,12.9,4.0,0.4161290322580645
2024,160120,gotland,6,2024-06-01,0.5734034,80724.0,28417.0,154978.0,0.3987067,15.8,58.7,7.0,1.9566666666666668
2024,332670,gotland,7,2024-07-01,0.7659647,160120.0,80724.0,348229.0,0.5734034,17.7,36.6,7.0,1.1806451612903226
2024,191948,gotland,8,2024-08-01,0.5963922,332670.0,160120.0,196669.0,0.7659647,18.1,28.900000000000002,6.0,0.9322580645161291
2024,58199,gotland,9,2024-09-01,0.407434,191948.0,332670.0,66753.0,0.5963922,15.3,45.7,8.0,1.5233333333333334
2024,39069,gotland,10,2024-10-01,0.3410623,58199.0,191948.0,41752.0,0.407434,10.0,36.5,8.0,1.1774193548387097
2024,19292,gotland,11,2024-11-01,0.2696835,39069.0,58199.0,18907.0,0.3410623,5.6,18.2,3.0,0.6066666666666667
2024,16929,gotland,12,2024-12-01,0.2203816,19292.0,39069.0,17276.0,0.2696835,3.4,55.6,10.0,1.7935483870967743
2025,10475,gotland,1,2025-01-01,0.1530697,16929.0,19292.0,11381.0,0.2203816,2.4,64.89999999999999,10.0,2.093548387096774
2025,14067,gotland,2,2025-02-01,0.2142319,10475.0,16929.0,12967.0,0.1530697,0.4,6.2,2.0,0.22142857142857145
2025,21663,gotland,3,2025-03-01,0.2536296,14067.0,10475.0,21446.0,0.2142319,3.8,9.4,4.0,0.3032258064516129
2025,30188,gotland,4,2025-04-01,0.2608675,21663.0,14067.0,28417.0,0.2536296,6.8,1.2,0.0,0.04
2025,82179,gotland,5,2025-05-01,0.459991,30188.0,21663.0,80724.0,0.2608675,8.9,36.4,10.0,1.1741935483870967
2025,155679,gotland,6,2025-06-01,0.5623752,82179.0,30188.0,160120.0,0.459991,14.6,40.0,10.0,1.3333333333333333
2025,327696,gotland,7,2025-07-01,0.7574164,155679.0,82179.0,332670.0,0.5623752,18.7,107.30000000000001,7.0,3.4612903225806457
2025,193065,gotland,8,2025-08-01,0.594339,327696.0,155679.0,191948.0,0.7574164,16.3,86.7,9.0,2.796774193548387
2025,61587,gotland,9,2025-09-01,0.4115055,193065.0,327696.0,58199.0,0.594339,15.1,97.3,8.0,3.243333333333333
2025,42578,gotland,10,2025-10-01,0.3400622,61587.0,193065.0,39069.0,0.4115055,9.5,65.4,15.0,2.109677419354839
2025,21292,gotland,11,2025-11-01,0.268217,42578.0,61587.0,19292.0,0.3400622,5.7,56.199999999999996,12.0,1.8733333333333333
2025,19088,gotland,12,2025-12-01,0.2199702,21292.0,42578.0,16929.0,0.268217,4.6,37.9,9.0,1.2225806451612902
2026,12690,gotland,1,2026-01-01,0.1714543,19088.0,21292.0,10475.0,0.2199702,-1.6,66.0,9.0,2.129032258064516
2016,377219,jamtland,7,2016-07-01,0.5824452,129819.0,67308.0,342708.0,0.3678174,14.2,70.3,11.0,2.267741935483871
2016,226825,jamtland,8,2016-08-01,0.4782505,377219.0,129819.0,219853.0,0.5824452,12.0,62.6,11.0,2.0193548387096776
2016,106875,jamtland,9,2016-09-01,0.4003028,226825.0,377219.0,101988.0,0.4782505,11.1,39.5,5.0,1.3166666666666667
2016,83352,jamtland,10,2016-10-01,0.3615194,106875.0,226825.0,88985.0,0.4003028,2.7,6.300000000000001,2.0,0.20322580645161292
2016,104872,jamtland,11,2016-11-01,0.4030839,83352.0,106875.0,91683.0,0.3615194,-2.2,54.7,12.0,1.8233333333333335
2016,267248,jamtland,12,2016-12-01,0.4071325,104872.0,83352.0,292303.0,0.4030839,-0.6,20.4,9.0,0.6580645161290322
2017,350320,jamtland,1,2017-01-01,0.4580243,267248.0,104872.0,357255.0,0.4071325,-2.6,23.900000000000002,5.0,0.7709677419354839
2017,487435,jamtland,2,2017-02-01,0.5577708,350320.0,267248.0,462048.0,0.4580243,-5.1,26.5,7.0,0.9464285714285714
2017,460280,jamtland,3,2017-03-01,0.5305846,487435.0,350320.0,572088.0,0.5577708,-2.1,25.099999999999998,10.0,0.8096774193548386
2017,335323,jamtland,4,2017-04-01,0.4497727,460280.0,487435.0,245255.0,0.5305846,1.2,11.0,4.0,0.36666666666666664
2017,75996,jamtland,5,2017-05-01,0.3531551,335323.0,460280.0,67308.0,0.4497727,6.7,17.6,3.0,0.567741935483871
2017,132685,jamtland,6,2017-06-01,0.4032665,75996.0,335323.0,129819.0,0.3531551,11.2,37.1,7.0,1.2366666666666668
2017,389088,jamtland,7,2017-07-01,0.5970541,132685.0,75996.0,377219.0,0.4032665,12.7,84.3,9.0,2.7193548387096773
2017,231602,jamtland,8,2017-08-01,0.4451258,389088.0,132685.0,226825.0,0.5970541,11.9,81.0,12.0,2.6129032258064515
2017,122685,jamtland,9,2017-09-01,0.3951954,231602.0,389088.0,106875.0,0.4451258,9.1,35.8,7.0,1.1933333333333331
2017,93934,jamtland,10,2017-10-01,0.4077733,122685.0,231602.0,83352.0,0.3951954,4.1,76.6,12.0,2.4709677419354836
2017,111514,jamtland,11,2017-11-01,0.4463403,93934.0,122685.0,104872.0,0.4077733,-2.1,35.199999999999996,5.0,1.1733333333333331
2017,285816,jamtland,12,2017-12-01,0.440245,111514.0,93934.0,267248.0,0.4463403,-4.3,62.0,11.0,2.0
2018,328509,jamtland,1,2018-01-01,0.472886,285816.0,111514.0,350320.0,0.440245,-7.8,52.3,11.0,1.6870967741935483
2018,492907,jamtland,2,2018-02-01,0.6231374,328509.0,285816.0,487435.0,0.472886,-9.7,26.599999999999998,6.0,0.95
2018,475487,jamtland,3,2018-03-01,0.5716397,492907.0,328509.0,460280.0,0.6231374,-7.1,30.0,9.0,0.967741935483871
2018,275706,jamtland,4,2018-04-01,0.4842697,475487.0,492907.0,335323.0,0.5716397,2.5,42.3,5.0,1.41
2018,78866,jamtland,5,2018-05-01,0.3338707,275706.0,475487.0,75996.0,0.4842697,12.5,38.1,5.0,1.229032258064516
2018,146494,jamtland,6,2018-06-01,0.3756337,78866.0,275706.0,132685.0,0.3338707,11.1,24.4,4.0,0.8133333333333332
2018,378880,jamtland,7,2018-07-01,0.5388805,146494.0,78866.0,389088.0,0.3756337,18.3,54.9,7.0,1.770967741935484
2018,231372,jamtland,8,2018-08-01,0.470549,378880.0,146494.0,231602.0,0.5388805,13.2,81.0,13.0,2.6129032258064515
2018,121398,jamtland,9,2018-09-01,0.4028479,231372.0,378880.0,122685.0,0.470549,9.9,43.1,8.0,1.4366666666666668
2018,81113,jamtland,10,2018-10-01,0.3733979,121398.0,231372.0,93934.0,0.4028479,4.5,49.400000000000006,9.0,1.5935483870967744
2018,95128,jamtland,11,2018-11-01,0.3767126,81113.0,121398.0,111514.0,0.3733979,1.2,17.1,4.0,0.5700000000000001
2018,267595,jamtland,12,2018-12-01,0.457875,95128.0,81113.0,285816.0,0.3767126,-3.7,70.8,12.0,2.2838709677419353
2019,325046,jamtland,1,2019-01-01,0.4623042,267595.0,95128.0,328509.0,0.457875,-6.4,39.5,6.0,1.2741935483870968
2019,492657,jamtland,2,2019-02-01,0.6194091,325046.0,267595.0,492907.0,0.4623042,-3.0,25.7,8.0,0.9178571428571428
2019,442577,jamtland,3,2019-03-01,0.5534885,492657.0,325046.0,475487.0,0.6194091,-3.1,54.5,9.0,1.7580645161290323
2019,308015,jamtland,4,2019-04-01,0.4370913,442577.0,492657.0,275706.0,0.5534885,4.8,10.7,4.0,0.35666666666666663
2019,82314,jamtland,5,2019-05-01,0.2894552,308015.0,442577.0,78866.0,0.4370913,6.3,60.300000000000004,10.0,1.9451612903225808
2019,166584,jamtland,6,2019-06-01,0.358321,82314.0,308015.0,146494.0,0.2894552,12.7,71.2,9.0,2.3733333333333335
2019,407449,jamtland,7,2019-07-01,0.5541765,166584.0,82314.0,378880.0,0.358321,14.5,22.1,7.0,0.7129032258064517
2019,254311,jamtland,8,2019-08-01,0.4461475,407449.0,166584.0,231372.0,0.5541765,14.6,46.3,8.0,1.493548387096774
2019,129485,jamtland,9,2019-09-01,0.4218985,254311.0,407449.0,121398.0,0.4461475,8.1,107.4,14.0,3.58
2019,86703,jamtland,10,2019-10-01,0.34847,129485.0,254311.0,81113.0,0.4218985,2.2,53.3,8.0,1.7193548387096773
2019,102360,jamtland,11,2019-11-01,0.365623,86703.0,129485.0,95128.0,0.34847,-3.1,70.1,12.0,2.3366666666666664
2019,241850,jamtland,12,2019-12-01,0.4455835,102360.0,86703.0,267595.0,0.365623,-1.8,48.9,11.0,1.5774193548387097
2020,298163,jamtland,1,2020-01-01,0.450069,241850.0,102360.0,325046.0,0.4455835,0.4,30.9,5.0,0.996774193548387
2020,456368,jamtland,2,2020-02-01,0.6124522,298163.0,241850.0,492657.0,0.450069,-2.1,11.2,4.0,0.38620689655172413
2020,352855,jamtland,3,2020-03-01,0.4119874,456368.0,298163.0,442577.0,0.6124522,-1.3,34.7,5.0,1.1193548387096774
2020,51704,jamtland,4,2020-04-01,0.1180627,352855.0,456368.0,308015.0,0.4119874,2.1,14.2,4.0,0.47333333333333333
2020,49493,jamtland,5,2020-05-01,0.1226628,51704.0,352855.0,82314.0,0.1180627,5.3,21.6,5.0,0.6967741935483871
2020,107375,jamtland,6,2020-06-01,0.2301065,49493.0,51704.0,166584.0,0.1226628,16.5,49.400000000000006,6.0,1.646666666666667
2020,351973,jamtland,7,2020-07-01,0.4966273,107375.0,49493.0,407449.0,0.2301065,11.7,94.5,17.0,3.0483870967741935
2020,215059,jamtland,8,2020-08-01,0.3903677,351973.0,107375.0,254311.0,0.4966273,14.0,28.7,9.0,0.9258064516129032
2020,125842,jamtland,9,2020-09-01,0.3828192,215059.0,351973.0,129485.0,0.3903677,9.1,57.0,10.0,1.9
2020,91491,jamtland,10,2020-10-01,0.2968256,125842.0,215059.0,86703.0,0.3828192,4.9,82.1,15.0,2.648387096774193
2020,49652,jamtland,11,2020-11-01,0.1842671,91491.0,125842.0,102360.0,0.2968256,2.4,36.300000000000004,4.0,1.2100000000000002
2020,200894,jamtland,12,2020-12-01,0.2835467,49652.0,91491.0,241850.0,0.1842671,-0.9,55.6,16.0,1.7935483870967743
2021,314559,jamtland,1,2021-01-01,0.3571931,200894.0,49652.0,298163.0,0.2835467,-11.7,78.0,8.0,2.5161290322580645
2021,405955,jamtland,2,2021-02-01,0.4384692,314559.0,200894.0,456368.0,0.3571931,-6.5,11.9,4.0,0.425
2021,467351,jamtland,3,2021-03-01,0.4899949,405955.0,314559.0,352855.0,0.4384692,-0.6,15.799999999999999,6.0,0.5096774193548387
2021,267172,jamtland,4,2021-04-01,0.3565944,467351.0,405955.0,51704.0,0.4899949,1.3,26.599999999999998,6.0,0.8866666666666666
2021,69116,jamtland,5,2021-05-01,0.2018595,267172.0,467351.0,49493.0,0.3565944,6.9,44.099999999999994,6.0,1.4225806451612901
2021,131171,jamtland,6,2021-06-01,0.3179842,69116.0,267172.0,107375.0,0.2018595,13.6,83.2,7.0,2.7733333333333334
2021,440348,jamtland,7,2021-07-01,0.621083,131171.0,69116.0,351973.0,0.3179842,16.7,47.0,7.0,1.5161290322580645
2021,290237,jamtland,8,2021-08-01,0.5200778,440348.0,131171.0,215059.0,0.621083,11.9,109.6,10.0,3.5354838709677416
2021,143651,jamtland,9,2021-09-01,0.4595276,290237.0,440348.0,125842.0,0.5200778,8.5,56.4,12.0,1.88
2021,95754,jamtland,10,2021-10-01,0.3773095,143651.0,290237.0,91491.0,0.4595276,5.7,77.8,11.0,2.509677419354839
2021,96131,jamtland,11,2021-11-01,0.3841559,95754.0,143651.0,49652.0,0.3773095,-0.9,26.1,7.0,0.87
2021,248702,jamtland,12,2021-12-01,0.412307,96131.0,95754.0,200894.0,0.3841559,-6.1,19.9,6.0,0.6419354838709677
2022,357182,jamtland,1,2022-01-01,0.4213146,248702.0,96131.0,314559.0,0.412307,-3.6,84.7,10.0,2.732258064516129
2022,466451,jamtland,2,2022-02-01,0.5451428,357182.0,248702.0,405955.0,0.4213146,-4.7,38.6,9.0,1.3785714285714286
2022,477986,jamtland,3,2022-03-01,0.5901317,466451.0,357182.0,467351.0,0.5451428,0.8,4.4,2.0,0.14193548387096774
2022,324416,jamtland,4,2022-04-01,0.5098229,477986.0,466451.0,267172.0,0.5901317,1.7,30.2,3.0,1.0066666666666666
2022,105822,jamtland,5,2022-05-01,0.3847335,324416.0,477986.0,69116.0,0.5098229,7.6,32.8,6.0,1.058064516129032
2022,156751,jamtland,6,2022-06-01,0.400846,105822.0,324416.0,131171.0,0.3847335,13.7,52.8,10.0,1.76
2022,386309,jamtland,7,2022-07-01,0.5455024,156751.0,105822.0,440348.0,0.400846,13.2,93.1,16.0,3.0032258064516126
2022,249723,jamtland,8,2022-08-01,0.4924918,386309.0,156751.0,290237.0,0.5455024,14.1,35.0,8.0,1.1290322580645162
2022,131745,jamtland,9,2022-09-01,0.4453212,249723.0,386309.0,143651.0,0.4924918,8.8,73.6,8.0,2.453333333333333
2022,91612,jamtland,10,2022-10-01,0.4064475,131745.0,249723.0,95754.0,0.4453212,5.9,24.3,4.0,0.7838709677419355
2022,93627,jamtland,11,2022-11-01,0.4090752,91612.0,131745.0,96131.0,0.4064475,0.1,43.4,7.0,1.4466666666666665
2022,207670,jamtland,12,2022-12-01,0.3908221,93627.0,91612.0,248702.0,0.4090752,-6.5,27.7,8.0,0.8935483870967742
2023,307323,jamtland,1,2023-01-01,0.4903154,207670.0,93627.0,357182.0,0.3908221,-4.6,36.6,9.0,1.1806451612903226
2023,431270,jamtland,2,2023-02-01,0.5631954,307323.0,207670.0,466451.0,0.4903154,-2.7,27.2,5.0,0.9714285714285714
2023,412290,jamtland,3,2023-03-01,0.5786974,431270.0,307323.0,477986.0,0.5631954,-5.4,37.6,9.0,1.2129032258064516
2023,255410,jamtland,4,2023-04-01,0.4272544,412290.0,431270.0,324416.0,0.5786974,1.8,57.3,7.0,1.91
2023,87626,jamtland,5,2023-05-01,0.2979953,255410.0,412290.0,105822.0,0.4272544,7.6,9.799999999999999,2.0,0.3161290322580645
2023,138426,jamtland,6,2023-06-01,0.3629598,87626.0,255410.0,156751.0,0.2979953,14.1,49.099999999999994,3.0,1.6366666666666665
2023,392869,jamtland,7,2023-07-01,0.5374723,138426.0,87626.0,386309.0,0.3629598,13.9,101.7,17.0,3.2806451612903227
2023,218386,jamtland,8,2023-08-01,0.4280655,392869.0,138426.0,249723.0,0.5374723,13.8,132.8,15.0,4.283870967741936
2023,125733,jamtland,9,2023-09-01,0.4035597,218386.0,392869.0,131745.0,0.4280655,11.4,76.8,11.0,2.56
2023,79037,jamtland,10,2023-10-01,0.3428553,125733.0,218386.0,91612.0,0.4035597,1.6,52.199999999999996,10.0,1.6838709677419355
2023,78701,jamtland,11,2023-11-01,0.3481453,79037.0,125733.0,93627.0,0.3428553,-6.1,126.6,13.0,4.22
2023,215035,jamtland,12,2023-12-01,0.3747098,78701.0,79037.0,207670.0,0.3481453,-9.1,28.9,9.0,0.932258064516129
2024,271803,jamtland,1,2024-01-01,0.3915048,215035.0,78701.0,307323.0,0.3747098,-7.4,30.1,9.0,0.970967741935484
2024,421937,jamtland,2,2024-02-01,0.5389445,271803.0,215035.0,431270.0,0.3915048,-5.3,27.900000000000002,7.0,0.9620689655172414
2024,397838,jamtland,3,2024-03-01,0.5414195,421937.0,271803.0,412290.0,0.5389445,-0.8,42.0,6.0,1.3548387096774193
2024,217602,jamtland,4,2024-04-01,0.405007,397838.0,421937.0,255410.0,0.5414195,1.4,26.2,9.0,0.8733333333333333
2024,89335,jamtland,5,2024-05-01,0.3161305,217602.0,397838.0,87626.0,0.405007,13.1,19.9,2.0,0.6419354838709677
2024,147563,jamtland,6,2024-06-01,0.3606531,89335.0,217602.0,138426.0,0.3161305,12.8,88.5,12.0,2.95
2024,370605,jamtland,7,2024-07-01,0.5199574,147563.0,89335.0,392869.0,0.3606531,14.3,144.2,14.0,4.651612903225806
2024,217764,jamtland,8,2024-08-01,0.4318084,370605.0,147563.0,218386.0,0.5199574,14.2,52.7,14.0,1.7000000000000002
2024,118779,jamtland,9,2024-09-01,0.3909718,217764.0,370605.0,125733.0,0.4318084,10.4,64.6,7.0,2.1533333333333333
2024,80573,jamtland,10,2024-10-01,0.3280414,118779.0,217764.0,79037.0,0.3909718,5.4,43.6,10.0,1.4064516129032258
2024,74850,jamtland,11,2024-11-01,0.315941,80573.0,118779.0,78701.0,0.3280414,0.5,28.5,10.0,0.95
2024,231577,jamtland,12,2024-12-01,0.3693928,74850.0,80573.0,215035.0,0.315941,-2.0,46.5,9.0,1.5
2025,303558,jamtland,1,2025-01-01,0.4229448,231577.0,74850.0,271803.0,0.3693928,-4.1,57.2,11.0,1.8451612903225807
2025,475031,jamtland,2,2025-02-01,0.5731677,303558.0,231577.0,421937.0,0.4229448,-3.2,9.7,4.0,0.3464285714285714
2025,370750,jamtland,3,2025-03-01,0.5136148,475031.0,303558.0,397838.0,0.5731677,1.1,23.8,6.0,0.767741935483871
2025,226285,jamtland,4,2025-04-01,0.3706071,370750.0,475031.0,217602.0,0.5136148,4.6,11.399999999999999,3.0,0.37999999999999995
2025,91324,jamtland,5,2025-05-01,0.3139809,226285.0,370750.0,89335.0,0.3706071,6.4,79.8,10.0,2.574193548387097
2025,144842,jamtland,6,2025-06-01,0.3447141,91324.0,226285.0,147563.0,0.3139809,11.4,93.4,15.0,3.1133333333333337
2025,374694,jamtland,7,2025-07-01,0.4944098,144842.0,91324.0,370605.0,0.3447141,18.0,117.6,10.0,3.793548387096774
2025,213986,jamtland,8,2025-08-01,0.3991988,374694.0,144842.0,217764.0,0.4944098,12.7,52.2,11.0,1.6838709677419357
2025,116931,jamtland,9,2025-09-01,0.3670745,213986.0,374694.0,118779.0,0.3991988,11.3,55.6,8.0,1.8533333333333333
2025,87767,jamtland,10,2025-10-01,0.3391468,116931.0,213986.0,80573.0,0.3670745,5.7,119.89999999999999,12.0,3.867741935483871
2025,77162,jamtland,11,2025-11-01,0.3474817,87767.0,116931.0,74850.0,0.3391468,0.1,31.6,5.0,1.0533333333333335
2025,247250,jamtland,12,2025-12-01,0.3956459,77162.0,87767.0,231577.0,0.3474817,-0.7,51.3,10.0,1.6548387096774193
2026,339933,jamtland,1,2026-01-01,0.4233965,247250.0,77162.0,303558.0,0.3956459,-10.0,38.0,6.0,1.2258064516129032
2016,551055,norrbotten,7,2016-07-01,0.5435633,213093.0,129740.0,516109.0,0.4066922,16.7,114.6,13.0,3.696774193548387
2016,312168,norrbotten,8,2016-08-01,0.4839531,551055.0,213093.0,294803.0,0.5435633,13.7,85.4,13.0,2.7548387096774194
2016,141363,norrbotten,9,2016-09-01,0.4574817,312168.0,551055.0,140195.0,0.4839531,10.6,66.5,8.0,2.216666666666667
2016,103969,norrbotten,10,2016-10-01,0.385567,141363.0,312168.0,110140.0,0.4574817,3.7,11.9,4.0,0.3838709677419355
2016,100018,norrbotten,11,2016-11-01,0.3816451,103969.0,141363.0,109118.0,0.385567,-3.0,60.7,12.0,2.0233333333333334
2016,117621,norrbotten,12,2016-12-01,0.3700257,100018.0,103969.0,122762.0,0.3816451,-5.0,33.5,6.0,1.0806451612903225
2017,134602,norrbotten,1,2017-01-01,0.4488668,117621.0,100018.0,134501.0,0.3700257,-5.7,60.8,10.0,1.961290322580645
2017,171653,norrbotten,2,2017-02-01,0.6121296,134602.0,117621.0,172110.0,0.4488668,-6.3,38.4,8.0,1.3714285714285714
2017,179406,norrbotten,3,2017-03-01,0.5111789,171653.0,134602.0,188758.0,0.6121296,-3.8,38.8,10.0,1.2516129032258063
2017,156846,norrbotten,4,2017-04-01,0.3696148,179406.0,171653.0,148658.0,0.5111789,-0.2,37.0,11.0,1.2333333333333334
2017,137774,norrbotten,5,2017-05-01,0.3885017,156846.0,179406.0,129740.0,0.3696148,5.4,36.9,3.0,1.1903225806451612
2017,222841,norrbotten,6,2017-06-01,0.3915572,137774.0,156846.0,213093.0,0.3885017,12.1,57.7,10.0,1.9233333333333333
2017,574817,norrbotten,7,2017-07-01,0.5209207,222841.0,137774.0,551055.0,0.3915572,14.5,129.6,12.0,4.180645161290323
2017,306641,norrbotten,8,2017-08-01,0.4648598,574817.0,222841.0,312168.0,0.5209207,13.4,87.2,9.0,2.8129032258064517
2017,158113,norrbotten,9,2017-09-01,0.4631086,306641.0,574817.0,141363.0,0.4648598,9.3,78.2,8.0,2.606666666666667
2017,112166,norrbotten,10,2017-10-01,0.4062238,158113.0,306641.0,103969.0,0.4631086,3.6,68.7,12.0,2.2161290322580647
2017,111129,norrbotten,11,2017-11-01,0.4115744,112166.0,158113.0,100018.0,0.4062238,-2.7,71.6,13.0,2.3866666666666663
2017,144065,norrbotten,12,2017-12-01,0.4111397,111129.0,112166.0,117621.0,0.4115744,-7.2,59.1,15.0,1.9064516129032258
2018,150424,norrbotten,1,2018-01-01,0.479382,144065.0,111129.0,134602.0,0.4111397,-9.8,74.0,13.0,2.3870967741935485
2018,188371,norrbotten,2,2018-02-01,0.6465383,150424.0,144065.0,171653.0,0.479382,-12.6,25.4,8.0,0.9071428571428571
2018,205663,norrbotten,3,2018-03-01,0.5262303,188371.0,150424.0,179406.0,0.6465383,-7.5,56.4,12.0,1.8193548387096774
2018,167249,norrbotten,4,2018-04-01,0.3917978,205663.0,188371.0,156846.0,0.5262303,0.4,34.0,8.0,1.1333333333333333
2018,140406,norrbotten,5,2018-05-01,0.3888932,167249.0,205663.0,137774.0,0.3917978,10.2,20.0,5.0,0.6451612903225806
2018,246439,norrbotten,6,2018-06-01,0.4240573,140406.0,167249.0,222841.0,0.3888932,12.1,84.6,9.0,2.82
2018,574031,norrbotten,7,2018-07-01,0.5321903,246439.0,140406.0,574817.0,0.4240573,20.3,56.4,5.0,1.8193548387096774
2018,309198,norrbotten,8,2018-08-01,0.5086098,574031.0,246439.0,306641.0,0.5321903,15.3,106.3,9.0,3.429032258064516
2018,156694,norrbotten,9,2018-09-01,0.4474635,309198.0,574031.0,158113.0,0.5086098,10.1,48.0,9.0,1.6
2018,124653,norrbotten,10,2018-10-01,0.4498129,156694.0,309198.0,112166.0,0.4474635,3.2,41.0,10.0,1.3225806451612903
2018,117128,norrbotten,11,2018-11-01,0.4375088,124653.0,156694.0,111129.0,0.4498129,0.2,26.5,6.0,0.8833333333333333
2018,135944,norrbotten,12,2018-12-01,0.4086122,117128.0,124653.0,144065.0,0.4375088,-7.3,61.0,11.0,1.967741935483871
2019,151706,norrbotten,1,2019-01-01,0.4642976,135944.0,117128.0,150424.0,0.4086122,-13.1,49.699999999999996,8.0,1.6032258064516127
2019,191429,norrbotten,2,2019-02-01,0.6159885,151706.0,135944.0,188371.0,0.4642976,-8.1,54.4,14.0,1.9428571428571428
2019,218932,norrbotten,3,2019-03-01,0.569635,191429.0,151706.0,205663.0,0.6159885,-3.7,66.2,11.0,2.135483870967742
2019,174267,norrbotten,4,2019-04-01,0.3912067,218932.0,191429.0,167249.0,0.569635,3.1,3.9,1.0,0.13
2019,167881,norrbotten,5,2019-05-01,0.4694822,174267.0,218932.0,140406.0,0.3912067,6.8,120.4,15.0,3.883870967741936
2019,275151,norrbotten,6,2019-06-01,0.482321,167881.0,174267.0,246439.0,0.4694822,13.7,114.4,10.0,3.8133333333333335
2019,631113,norrbotten,7,2019-07-01,0.5824072,275151.0,167881.0,574031.0,0.482321,15.6,21.7,3.0,0.7
2019,320948,norrbotten,8,2019-08-01,0.4935502,631113.0,275151.0,309198.0,0.5824072,14.8,129.0,10.0,4.161290322580645
2019,149200,norrbotten,9,2019-09-01,0.4527064,320948.0,631113.0,156694.0,0.4935502,8.7,98.3,13.0,3.2766666666666664
2019,120413,norrbotten,10,2019-10-01,0.4292319,149200.0,320948.0,124653.0,0.4527064,0.6,45.0,7.0,1.4516129032258065
2019,121109,norrbotten,11,2019-11-01,0.4101109,120413.0,149200.0,117128.0,0.4292319,-5.2,29.5,9.0,0.9833333333333333
2019,144527,norrbotten,12,2019-12-01,0.3844644,121109.0,120413.0,135944.0,0.4101109,-3.3,43.4,12.0,1.4
2020,159324,norrbotten,1,2020-01-01,0.4251608,144527.0,121109.0,151706.0,0.3844644,-3.0,68.0,10.0,2.193548387096774
2020,211168,norrbotten,2,2020-02-01,0.5929048,159324.0,144527.0,191429.0,0.4251608,-5.6,49.5,8.0,1.706896551724138
2020,144636,norrbotten,3,2020-03-01,0.3400935,211168.0,159324.0,218932.0,0.5929048,-1.8,19.1,5.0,0.6161290322580646
2020,70931,norrbotten,4,2020-04-01,0.1595209,144636.0,211168.0,174267.0,0.3400935,1.4,25.0,4.0,0.8333333333333334
2020,84250,norrbotten,5,2020-05-01,0.2048084,70931.0,144636.0,167881.0,0.1595209,6.7,10.4,5.0,0.33548387096774196
2020,138652,norrbotten,6,2020-06-01,0.2775522,84250.0,70931.0,275151.0,0.2048084,16.6,61.3,7.0,2.0433333333333334
2020,287142,norrbotten,7,2020-07-01,0.4012115,138652.0,84250.0,631113.0,0.2775522,14.6,196.6,16.0,6.341935483870968
2020,240177,norrbotten,8,2020-08-01,0.4078271,287142.0,138652.0,320948.0,0.4012115,14.7,27.2,3.0,0.8774193548387097
2020,133111,norrbotten,9,2020-09-01,0.3931455,240177.0,287142.0,149200.0,0.4078271,10.3,81.0,10.0,2.7
2020,113302,norrbotten,10,2020-10-01,0.3525194,133111.0,240177.0,120413.0,0.3931455,4.4,154.5,13.0,4.983870967741935
2020,76311,norrbotten,11,2020-11-01,0.2481225,113302.0,133111.0,121109.0,0.3525194,1.8,55.8,12.0,1.8599999999999999
2020,81814,norrbotten,12,2020-12-01,0.2264729,76311.0,113302.0,144527.0,0.2481225,-0.6,78.8,16.0,2.541935483870968
2021,84065,norrbotten,1,2021-01-01,0.2367679,81814.0,76311.0,159324.0,0.2264729,-11.3,116.7,13.0,3.764516129032258
2021,108294,norrbotten,2,2021-02-01,0.3296285,84065.0,81814.0,211168.0,0.2367679,-10.0,51.300000000000004,9.0,1.8321428571428573
2021,127766,norrbotten,3,2021-03-01,0.3215977,108294.0,84065.0,144636.0,0.3296285,-2.4,16.4,7.0,0.529032258064516
2021,126398,norrbotten,4,2021-04-01,0.300775,127766.0,108294.0,70931.0,0.3215977,1.7,29.400000000000002,7.0,0.9800000000000001
2021,130296,norrbotten,5,2021-05-01,0.3303686,126398.0,127766.0,84250.0,0.300775,6.3,42.9,6.0,1.3838709677419354
2021,183437,norrbotten,6,2021-06-01,0.4110039,130296.0,126398.0,138652.0,0.3303686,15.2,85.1,10.0,2.8366666666666664
2021,403296,norrbotten,7,2021-07-01,0.5415248,183437.0,130296.0,287142.0,0.4110039,18.6,41.7,6.0,1.3451612903225807
2021,304247,norrbotten,8,2021-08-01,0.5021807,403296.0,183437.0,240177.0,0.5415248,13.9,120.5,10.0,3.8870967741935485
2021,161308,norrbotten,9,2021-09-01,0.4681825,304247.0,403296.0,133111.0,0.5021807,8.3,94.5,11.0,3.15
2021,132093,norrbotten,10,2021-10-01,0.4362069,161308.0,304247.0,113302.0,0.4681825,3.7,183.7,19.0,5.925806451612903
2021,134745,norrbotten,11,2021-11-01,0.4351828,132093.0,161308.0,76311.0,0.4362069,-3.6,35.0,7.0,1.1666666666666667
2021,134317,norrbotten,12,2021-12-01,0.3650706,134745.0,132093.0,81814.0,0.4351828,-9.2,39.0,10.0,1.2580645161290323
2022,141048,norrbotten,1,2022-01-01,0.3715605,134317.0,134745.0,84065.0,0.3650706,-6.5,30.1,6.0,0.970967741935484
2022,180678,norrbotten,2,2022-02-01,0.515211,141048.0,134317.0,108294.0,0.3715605,-7.7,75.7,15.0,2.7035714285714287
2022,218508,norrbotten,3,2022-03-01,0.5287605,180678.0,141048.0,127766.0,0.515211,-1.9,31.3,4.0,1.0096774193548388
2022,193867,norrbotten,4,2022-04-01,0.4664102,218508.0,180678.0,126398.0,0.5287605,0.4,52.9,9.0,1.7633333333333332
2022,169038,norrbotten,5,2022-05-01,0.4565492,193867.0,218508.0,130296.0,0.4664102,7.6,26.4,6.0,0.8516129032258064
2022,248267,norrbotten,6,2022-06-01,0.4986418,169038.0,193867.0,183437.0,0.4565492,14.6,58.699999999999996,8.0,1.9566666666666666
2022,623717,norrbotten,7,2022-07-01,0.6308472,248267.0,169038.0,403296.0,0.4986418,16.7,112.0,12.0,3.6129032258064515
2022,352230,norrbotten,8,2022-08-01,0.55745,623717.0,248267.0,304247.0,0.6308472,15.2,96.4,8.0,3.109677419354839
2022,165923,norrbotten,9,2022-09-01,0.5094064,352230.0,623717.0,161308.0,0.55745,9.0,44.5,9.0,1.4833333333333334
2022,141102,norrbotten,10,2022-10-01,0.4923278,165923.0,352230.0,132093.0,0.5094064,5.1,77.0,11.0,2.4838709677419355
2022,133462,norrbotten,11,2022-11-01,0.4773573,141102.0,165923.0,134745.0,0.4923278,-2.0,29.6,8.0,0.9866666666666667
2022,150093,norrbotten,12,2022-12-01,0.4060901,133462.0,141102.0,134317.0,0.4773573,-7.7,65.3,14.0,2.106451612903226
2023,182806,norrbotten,1,2023-01-01,0.4922512,150093.0,133462.0,141048.0,0.4060901,-5.1,64.7,12.0,2.0870967741935487
2023,220947,norrbotten,2,2023-02-01,0.6371873,182806.0,150093.0,180678.0,0.4922512,-5.3,28.2,6.0,1.0071428571428571
2023,225545,norrbotten,3,2023-03-01,0.5396811,220947.0,182806.0,218508.0,0.6371873,-7.1,43.7,11.0,1.4096774193548387
2023,168222,norrbotten,4,2023-04-01,0.4050303,225545.0,220947.0,193867.0,0.5396811,0.7,47.1,7.0,1.57
2023,192224,norrbotten,5,2023-05-01,0.4468938,168222.0,225545.0,169038.0,0.4050303,7.6,24.2,6.0,0.7806451612903226
2023,257338,norrbotten,6,2023-06-01,0.4999341,192224.0,168222.0,248267.0,0.4468938,14.7,70.3,4.0,2.3433333333333333
2023,599414,norrbotten,7,2023-07-01,0.5650645,257338.0,192224.0,623717.0,0.4999341,15.8,98.3,10.0,3.170967741935484
2023,328138,norrbotten,8,2023-08-01,0.5136826,599414.0,257338.0,352230.0,0.5650645,16.3,141.4,14.0,4.561290322580645
2023,172248,norrbotten,9,2023-09-01,0.472953,328138.0,599414.0,165923.0,0.5136826,11.6,105.3,13.0,3.51
2023,133039,norrbotten,10,2023-10-01,0.435648,172248.0,328138.0,141102.0,0.472953,-0.4,69.9,10.0,2.2548387096774194
2023,132500,norrbotten,11,2023-11-01,0.4209221,133039.0,172248.0,133462.0,0.435648,-6.6,60.5,10.0,2.0166666666666666
2023,172774,norrbotten,12,2023-12-01,0.4175189,132500.0,133039.0,150093.0,0.4209221,-8.9,50.300000000000004,13.0,1.6225806451612905
2024,195480,norrbotten,1,2024-01-01,0.4853628,172774.0,132500.0,182806.0,0.4175189,-13.2,42.9,6.0,1.3838709677419354
2024,229978,norrbotten,2,2024-02-01,0.5983858,195480.0,172774.0,220947.0,0.4853628,-8.3,29.8,9.0,1.0275862068965518
2024,247355,norrbotten,3,2024-03-01,0.5456331,229978.0,195480.0,225545.0,0.5983858,-3.0,54.4,10.0,1.7548387096774194
2024,169131,norrbotten,4,2024-04-01,0.4137065,247355.0,229978.0,168222.0,0.5456331,-1.0,45.9,12.0,1.53
2024,183182,norrbotten,5,2024-05-01,0.4309031,169131.0,247355.0,192224.0,0.4137065,9.1,3.9000000000000004,1.0,0.12580645161290324
2024,282437,norrbotten,6,2024-06-01,0.489679,183182.0,169131.0,257338.0,0.4309031,15.4,40.0,8.0,1.3333333333333333
2024,585858,norrbotten,7,2024-07-01,0.58462,282437.0,183182.0,599414.0,0.489679,17.2,116.6,14.0,3.761290322580645
2024,334941,norrbotten,8,2024-08-01,0.559376,585858.0,282437.0,328138.0,0.58462,16.3,83.9,11.0,2.706451612903226
2024,197713,norrbotten,9,2024-09-01,0.548552,334941.0,585858.0,172248.0,0.559376,12.0,71.7,8.0,2.39
2024,142308,norrbotten,10,2024-10-01,0.4690247,197713.0,334941.0,133039.0,0.548552,5.3,111.60000000000001,10.0,3.6
2024,152289,norrbotten,11,2024-11-01,0.485971,142308.0,197713.0,132500.0,0.4690247,-1.3,44.6,7.0,1.4866666666666668
2024,193286,norrbotten,12,2024-12-01,0.4876335,152289.0,142308.0,172774.0,0.485971,-4.4,42.8,9.0,1.3806451612903226
2025,193269,norrbotten,1,2025-01-01,0.4937985,193286.0,152289.0,195480.0,0.4876335,-8.3,54.7,11.0,1.7645161290322582
2025,237457,norrbotten,2,2025-02-01,0.6769305,193269.0,193286.0,229978.0,0.4937985,-3.9,22.2,5.0,0.7928571428571428
2025,232363,norrbotten,3,2025-03-01,0.5244103,237457.0,193269.0,247355.0,0.6769305,-0.7,21.0,5.0,0.6774193548387096
2025,168933,norrbotten,4,2025-04-01,0.3729132,232363.0,237457.0,169131.0,0.5244103,2.8,17.4,3.0,0.58
2025,172726,norrbotten,5,2025-05-01,0.4222673,168933.0,232363.0,183182.0,0.3729132,7.2,51.2,10.0,1.6516129032258065
2025,277520,norrbotten,6,2025-06-01,0.4975432,172726.0,168933.0,282437.0,0.4222673,12.4,71.8,12.0,2.393333333333333
2025,597527,norrbotten,7,2025-07-01,0.5777616,277520.0,172726.0,585858.0,0.4975432,19.9,32.6,7.0,1.0516129032258066
2025,320780,norrbotten,8,2025-08-01,0.5778515,597527.0,277520.0,334941.0,0.5777616,14.7,43.8,5.0,1.4129032258064516
2025,187049,norrbotten,9,2025-09-01,0.5668558,320780.0,597527.0,197713.0,0.5778515,12.1,102.7,10.0,3.4233333333333333
2025,156401,norrbotten,10,2025-10-01,0.537538,187049.0,320780.0,142308.0,0.5668558,6.2,88.0,15.0,2.838709677419355
2025,144018,norrbotten,11,2025-11-01,0.5035917,156401.0,187049.0,152289.0,0.537538,-4.8,44.199999999999996,12.0,1.4733333333333332
2025,193403,norrbotten,12,2025-12-01,0.5081045,144018.0,156401.0,193286.0,0.5035917,-4.0,62.0,10.0,2.0
2026,205035,norrbotten,1,2026-01-01,0.5692663,193403.0,144018.0,193269.0,0.5081045,-15.5,28.2,7.0,0.9096774193548387
2016,1222152,skane,7,2016-07-01,0.7644568,624678.0,534615.0,1200125.0,0.6456846,17.0,82.0,10.0,2.6451612903225805
2016,869083,skane,8,2016-08-01,0.7270039,1222152.0,624678.0,847942.0,0.7644568,16.1,62.9,11.0,2.029032258064516
2016,471217,skane,9,2016-09-01,0.6926779,869083.0,1222152.0,415036.0,0.7270039,15.5,19.6,5.0,0.6533333333333334
2016,388635,skane,10,2016-10-01,0.6246404,471217.0,869083.0,374602.0,0.6926779,8.2,71.39999999999999,14.0,2.3032258064516125
2016,336423,skane,11,2016-11-01,0.5907122,388635.0,471217.0,309581.0,0.6246404,3.6,66.5,11.0,2.216666666666667
2016,279420,skane,12,2016-12-01,0.4656633,336423.0,388635.0,247147.0,0.5907122,3.6,39.5,9.0,1.2741935483870968
2017,250118,skane,1,2017-01-01,0.4375736,279420.0,336423.0,228782.0,0.4656633,0.0,26.0,6.0,0.8387096774193549
2017,259196,skane,2,2017-02-01,0.4765328,250118.0,279420.0,261645.0,0.4375736,1.4,58.4,11.0,2.085714285714286
2017,317031,skane,3,2017-03-01,0.5440975,259196.0,250118.0,309180.0,0.4765328,4.2,62.4,12.0,2.0129032258064514
2017,381807,skane,4,2017-04-01,0.5268737,317031.0,259196.0,362307.0,0.5440975,6.0,59.7,9.0,1.99
2017,556071,skane,5,2017-05-01,0.6643057,381807.0,317031.0,534615.0,0.5268737,12.1,22.700000000000003,4.0,0.7322580645161291
2017,638610,skane,6,2017-06-01,0.655672,556071.0,381807.0,624678.0,0.6643057,15.1,125.2,13.0,4.173333333333334
2017,1149409,skane,7,2017-07-01,0.7263193,638610.0,556071.0,1222152.0,0.655672,15.8,65.6,11.0,2.116129032258064
2017,858341,skane,8,2017-08-01,0.7211256,1149409.0,638610.0,869083.0,0.7263193,16.3,54.2,12.0,1.7483870967741937
2017,474575,skane,9,2017-09-01,0.6914989,858341.0,1149409.0,471217.0,0.7211256,13.2,90.8,8.0,3.0266666666666664
2017,378241,skane,10,2017-10-01,0.5894494,474575.0,858341.0,388635.0,0.6914989,10.3,88.9,14.0,2.8677419354838714
2017,347918,skane,11,2017-11-01,0.594685,378241.0,474575.0,336423.0,0.5894494,5.2,78.2,15.0,2.606666666666667
2017,274114,skane,12,2017-12-01,0.4387219,347918.0,378241.0,279420.0,0.594685,3.4,72.1,13.0,2.325806451612903
2018,273223,skane,1,2018-01-01,0.4646636,274114.0,347918.0,250118.0,0.4387219,2.1,68.4,11.0,2.206451612903226
2018,280555,skane,2,2018-02-01,0.4988495,273223.0,274114.0,259196.0,0.4646636,-1.6,22.9,5.0,0.8178571428571428
2018,354862,skane,3,2018-03-01,0.5376481,280555.0,273223.0,317031.0,0.4988495,-0.4,60.8,13.0,1.961290322580645
2018,392005,skane,4,2018-04-01,0.5685423,354862.0,280555.0,381807.0,0.5376481,8.6,31.4,6.0,1.0466666666666666
2018,594248,skane,5,2018-05-01,0.6853516,392005.0,354862.0,556071.0,0.5685423,15.4,5.0,2.0,0.16129032258064516
2018,681173,skane,6,2018-06-01,0.6657997,594248.0,392005.0,638610.0,0.6853516,17.5,17.3,4.0,0.5766666666666667
2018,1250003,skane,7,2018-07-01,0.7577765,681173.0,594248.0,1149409.0,0.6657997,20.1,2.8,1.0,0.09032258064516129
2018,853272,skane,8,2018-08-01,0.7195742,1250003.0,681173.0,858341.0,0.7577765,18.6,86.1,7.0,2.7774193548387096
2018,476399,skane,9,2018-09-01,0.6722752,853272.0,1250003.0,474575.0,0.7195742,14.4,32.9,5.0,1.0966666666666667
2018,411305,skane,10,2018-10-01,0.61499,476399.0,853272.0,378241.0,0.6722752,9.6,55.4,8.0,1.7870967741935484
2018,366338,skane,11,2018-11-01,0.5885388,411305.0,476399.0,347918.0,0.61499,5.3,33.7,5.0,1.1233333333333335
2018,294771,skane,12,2018-12-01,0.4546814,366338.0,411305.0,274114.0,0.5885388,3.5,90.1,15.0,2.9064516129032256
2019,274232,skane,1,2019-01-01,0.4521175,294771.0,366338.0,273223.0,0.4546814,0.9,64.1,10.0,2.0677419354838706
2019,289882,skane,2,2019-02-01,0.4876569,274232.0,294771.0,280555.0,0.4521175,3.7,71.2,11.0,2.542857142857143
2019,347028,skane,3,2019-03-01,0.5191478,289882.0,274232.0,354862.0,0.4876569,5.0,114.7,14.0,3.7
2019,421592,skane,4,2019-04-01,0.5313845,347028.0,289882.0,392005.0,0.5191478,7.9,11.7,4.0,0.38999999999999996
2019,582061,skane,5,2019-05-01,0.6378861,421592.0,347028.0,594248.0,0.5313845,10.5,28.5,8.0,0.9193548387096774
2019,748467,skane,6,2019-06-01,0.6704107,582061.0,421592.0,681173.0,0.6378861,17.7,63.800000000000004,7.0,2.126666666666667
2019,1361830,skane,7,2019-07-01,0.7920222,748467.0,582061.0,1250003.0,0.6704107,17.5,37.6,8.0,1.2129032258064516
2019,915541,skane,8,2019-08-01,0.7102817,1361830.0,748467.0,853272.0,0.7920222,17.9,47.6,10.0,1.535483870967742
2019,483338,skane,9,2019-09-01,0.6535593,915541.0,1361830.0,476399.0,0.7102817,13.5,71.6,17.0,2.3866666666666663
2019,424176,skane,10,2019-10-01,0.6049876,483338.0,915541.0,411305.0,0.6535593,9.3,78.6,14.0,2.5354838709677416
2019,379184,skane,11,2019-11-01,0.5958273,424176.0,483338.0,366338.0,0.6049876,5.8,47.800000000000004,13.0,1.5933333333333335
2019,298339,skane,12,2019-12-01,0.4393275,379184.0,424176.0,294771.0,0.5958273,4.2,49.7,13.0,1.603225806451613
2020,298406,skane,1,2020-01-01,0.4532051,298339.0,379184.0,274232.0,0.4393275,4.7,85.39999999999999,14.0,2.754838709677419
2020,332690,skane,2,2020-02-01,0.5069243,298406.0,298339.0,289882.0,0.4532051,4.4,73.8,14.0,2.5448275862068965
2020,200498,skane,3,2020-03-01,0.2952549,332690.0,298406.0,347028.0,0.5069243,4.1,20.2,5.0,0.6516129032258065
2020,140651,skane,4,2020-04-01,0.156175,200498.0,332690.0,421592.0,0.2952549,7.7,18.1,3.0,0.6033333333333334
2020,275402,skane,5,2020-05-01,0.2086029,140651.0,200498.0,582061.0,0.156175,10.5,20.9,7.0,0.6741935483870968
2020,406261,skane,6,2020-06-01,0.2993528,275402.0,140651.0,748467.0,0.2086029,16.7,64.8,8.0,2.1599999999999997
2020,1060072,skane,7,2020-07-01,0.6414826,406261.0,275402.0,1361830.0,0.2993528,15.6,48.9,10.0,1.5774193548387097
2020,716570,skane,8,2020-08-01,0.5076954,1060072.0,406261.0,915541.0,0.6414826,18.5,39.9,8.0,1.2870967741935484
2020,363478,skane,9,2020-09-01,0.4365175,716570.0,1060072.0,483338.0,0.5076954,13.9,47.5,7.0,1.5833333333333333
2020,364152,skane,10,2020-10-01,0.4444835,363478.0,716570.0,424176.0,0.4365175,9.9,84.9,16.0,2.738709677419355
2020,160307,skane,11,2020-11-01,0.2392124,364152.0,363478.0,379184.0,0.4444835,7.5,27.5,7.0,0.9166666666666666
2020,136095,skane,12,2020-12-01,0.2063324,160307.0,364152.0,298339.0,0.2392124,4.0,51.5,11.0,1.6612903225806452
2021,130828,skane,1,2021-01-01,0.1947838,136095.0,160307.0,298406.0,0.2063324,0.2,66.3,13.0,2.138709677419355
2021,165519,skane,2,2021-02-01,0.2591262,130828.0,136095.0,332690.0,0.1947838,-0.6,25.9,4.0,0.9249999999999999
2021,183968,skane,3,2021-03-01,0.2551221,165519.0,130828.0,200498.0,0.2591262,3.5,42.3,6.0,1.364516129032258
2021,252711,skane,4,2021-04-01,0.2893195,183968.0,165519.0,140651.0,0.2551221,5.5,26.699999999999996,5.0,0.8899999999999999
2021,400202,skane,5,2021-05-01,0.333743,252711.0,183968.0,275402.0,0.2893195,10.5,55.8,11.0,1.7999999999999998
2021,548486,skane,6,2021-06-01,0.4077294,400202.0,252711.0,406261.0,0.333743,17.6,16.2,2.0,0.5399999999999999
2021,1286331,skane,7,2021-07-01,0.7283271,548486.0,400202.0,1060072.0,0.4077294,19.3,55.7,7.0,1.7967741935483872
2021,921991,skane,8,2021-08-01,0.6223992,1286331.0,548486.0,716570.0,0.7283271,15.7,97.6,9.0,3.148387096774193
2021,455211,skane,9,2021-09-01,0.5251405,921991.0,1286331.0,363478.0,0.6223992,14.3,63.8,6.0,2.1266666666666665
2021,425943,skane,10,2021-10-01,0.5404785,455211.0,921991.0,364152.0,0.5251405,9.8,81.0,8.0,2.6129032258064515
2021,372617,skane,11,2021-11-01,0.536838,425943.0,455211.0,160307.0,0.5404785,6.5,32.5,10.0,1.0833333333333333
2021,271988,skane,12,2021-12-01,0.3635265,372617.0,425943.0,136095.0,0.536838,1.3,79.3,10.0,2.5580645161290323
2022,187794,skane,1,2022-01-01,0.2571969,271988.0,372617.0,130828.0,0.3635265,3.0,52.3,14.0,1.6870967741935483
2022,251002,skane,2,2022-02-01,0.3573322,187794.0,271988.0,165519.0,0.2571969,3.4,94.10000000000001,13.0,3.360714285714286
2022,330071,skane,3,2022-03-01,0.4630871,251002.0,187794.0,183968.0,0.3573322,3.2,0.4,0.0,0.012903225806451613
2022,450660,skane,4,2022-04-01,0.5249751,330071.0,251002.0,252711.0,0.4630871,6.4,38.4,6.0,1.28
2022,629766,skane,5,2022-05-01,0.6496296,450660.0,330071.0,400202.0,0.5249751,11.7,79.9,12.0,2.57741935483871
2022,740518,skane,6,2022-06-01,0.6490565,629766.0,450660.0,548486.0,0.6496296,15.9,30.0,5.0,1.0
2022,1357369,skane,7,2022-07-01,0.7559102,740518.0,629766.0,1286331.0,0.6490565,17.3,19.5,5.0,0.6290322580645161
2022,983288,skane,8,2022-08-01,0.6968882,1357369.0,740518.0,921991.0,0.7559102,18.7,35.199999999999996,6.0,1.1354838709677417
2022,513986,skane,9,2022-09-01,0.6428882,983288.0,1357369.0,455211.0,0.6968882,12.9,82.7,13.0,2.756666666666667
2022,416930,skane,10,2022-10-01,0.5443581,513986.0,983288.0,425943.0,0.6428882,11.4,51.5,9.0,1.6612903225806452
2022,375691,skane,11,2022-11-01,0.5519505,416930.0,513986.0,372617.0,0.5443581,7.0,13.1,5.0,0.43666666666666665
2022,302280,skane,12,2022-12-01,0.4230946,375691.0,416930.0,271988.0,0.5519505,0.5,76.3,12.0,2.4612903225806453
2023,279467,skane,1,2023-01-01,0.4313426,302280.0,375691.0,187794.0,0.4230946,3.5,104.0,18.0,3.3548387096774195
2023,328570,skane,2,2023-02-01,0.4959184,279467.0,302280.0,251002.0,0.4313426,2.5,46.2,7.0,1.6500000000000001
2023,356323,skane,3,2023-03-01,0.4971195,328570.0,279467.0,330071.0,0.4959184,3.1,83.0,16.0,2.6774193548387095
2023,465979,skane,4,2023-04-01,0.538202,356323.0,328570.0,450660.0,0.4971195,6.7,21.5,3.0,0.7166666666666667
2023,625630,skane,5,2023-05-01,0.6285877,465979.0,356323.0,629766.0,0.538202,11.8,12.7,3.0,0.4096774193548387
2023,752969,skane,6,2023-06-01,0.6268673,625630.0,465979.0,740518.0,0.6285877,16.9,21.799999999999997,3.0,0.7266666666666666
2023,1384471,skane,7,2023-07-01,0.782015,752969.0,625630.0,1357369.0,0.6268673,16.7,116.3,14.0,3.7516129032258063
2023,970505,skane,8,2023-08-01,0.6963093,1384471.0,752969.0,983288.0,0.782015,16.5,157.4,12.0,5.077419354838709
2023,544839,skane,9,2023-09-01,0.6510851,970505.0,1384471.0,513986.0,0.6963093,16.4,15.8,3.0,0.5266666666666667
2023,429427,skane,10,2023-10-01,0.5704952,544839.0,970505.0,416930.0,0.6510851,9.9,93.5,11.0,3.0161290322580645
2023,371075,skane,11,2023-11-01,0.5548275,429427.0,544839.0,375691.0,0.5704952,4.0,104.2,13.0,3.4733333333333336
2023,315449,skane,12,2023-12-01,0.4225529,371075.0,429427.0,302280.0,0.5548275,2.3,97.7,16.0,3.1516129032258067
2024,260309,skane,1,2024-01-01,0.394293,315449.0,371075.0,279467.0,0.4225529,-0.2,61.4,11.0,1.9806451612903226
2024,320834,skane,2,2024-02-01,0.4640477,260309.0,315449.0,328570.0,0.394293,3.7,84.2,12.0,2.903448275862069
2024,382390,skane,3,2024-03-01,0.4854802,320834.0,260309.0,356323.0,0.4640477,4.7,19.5,9.0,0.6290322580645161
2024,400371,skane,4,2024-04-01,0.5344525,382390.0,320834.0,465979.0,0.4854802,7.4,53.2,11.0,1.7733333333333334
2024,646431,skane,5,2024-05-01,0.6608279,400371.0,382390.0,625630.0,0.5344525,14.2,11.8,3.0,0.3806451612903226
2024,775827,skane,6,2024-06-01,0.6383082,646431.0,400371.0,752969.0,0.6608279,15.4,51.6,12.0,1.72
2024,1367095,skane,7,2024-07-01,0.7648584,775827.0,646431.0,1384471.0,0.6383082,17.1,62.6,9.0,2.0193548387096776
2024,1022323,skane,8,2024-08-01,0.7031626,1367095.0,775827.0,970505.0,0.7648584,17.5,44.9,7.0,1.4483870967741934
2024,534043,skane,9,2024-09-01,0.6411054,1022323.0,1367095.0,544839.0,0.7031626,15.3,94.7,7.0,3.1566666666666667
2024,432772,skane,10,2024-10-01,0.5628101,534043.0,1022323.0,429427.0,0.6411054,10.3,57.5,10.0,1.8548387096774193
2024,375271,skane,11,2024-11-01,0.556686,432772.0,534043.0,371075.0,0.5628101,5.6,35.8,7.0,1.1933333333333331
2024,340254,skane,12,2024-12-01,0.4486825,375271.0,432772.0,315449.0,0.556686,4.5,42.9,10.0,1.3838709677419354
2025,281575,skane,1,2025-01-01,0.3700324,340254.0,375271.0,260309.0,0.4486825,2.1,52.5,10.0,1.6935483870967742
2025,339966,skane,2,2025-02-01,0.4678035,281575.0,340254.0,320834.0,0.3700324,1.0,7.800000000000001,3.0,0.2785714285714286
2025,339076,skane,3,2025-03-01,0.4352624,339966.0,281575.0,382390.0,0.4678035,4.9,18.4,3.0,0.5935483870967742
2025,560691,skane,9,2025-09-01,0.6217693,1041652.0,1366578.0,534043.0,0.6999944,14.9,54.6,8.0,1.82
2025,450210,skane,10,2025-10-01,0.5359205,560691.0,1041652.0,432772.0,0.6217693,9.7,81.1,10.0,2.616129032258064
2025,372689,skane,11,2025-11-01,0.5078848,450210.0,560691.0,375271.0,0.5359205,5.2,51.1,7.0,1.7033333333333334
2025,336377,skane,12,2025-12-01,0.4132695,372689.0,450210.0,340254.0,0.5078848,4.4,19.400000000000002,4.0,0.6258064516129033
2026,304085,skane,1,2026-01-01,0.4026232,336377.0,372689.0,281575.0,0.4132695,-1.3,39.8,8.0,1.2838709677419353
2016,1628450,stockholm,7,2016-07-01,0.7057156,1269965.0,1213399.0,1680753.0,0.709836,19.0,69.0,7.0,2.225806451612903
2016,1568687,stockholm,8,2016-08-01,0.7397433,1628450.0,1269965.0,1512587.0,0.7057156,16.9,55.900000000000006,11.0,1.8032258064516131
2016,1238386,stockholm,9,2016-09-01,0.765158,1568687.0,1628450.0,1212505.0,0.7397433,15.3,23.7,3.0,0.7899999999999999
2016,1153936,stockholm,10,2016-10-01,0.7062949,1238386.0,1568687.0,1104706.0,0.765158,7.2,32.800000000000004,10.0,1.0580645161290323
2016,1043062,stockholm,11,2016-11-01,0.6842127,1153936.0,1238386.0,1005162.0,0.7062949,2.0,94.5,16.0,3.15
2016,898117,stockholm,12,2016-12-01,0.5524633,1043062.0,1153936.0,804727.0,0.6842127,2.2,30.900000000000002,6.0,0.9967741935483871
2017,829214,stockholm,1,2017-01-01,0.5355246,898117.0,1043062.0,730825.0,0.5524633,-0.3,30.0,4.0,0.967741935483871
2017,861818,stockholm,2,2017-02-01,0.5876946,829214.0,898117.0,816792.0,0.5355246,0.2,34.9,8.0,1.2464285714285714
2017,980811,stockholm,3,2017-03-01,0.6122251,861818.0,829214.0,866042.0,0.5876946,3.3,29.1,6.0,0.9387096774193548
2017,1020331,stockholm,4,2017-04-01,0.5877153,980811.0,861818.0,1010348.0,0.6122251,4.9,28.8,7.0,0.9600000000000001
2017,1319724,stockholm,5,2017-05-01,0.7392494,1020331.0,980811.0,1213399.0,0.5877153,11.3,17.0,3.0,0.5483870967741935
2017,1354057,stockholm,6,2017-06-01,0.7009086,1319724.0,1020331.0,1269965.0,0.7392494,15.2,66.2,10.0,2.2066666666666666
2017,1586888,stockholm,7,2017-07-01,0.6622688,1354057.0,1319724.0,1628450.0,0.7009086,17.4,16.9,5.0,0.5451612903225806
2017,1606477,stockholm,8,2017-08-01,0.7440172,1586888.0,1354057.0,1568687.0,0.6622688,17.0,55.0,11.0,1.7741935483870968
2017,1270444,stockholm,9,2017-09-01,0.7331299,1606477.0,1586888.0,1238386.0,0.7440172,13.1,56.800000000000004,8.0,1.8933333333333335
2017,1180884,stockholm,10,2017-10-01,0.6858468,1270444.0,1606477.0,1153936.0,0.7331299,8.0,112.3,15.0,3.6225806451612903
2017,1109767,stockholm,11,2017-11-01,0.6831414,1180884.0,1270444.0,1043062.0,0.6858468,3.8,59.9,12.0,1.9966666666666666
2017,927938,stockholm,12,2017-12-01,0.5256817,1109767.0,1180884.0,898117.0,0.6831414,1.5,59.0,12.0,1.903225806451613
2018,851497,stockholm,1,2018-01-01,0.5116226,927938.0,1109767.0,829214.0,0.5256817,0.2,60.7,11.0,1.9580645161290324
2018,885777,stockholm,2,2018-02-01,0.5649977,851497.0,927938.0,861818.0,0.5116226,-3.2,31.2,9.0,1.1142857142857143
2018,1057797,stockholm,3,2018-03-01,0.5941585,885777.0,851497.0,980811.0,0.5649977,-1.6,27.8,6.0,0.8967741935483872
2018,1101628,stockholm,4,2018-04-01,0.6402843,1057797.0,885777.0,1020331.0,0.5941585,7.1,26.1,8.0,0.87
2018,1321140,stockholm,5,2018-05-01,0.7085104,1101628.0,1057797.0,1319724.0,0.6402843,16.1,6.4,2.0,0.2064516129032258
2018,1381040,stockholm,6,2018-06-01,0.7060448,1321140.0,1101628.0,1354057.0,0.7085104,17.3,33.9,7.0,1.13
2018,1700639,stockholm,7,2018-07-01,0.6837977,1381040.0,1321140.0,1586888.0,0.7060448,22.5,14.1,3.0,0.45483870967741935
2018,1691543,stockholm,8,2018-08-01,0.756354,1700639.0,1381040.0,1606477.0,0.6837977,19.3,57.2,10.0,1.8451612903225807
2018,1292900,stockholm,9,2018-09-01,0.739373,1691543.0,1700639.0,1270444.0,0.756354,14.3,51.1,10.0,1.7033333333333334
2018,1214939,stockholm,10,2018-10-01,0.6996462,1292900.0,1691543.0,1180884.0,0.739373,8.7,25.9,5.0,0.8354838709677419
2018,1129424,stockholm,11,2018-11-01,0.6912885,1214939.0,1292900.0,1109767.0,0.6996462,4.5,33.8,5.0,1.1266666666666665
2018,966395,stockholm,12,2018-12-01,0.5435277,1129424.0,1214939.0,927938.0,0.6912885,0.8,41.3,11.0,1.332258064516129
2019,903851,stockholm,1,2019-01-01,0.5231295,966395.0,1129424.0,851497.0,0.5435277,-1.7,38.800000000000004,9.0,1.2516129032258065
2019,922085,stockholm,2,2019-02-01,0.5653979,903851.0,966395.0,885777.0,0.5231295,1.9,48.9,9.0,1.7464285714285714
2019,1081187,stockholm,3,2019-03-01,0.6089285,922085.0,903851.0,1057797.0,0.5653979,2.7,59.199999999999996,13.0,1.9096774193548385
2019,1097037,stockholm,4,2019-04-01,0.5915596,1081187.0,922085.0,1101628.0,0.6089285,7.4,4.0,1.0,0.13333333333333333
2019,1455861,stockholm,5,2019-05-01,0.7313124,1097037.0,1081187.0,1321140.0,0.5915596,10.9,57.0,10.0,1.8387096774193548
2019,1494458,stockholm,6,2019-06-01,0.7045181,1455861.0,1097037.0,1381040.0,0.7313124,18.4,26.7,7.0,0.89
2019,1755071,stockholm,7,2019-07-01,0.6663501,1494458.0,1455861.0,1700639.0,0.7045181,17.7,51.0,9.0,1.6451612903225807
2019,1789895,stockholm,8,2019-08-01,0.7594153,1755071.0,1494458.0,1691543.0,0.6663501,18.0,58.2,9.0,1.8774193548387097
2019,1325865,stockholm,9,2019-09-01,0.734234,1789895.0,1755071.0,1292900.0,0.7594153,13.2,44.9,11.0,1.4966666666666666
2019,1293835,stockholm,10,2019-10-01,0.6933828,1325865.0,1789895.0,1214939.0,0.734234,7.2,63.6,14.0,2.0516129032258066
2019,1187371,stockholm,11,2019-11-01,0.6809019,1293835.0,1325865.0,1129424.0,0.6933828,4.0,79.6,14.0,2.6533333333333333
2019,993408,stockholm,12,2019-12-01,0.5303121,1187371.0,1293835.0,966395.0,0.6809019,3.0,93.8,15.0,3.0258064516129033
2020,920746,stockholm,1,2020-01-01,0.5055939,993408.0,1187371.0,903851.0,0.5303121,4.1,21.2,4.0,0.6838709677419355
2020,977184,stockholm,2,2020-02-01,0.5498643,920746.0,993408.0,922085.0,0.5055939,2.9,26.0,6.0,0.896551724137931
2020,518125,stockholm,3,2020-03-01,0.2818324,977184.0,920746.0,1081187.0,0.5498643,3.6,47.9,10.0,1.5451612903225806
2020,254372,stockholm,4,2020-04-01,0.1371265,518125.0,977184.0,1097037.0,0.2818324,7.1,21.2,4.0,0.7066666666666667
2020,334660,stockholm,5,2020-05-01,0.1759144,254372.0,518125.0,1455861.0,0.1371265,10.1,51.2,8.0,1.6516129032258065
2020,440666,stockholm,6,2020-06-01,0.2198542,334660.0,254372.0,1494458.0,0.1759144,18.6,51.6,5.0,1.72
2020,723872,stockholm,7,2020-07-01,0.3060214,440666.0,334660.0,1755071.0,0.2198542,17.0,120.2,11.0,3.8774193548387097
2020,682125,stockholm,8,2020-08-01,0.3217925,723872.0,440666.0,1789895.0,0.3060214,19.3,51.8,4.0,1.6709677419354838
2020,596109,stockholm,9,2020-09-01,0.3382928,682125.0,723872.0,1325865.0,0.3217925,14.2,26.1,7.0,0.87
2020,676731,stockholm,10,2020-10-01,0.3627305,596109.0,682125.0,1293835.0,0.3382928,9.3,89.2,13.0,2.8774193548387097
2020,408130,stockholm,11,2020-11-01,0.2397322,676731.0,596109.0,1187371.0,0.3627305,6.9,31.0,11.0,1.0333333333333334
2020,369181,stockholm,12,2020-12-01,0.218454,408130.0,676731.0,993408.0,0.2397322,4.0,73.5,14.0,2.370967741935484
2021,364618,stockholm,1,2021-01-01,0.21738,369181.0,408130.0,920746.0,0.218454,-1.2,87.60000000000001,12.0,2.8258064516129036
2021,405943,stockholm,2,2021-02-01,0.2508996,364618.0,369181.0,977184.0,0.21738,-2.0,15.3,3.0,0.5464285714285715
2021,446249,stockholm,3,2021-03-01,0.2604728,405943.0,364618.0,518125.0,0.2508996,3.5,16.6,4.0,0.535483870967742
2021,451557,stockholm,4,2021-04-01,0.2565799,446249.0,405943.0,254372.0,0.2604728,5.3,25.5,7.0,0.85
2021,550176,stockholm,5,2021-05-01,0.2803997,451557.0,446249.0,334660.0,0.2565799,10.6,117.8,12.0,3.8
2021,669780,stockholm,6,2021-06-01,0.3238655,550176.0,451557.0,440666.0,0.2803997,19.3,23.099999999999998,5.0,0.7699999999999999
2021,1264017,stockholm,7,2021-07-01,0.4882704,669780.0,550176.0,723872.0,0.3238655,21.2,21.7,9.0,0.7
2021,1180591,stockholm,8,2021-08-01,0.4880427,1264017.0,669780.0,682125.0,0.4882704,16.0,86.3,12.0,2.7838709677419353
2021,901861,stockholm,9,2021-09-01,0.4863181,1180591.0,1264017.0,596109.0,0.4880427,12.7,41.2,5.0,1.3733333333333335
2021,1060063,stockholm,10,2021-10-01,0.5412755,901861.0,1180591.0,676731.0,0.4863181,9.3,52.1,8.0,1.6806451612903226
2021,1087841,stockholm,11,2021-11-01,0.5873108,1060063.0,901861.0,408130.0,0.5412755,3.7,28.5,5.0,0.95
2021,850145,stockholm,12,2021-12-01,0.4272641,1087841.0,1060063.0,369181.0,0.5873108,-1.6,37.2,9.0,1.2000000000000002
2022,539545,stockholm,1,2022-01-01,0.2755423,850145.0,1087841.0,364618.0,0.4272641,0.5,59.6,9.0,1.9225806451612903
2022,657607,stockholm,2,2022-02-01,0.3736149,539545.0,850145.0,405943.0,0.2755423,0.9,62.8,9.0,2.242857142857143
2022,953104,stockholm,3,2022-03-01,0.5055487,657607.0,539545.0,446249.0,0.3736149,4.1,1.6,0.0,0.05161290322580645
2022,1150838,stockholm,4,2022-04-01,0.5858442,953104.0,657607.0,451557.0,0.5055487,5.6,33.1,5.0,1.1033333333333333
2022,1373876,stockholm,5,2022-05-01,0.689891,1150838.0,953104.0,550176.0,0.5858442,11.5,49.6,10.0,1.6
2022,1471559,stockholm,6,2022-06-01,0.6976329,1373876.0,1150838.0,669780.0,0.689891,18.1,46.9,8.0,1.5633333333333332
2022,1776892,stockholm,7,2022-07-01,0.6516676,1471559.0,1373876.0,1264017.0,0.6976329,18.4,35.2,8.0,1.135483870967742
2022,1619322,stockholm,8,2022-08-01,0.6758459,1776892.0,1471559.0,1180591.0,0.6516676,19.8,53.1,7.0,1.7129032258064516
2022,1337770,stockholm,9,2022-09-01,0.714597,1619322.0,1776892.0,901861.0,0.6758459,12.2,45.199999999999996,7.0,1.5066666666666666
2022,1274857,stockholm,10,2022-10-01,0.6560662,1337770.0,1619322.0,1060063.0,0.714597,10.1,41.4,9.0,1.335483870967742
2022,1176099,stockholm,11,2022-11-01,0.6525444,1274857.0,1337770.0,1087841.0,0.6560662,5.5,67.9,11.0,2.2633333333333336
2022,1010224,stockholm,12,2022-12-01,0.505294,1176099.0,1274857.0,850145.0,0.6525444,-1.4,35.5,12.0,1.1451612903225807
2023,865432,stockholm,1,2023-01-01,0.4670937,1010224.0,1176099.0,539545.0,0.505294,1.2,81.0,12.0,2.6129032258064515
2023,909136,stockholm,2,2023-02-01,0.5253382,865432.0,1010224.0,657607.0,0.4670937,0.5,38.1,8.0,1.3607142857142858
2023,1100695,stockholm,3,2023-03-01,0.5838322,909136.0,865432.0,953104.0,0.5253382,0.6,72.8,14.0,2.3483870967741933
2023,1150112,stockholm,4,2023-04-01,0.5838609,1100695.0,909136.0,1150838.0,0.5838322,5.7,18.0,6.0,0.6
2023,1420410,stockholm,5,2023-05-01,0.6997081,1150112.0,1100695.0,1373876.0,0.5838609,12.4,27.0,3.0,0.8709677419354839
2023,1453126,stockholm,6,2023-06-01,0.6778972,1420410.0,1150112.0,1471559.0,0.6997081,18.5,10.4,3.0,0.3466666666666667
2023,1791940,stockholm,7,2023-07-01,0.6653007,1453126.0,1420410.0,1776892.0,0.6778972,17.5,121.4,17.0,3.916129032258065
2023,1676336,stockholm,8,2023-08-01,0.7086715,1791940.0,1453126.0,1619322.0,0.6653007,16.9,107.0,15.0,3.4516129032258065
2023,1366517,stockholm,9,2023-09-01,0.7074599,1676336.0,1791940.0,1337770.0,0.7086715,15.7,34.2,4.0,1.1400000000000001
2023,1262004,stockholm,10,2023-10-01,0.6525723,1366517.0,1676336.0,1274857.0,0.7074599,6.7,77.1,13.0,2.487096774193548
2023,1156412,stockholm,11,2023-11-01,0.633724,1262004.0,1366517.0,1176099.0,0.6525723,1.7,80.2,14.0,2.6733333333333333
2023,1004514,stockholm,12,2023-12-01,0.5009173,1156412.0,1262004.0,1010224.0,0.633724,-1.8,57.3,14.0,1.8483870967741935
2024,880054,stockholm,1,2024-01-01,0.4787436,1004514.0,1156412.0,865432.0,0.5009173,-2.9,46.7,12.0,1.506451612903226
2024,939765,stockholm,2,2024-02-01,0.5405212,880054.0,1004514.0,909136.0,0.4787436,0.6,70.5,15.0,2.4310344827586206
2024,1103604,stockholm,3,2024-03-01,0.5648018,939765.0,880054.0,1100695.0,0.5405212,3.0,29.0,6.0,0.9354838709677419
2024,1111894,stockholm,4,2024-04-01,0.6025568,1103604.0,939765.0,1150112.0,0.5648018,4.9,54.8,10.0,1.8266666666666667
2024,1458091,stockholm,5,2024-05-01,0.7052512,1111894.0,1103604.0,1420410.0,0.6025568,14.9,22.900000000000002,4.0,0.7387096774193549
2024,1438668,stockholm,6,2024-06-01,0.663053,1458091.0,1111894.0,1453126.0,0.7052512,17.3,62.0,10.0,2.066666666666667
2024,1829344,stockholm,7,2024-07-01,0.6760041,1438668.0,1458091.0,1791940.0,0.663053,18.8,55.800000000000004,11.0,1.8
2024,1762249,stockholm,8,2024-08-01,0.7185221,1829344.0,1438668.0,1676336.0,0.6760041,18.7,21.1,6.0,0.6806451612903226
2024,1340410,stockholm,9,2024-09-01,0.7086791,1762249.0,1829344.0,1366517.0,0.7185221,14.7,87.8,6.0,2.9266666666666667
2024,1292403,stockholm,10,2024-10-01,0.6535312,1340410.0,1762249.0,1262004.0,0.7086791,9.8,69.4,5.0,2.238709677419355
2024,1171740,stockholm,11,2024-11-01,0.6376285,1292403.0,1340410.0,1156412.0,0.6535312,4.1,32.6,6.0,1.0866666666666667
2024,1027527,stockholm,12,2024-12-01,0.5053809,1171740.0,1292403.0,1004514.0,0.6376285,2.3,66.7,10.0,2.1516129032258067
2025,867052,stockholm,1,2025-01-01,0.453686,1027527.0,1171740.0,880054.0,0.5053809,0.9,57.7,11.0,1.8612903225806452
2025,916160,stockholm,2,2025-02-01,0.5113208,867052.0,1027527.0,939765.0,0.453686,-0.1,16.5,5.0,0.5892857142857143
2025,1188943,stockholm,3,2025-03-01,0.5720454,916160.0,867052.0,1103604.0,0.5113208,4.9,5.1,2.0,0.16451612903225804
2025,1129319,stockholm,4,2025-04-01,0.548769,1188943.0,916160.0,1111894.0,0.5720454,8.3,9.3,3.0,0.31
2025,1463292,stockholm,5,2025-05-01,0.6977502,1129319.0,1188943.0,1458091.0,0.548769,10.5,25.0,7.0,0.8064516129032258
2025,1509398,stockholm,6,2025-06-01,0.6891024,1463292.0,1129319.0,1438668.0,0.6977502,16.2,49.1,9.0,1.6366666666666667
2025,1832534,stockholm,7,2025-07-01,0.6717516,1509398.0,1463292.0,1829344.0,0.6891024,20.1,80.3,11.0,2.5903225806451613
2025,1833010,stockholm,8,2025-08-01,0.740993,1832534.0,1509398.0,1762249.0,0.6717516,16.6,68.2,13.0,2.2
2025,1379403,stockholm,9,2025-09-01,0.7185174,1833010.0,1832534.0,1340410.0,0.740993,15.2,51.5,8.0,1.7166666666666666
2025,1407349,stockholm,10,2025-10-01,0.688844,1379403.0,1833010.0,1292403.0,0.7185174,9.0,80.0,12.0,2.5806451612903225
2025,1200674,stockholm,11,2025-11-01,0.6411665,1407349.0,1379403.0,1171740.0,0.688844,4.4,29.0,7.0,0.9666666666666667
2025,1127361,stockholm,12,2025-12-01,0.5321012,1200674.0,1407349.0,1027527.0,0.6411665,3.9,45.5,11.0,1.467741935483871
2026,905871,stockholm,1,2026-01-01,0.4574161,1127361.0,1200674.0,867052.0,0.5321012,-2.1,65.9,13.0,2.1258064516129034
2016,375313,vasterbotten,7,2016-07-01,0.5771877,156829.0,110225.0,351895.0,0.4822504,16.8,82.2,9.0,2.6516129032258067
2016,202348,vasterbotten,8,2016-08-01,0.5185457,375313.0,156829.0,198068.0,0.5771877,13.4,71.4,12.0,2.303225806451613
2016,121626,vasterbotten,9,2016-09-01,0.5525317,202348.0,375313.0,114078.0,0.5185457,10.9,35.2,7.0,1.1733333333333333
2016,113162,vasterbotten,10,2016-10-01,0.5728473,121626.0,202348.0,110909.0,0.5525317,3.6,10.2,4.0,0.3290322580645161
2016,101195,vasterbotten,11,2016-11-01,0.5260254,113162.0,121626.0,98427.0,0.5728473,-1.1,85.0,16.0,2.8333333333333335
2016,88481,vasterbotten,12,2016-12-01,0.4109158,101195.0,113162.0,89085.0,0.5260254,-3.0,20.4,7.0,0.6580645161290322
2017,107700,vasterbotten,1,2017-01-01,0.4471777,88481.0,101195.0,91342.0,0.4109158,-4.3,57.0,4.0,1.8387096774193548
2017,123170,vasterbotten,2,2017-02-01,0.5403854,107700.0,88481.0,127117.0,0.4471777,-5.0,51.7,7.0,1.8464285714285715
2017,143884,vasterbotten,3,2017-03-01,0.520824,123170.0,107700.0,142679.0,0.5403854,-1.4,24.8,8.0,0.8
2017,127888,vasterbotten,4,2017-04-01,0.4571722,143884.0,123170.0,117753.0,0.520824,1.2,27.1,8.0,0.9033333333333334
2017,117036,vasterbotten,5,2017-05-01,0.5140437,127888.0,143884.0,110225.0,0.4571722,6.5,34.6,7.0,1.1161290322580646
2017,169818,vasterbotten,6,2017-06-01,0.5352806,117036.0,127888.0,156829.0,0.5140437,12.1,57.7,9.0,1.9233333333333333
2017,390926,vasterbotten,7,2017-07-01,0.5734351,169818.0,117036.0,375313.0,0.5352806,14.7,65.5,13.0,2.1129032258064515
2017,223425,vasterbotten,8,2017-08-01,0.5675887,390926.0,169818.0,202348.0,0.5734351,13.5,81.1,13.0,2.616129032258064
2017,129115,vasterbotten,9,2017-09-01,0.5335065,223425.0,390926.0,121626.0,0.5675887,9.9,85.3,12.0,2.8433333333333333
2017,110173,vasterbotten,10,2017-10-01,0.5407974,129115.0,223425.0,113162.0,0.5335065,4.2,106.2,17.0,3.425806451612903
2017,102610,vasterbotten,11,2017-11-01,0.5042966,110173.0,129115.0,101195.0,0.5407974,-0.8,100.7,16.0,3.356666666666667
2017,96018,vasterbotten,12,2017-12-01,0.4017505,102610.0,110173.0,88481.0,0.5042966,-3.9,133.7,13.0,4.312903225806451
2018,106097,vasterbotten,1,2018-01-01,0.4443848,96018.0,102610.0,107700.0,0.4017505,-5.7,47.4,14.0,1.5290322580645161
2018,125733,vasterbotten,2,2018-02-01,0.5312451,106097.0,96018.0,123170.0,0.4443848,-10.1,24.3,4.0,0.8678571428571429
2018,149816,vasterbotten,3,2018-03-01,0.4955922,125733.0,106097.0,143884.0,0.5312451,-6.0,33.3,10.0,1.0741935483870966
2018,126345,vasterbotten,4,2018-04-01,0.4685946,149816.0,125733.0,127888.0,0.4955922,2.3,27.7,4.0,0.9233333333333333
2018,117940,vasterbotten,5,2018-05-01,0.4942559,126345.0,149816.0,117036.0,0.4685946,11.1,17.8,3.0,0.5741935483870968
2018,169048,vasterbotten,6,2018-06-01,0.4811655,117940.0,126345.0,169818.0,0.4942559,12.9,35.0,6.0,1.1666666666666667
2018,390212,vasterbotten,7,2018-07-01,0.5816301,169048.0,117940.0,390926.0,0.4811655,19.9,45.0,6.0,1.4516129032258065
2018,199876,vasterbotten,8,2018-08-01,0.4841302,390212.0,169048.0,223425.0,0.5816301,15.3,36.3,9.0,1.1709677419354838
2018,130511,vasterbotten,9,2018-09-01,0.5227121,199876.0,390212.0,129115.0,0.4841302,10.3,44.0,10.0,1.4666666666666666
2018,121882,vasterbotten,10,2018-10-01,0.5973872,130511.0,199876.0,110173.0,0.5227121,3.7,45.8,7.0,1.4774193548387096
2018,108356,vasterbotten,11,2018-11-01,0.5115505,121882.0,130511.0,102610.0,0.5973872,0.7,34.1,6.0,1.1366666666666667
2018,97717,vasterbotten,12,2018-12-01,0.3846091,108356.0,121882.0,96018.0,0.5115505,-3.5,104.10000000000001,13.0,3.3580645161290326
2019,102497,vasterbotten,1,2019-01-01,0.3860934,97717.0,108356.0,106097.0,0.3846091,-10.2,22.4,8.0,0.7225806451612903
2019,124976,vasterbotten,2,2019-02-01,0.5008849,102497.0,97717.0,125733.0,0.3860934,-5.0,39.6,13.0,1.4142857142857144
2019,146545,vasterbotten,3,2019-03-01,0.4819756,124976.0,102497.0,149816.0,0.5008849,-2.2,79.60000000000001,9.0,2.567741935483871
2019,128942,vasterbotten,4,2019-04-01,0.4354381,146545.0,124976.0,126345.0,0.4819756,4.1,4.5,1.0,0.15
2019,121776,vasterbotten,5,2019-05-01,0.4663062,128942.0,146545.0,117940.0,0.4354381,7.8,75.8,13.0,2.4451612903225803
2019,192235,vasterbotten,6,2019-06-01,0.5033208,121776.0,128942.0,169048.0,0.4663062,13.7,63.1,10.0,2.1033333333333335
2019,403981,vasterbotten,7,2019-07-01,0.5528484,192235.0,121776.0,390212.0,0.5033208,15.3,36.8,5.0,1.1870967741935483
2019,213059,vasterbotten,8,2019-08-01,0.5221322,403981.0,192235.0,199876.0,0.5528484,14.6,78.1,15.0,2.519354838709677
2019,131282,vasterbotten,9,2019-09-01,0.5325982,213059.0,403981.0,130511.0,0.5221322,8.8,60.9,12.0,2.03
2019,120530,vasterbotten,10,2019-10-01,0.5456521,131282.0,213059.0,121882.0,0.5325982,2.5,45.7,7.0,1.474193548387097
2019,103437,vasterbotten,11,2019-11-01,0.4956229,120530.0,131282.0,108356.0,0.5456521,-2.1,67.4,13.0,2.246666666666667
2019,88799,vasterbotten,12,2019-12-01,0.3586318,103437.0,120530.0,97717.0,0.4956229,-2.0,62.3,15.0,2.009677419354839
2020,96801,vasterbotten,1,2020-01-01,0.3818431,88799.0,103437.0,102497.0,0.3586318,-0.5,71.0,12.0,2.2903225806451615
2020,134888,vasterbotten,2,2020-02-01,0.538906,96801.0,88799.0,124976.0,0.3818431,-2.8,80.6,10.0,2.779310344827586
2020,95555,vasterbotten,3,2020-03-01,0.310962,134888.0,96801.0,146545.0,0.538906,-0.9,30.6,5.0,0.9870967741935485
2020,45315,vasterbotten,4,2020-04-01,0.1638565,95555.0,134888.0,128942.0,0.310962,3.0,16.099999999999998,6.0,0.5366666666666666
2020,56266,vasterbotten,5,2020-05-01,0.1876172,45315.0,95555.0,121776.0,0.1638565,6.9,32.9,9.0,1.0612903225806452
2020,103196,vasterbotten,6,2020-06-01,0.2713365,56266.0,45315.0,192235.0,0.1876172,16.1,77.8,5.0,2.5933333333333333
2020,230230,vasterbotten,7,2020-07-01,0.4450147,103196.0,56266.0,403981.0,0.2713365,14.2,114.5,18.0,3.693548387096774
2020,158563,vasterbotten,8,2020-08-01,0.4178575,230230.0,103196.0,213059.0,0.4450147,14.7,19.6,3.0,0.6322580645161291
2020,104223,vasterbotten,9,2020-09-01,0.4557554,158563.0,230230.0,131282.0,0.4178575,10.3,101.3,12.0,3.3766666666666665
2020,104268,vasterbotten,10,2020-10-01,0.4500328,104223.0,158563.0,120530.0,0.4557554,5.6,146.79999999999998,17.0,4.735483870967742
2020,59883,vasterbotten,11,2020-11-01,0.3032677,104268.0,104223.0,103437.0,0.4500328,2.7,138.7,13.0,4.623333333333333
2020,53850,vasterbotten,12,2020-12-01,0.2164653,59883.0,104268.0,88799.0,0.3032677,0.5,134.1,24.0,4.325806451612903
2021,60447,vasterbotten,1,2021-01-01,0.2395678,53850.0,59883.0,96801.0,0.2164653,-9.2,173.79999999999998,9.0,5.606451612903225
2021,76289,vasterbotten,2,2021-02-01,0.3060895,60447.0,53850.0,134888.0,0.2395678,-8.5,32.1,7.0,1.1464285714285716
2021,89349,vasterbotten,3,2021-03-01,0.3108138,76289.0,60447.0,95555.0,0.3060895,-0.8,22.7,4.0,0.732258064516129
2021,95852,vasterbotten,4,2021-04-01,0.3188313,89349.0,76289.0,45315.0,0.3108138,2.8,28.5,3.0,0.95
2021,91437,vasterbotten,5,2021-05-01,0.3703425,95852.0,89349.0,56266.0,0.3188313,7.0,29.7,8.0,0.9580645161290322
2021,135980,vasterbotten,6,2021-06-01,0.4315027,91437.0,95852.0,103196.0,0.3703425,15.1,91.9,10.0,3.0633333333333335
2021,365920,vasterbotten,7,2021-07-01,0.634505,135980.0,91437.0,230230.0,0.4315027,18.6,109.10000000000001,8.0,3.5193548387096776
2021,249698,vasterbotten,8,2021-08-01,0.6609908,365920.0,135980.0,158563.0,0.634505,14.0,132.1,13.0,4.261290322580645
2021,146015,vasterbotten,9,2021-09-01,0.5982513,249698.0,365920.0,104223.0,0.6609908,8.6,84.8,9.0,2.8266666666666667
2021,134457,vasterbotten,10,2021-10-01,0.6043472,146015.0,249698.0,104268.0,0.5982513,5.1,134.7,15.0,4.34516129032258
2021,126621,vasterbotten,11,2021-11-01,0.5983708,134457.0,146015.0,59883.0,0.6043472,-2.0,54.300000000000004,10.0,1.81
2021,109612,vasterbotten,12,2021-12-01,0.4346368,126621.0,134457.0,53850.0,0.5983708,-7.1,24.7,6.0,0.7967741935483871
2022,101816,vasterbotten,1,2022-01-01,0.3742142,109612.0,126621.0,60447.0,0.4346368,-4.3,32.3,5.0,1.0419354838709676
2022,132051,vasterbotten,2,2022-02-01,0.5198725,101816.0,109612.0,76289.0,0.3742142,-6.0,59.9,10.0,2.1392857142857142
2022,160695,vasterbotten,3,2022-03-01,0.5636335,132051.0,101816.0,89349.0,0.5198725,-0.5,15.7,4.0,0.5064516129032258
2022,152283,vasterbotten,4,2022-04-01,0.5141708,160695.0,132051.0,95852.0,0.5636335,1.6,26.599999999999998,5.0,0.8866666666666666
2022,151352,vasterbotten,5,2022-05-01,0.5992221,152283.0,160695.0,91437.0,0.5141708,8.4,25.0,8.0,0.8064516129032258
2022,192928,vasterbotten,6,2022-06-01,0.5405616,151352.0,152283.0,135980.0,0.5992221,15.1,43.2,9.0,1.4400000000000002
2022,407724,vasterbotten,7,2022-07-01,0.6296033,192928.0,151352.0,365920.0,0.5405616,16.2,59.6,9.0,1.9225806451612903
2022,228193,vasterbotten,8,2022-08-01,0.5669792,407724.0,192928.0,249698.0,0.6296033,15.3,80.8,6.0,2.606451612903226
2022,137934,vasterbotten,9,2022-09-01,0.5577062,228193.0,407724.0,146015.0,0.5669792,9.2,71.6,11.0,2.3866666666666663
2022,133274,vasterbotten,10,2022-10-01,0.5642794,137934.0,228193.0,134457.0,0.5577062,5.1,55.6,12.0,1.7935483870967743
2022,121993,vasterbotten,11,2022-11-01,0.5438164,133274.0,137934.0,126621.0,0.5642794,0.4,32.2,11.0,1.0733333333333335
2022,99215,vasterbotten,12,2022-12-01,0.3738988,121993.0,133274.0,109612.0,0.5438164,-8.2,70.9,12.0,2.2870967741935484
2023,101676,vasterbotten,1,2023-01-01,0.4012033,99215.0,121993.0,101816.0,0.3738988,-4.1,102.8,12.0,3.3161290322580643
2023,128577,vasterbotten,2,2023-02-01,0.5377042,101676.0,99215.0,132051.0,0.4012033,-4.1,32.9,5.0,1.175
2023,141941,vasterbotten,3,2023-03-01,0.5057968,128577.0,101676.0,160695.0,0.5377042,-5.7,48.8,6.0,1.5741935483870966
2023,129191,vasterbotten,4,2023-04-01,0.4353848,141941.0,128577.0,152283.0,0.5057968,2.0,28.9,3.0,0.9633333333333333
2023,145812,vasterbotten,5,2023-05-01,0.5322964,129191.0,141941.0,151352.0,0.4353848,8.4,16.2,5.0,0.5225806451612903
2023,196511,vasterbotten,6,2023-06-01,0.504673,145812.0,129191.0,192928.0,0.5322964,14.9,22.2,3.0,0.74
2023,402561,vasterbotten,7,2023-07-01,0.5691338,196511.0,145812.0,407724.0,0.504673,15.7,59.9,11.0,1.932258064516129
2023,230019,vasterbotten,8,2023-08-01,0.5558826,402561.0,196511.0,228193.0,0.5691338,16.1,139.6,17.0,4.503225806451613
2023,136512,vasterbotten,9,2023-09-01,0.5391926,230019.0,402561.0,137934.0,0.5558826,12.3,70.2,12.0,2.3400000000000003
2023,124149,vasterbotten,10,2023-10-01,0.521525,136512.0,230019.0,133274.0,0.5391926,1.2,27.2,4.0,0.8774193548387097
2023,115080,vasterbotten,11,2023-11-01,0.5010436,124149.0,136512.0,121993.0,0.521525,-4.0,59.4,7.0,1.98
2023,96687,vasterbotten,12,2023-12-01,0.3620346,115080.0,124149.0,99215.0,0.5010436,-7.0,37.5,8.0,1.2096774193548387
2024,109403,vasterbotten,1,2024-01-01,0.4222105,96687.0,115080.0,101676.0,0.3620346,-10.6,34.6,6.0,1.1161290322580646
2024,136871,vasterbotten,2,2024-02-01,0.5186004,109403.0,96687.0,128577.0,0.4222105,-6.1,50.4,7.0,1.7379310344827585
2024,136632,vasterbotten,3,2024-03-01,0.4390274,136871.0,109403.0,141941.0,0.5186004,-1.4,56.1,5.0,1.8096774193548388
2024,129169,vasterbotten,4,2024-04-01,0.4545163,136632.0,136871.0,129191.0,0.4390274,0.3,42.3,10.0,1.41
2024,132637,vasterbotten,5,2024-05-01,0.4820611,129169.0,136632.0,145812.0,0.4545163,10.1,8.7,2.0,0.2806451612903226
2024,229040,vasterbotten,6,2024-06-01,0.4612677,132637.0,129169.0,196511.0,0.4820611,14.4,51.7,11.0,1.7233333333333334
2024,382357,vasterbotten,7,2024-07-01,0.5689046,229040.0,132637.0,402561.0,0.4612677,17.0,121.4,17.0,3.916129032258065
2024,208301,vasterbotten,8,2024-08-01,0.5274781,382357.0,229040.0,230019.0,0.5689046,15.8,105.6,15.0,3.4064516129032256
2024,133323,vasterbotten,9,2024-09-01,0.5357217,208301.0,382357.0,136512.0,0.5274781,11.6,65.8,6.0,2.1933333333333334
2024,123829,vasterbotten,10,2024-10-01,0.5474278,133323.0,208301.0,124149.0,0.5357217,5.5,107.0,9.0,3.4516129032258065
2024,104582,vasterbotten,11,2024-11-01,0.4812755,123829.0,133323.0,115080.0,0.5474278,-0.1,61.599999999999994,9.0,2.0533333333333332
2024,93524,vasterbotten,12,2024-12-01,0.3543171,104582.0,123829.0,96687.0,0.4812755,-4.0,86.9,9.0,2.803225806451613
2025,98828,vasterbotten,1,2025-01-01,0.3639627,93524.0,104582.0,109403.0,0.3543171,-5.4,66.3,11.0,2.138709677419355
2025,130314,vasterbotten,2,2025-02-01,0.5015801,98828.0,93524.0,136871.0,0.3639627,-3.9,17.1,4.0,0.6107142857142858
2025,138619,vasterbotten,3,2025-03-01,0.4664383,130314.0,98828.0,136632.0,0.5015801,0.8,9.799999999999999,4.0,0.3161290322580645
2025,119353,vasterbotten,4,2025-04-01,0.3941189,138619.0,130314.0,129169.0,0.4664383,4.0,11.8,3.0,0.39333333333333337
2025,145082,vasterbotten,5,2025-05-01,0.487758,119353.0,138619.0,132637.0,0.3941189,7.4,41.7,8.0,1.3451612903225807
2025,189770,vasterbotten,6,2025-06-01,0.4579018,145082.0,119353.0,229040.0,0.487758,12.2,60.800000000000004,14.0,2.026666666666667
2025,406894,vasterbotten,7,2025-07-01,0.4920693,189770.0,145082.0,382357.0,0.4579018,18.8,91.0,10.0,2.935483870967742
2025,220841,vasterbotten,8,2025-08-01,0.4973978,406894.0,189770.0,208301.0,0.4920693,14.5,64.4,12.0,2.07741935483871
2025,137344,vasterbotten,9,2025-09-01,0.4954627,220841.0,406894.0,133323.0,0.4973978,12.1,134.9,11.0,4.496666666666667
2025,119502,vasterbotten,10,2025-10-01,0.4954163,137344.0,220841.0,123829.0,0.4954627,6.7,113.2,12.0,3.6516129032258067
2025,98781,vasterbotten,11,2025-11-01,0.4276594,119502.0,137344.0,104582.0,0.4954163,-1.4,33.3,9.0,1.1099999999999999
2025,92223,vasterbotten,12,2025-12-01,0.3404486,98781.0,119502.0,93524.0,0.4276594,-0.3,77.0,13.0,2.4838709677419355
2026,92484,vasterbotten,1,2026-01-01,0.3308492,92223.0,98781.0,98828.0,0.3404486,-9.2,20.3,3.0,0.6548387096774194
2016,266737,vasternorrland,7,2016-07-01,0.5757314,116763.0,83850.0,264611.0,0.4534489,16.9,41.6,4.0,1.3419354838709678
2016,160010,vasternorrland,8,2016-08-01,0.5638297,266737.0,116763.0,150365.0,0.5757314,14.2,71.6,8.0,2.3096774193548386
2016,78713,vasternorrland,9,2016-09-01,0.5270129,160010.0,266737.0,77802.0,0.5638297,11.6,47.3,3.0,1.5766666666666667
2016,80296,vasternorrland,10,2016-10-01,0.5827131,78713.0,160010.0,99134.0,0.5270129,4.4,8.7,3.0,0.2806451612903226
2016,72495,vasternorrland,11,2016-11-01,0.5591375,80296.0,78713.0,88901.0,0.5827131,-1.0,80.4,13.0,2.68
2016,54931,vasternorrland,12,2016-12-01,0.3844154,72495.0,80296.0,70351.0,0.5591375,-2.9,11.0,3.0,0.3548387096774194
2017,56712,vasternorrland,1,2017-01-01,0.4008859,54931.0,72495.0,58333.0,0.3844154,-6.6,10.299999999999999,3.0,0.332258064516129
2017,63425,vasternorrland,2,2017-02-01,0.5121577,56712.0,54931.0,64342.0,0.4008859,-3.9,21.7,7.0,0.775
2017,69426,vasternorrland,3,2017-03-01,0.4893429,63425.0,56712.0,67320.0,0.5121577,-0.5,17.4,6.0,0.5612903225806452
2017,59878,vasternorrland,4,2017-04-01,0.4150015,69426.0,63425.0,63583.0,0.4893429,2.2,7.4,1.0,0.24666666666666667
2017,87491,vasternorrland,5,2017-05-01,0.4919021,59878.0,69426.0,83850.0,0.4150015,7.8,19.6,4.0,0.6322580645161291
2017,114618,vasternorrland,6,2017-06-01,0.4672276,87491.0,59878.0,116763.0,0.4919021,12.6,55.0,11.0,1.8333333333333333
2017,249328,vasternorrland,7,2017-07-01,0.5906116,114618.0,87491.0,266737.0,0.4672276,14.6,37.0,7.0,1.1935483870967742
2017,150876,vasternorrland,8,2017-08-01,0.5435179,249328.0,114618.0,160010.0,0.5906116,13.9,63.1,11.0,2.035483870967742
2017,81078,vasternorrland,9,2017-09-01,0.515941,150876.0,249328.0,78713.0,0.5435179,11.0,62.800000000000004,11.0,2.0933333333333333
2017,80399,vasternorrland,10,2017-10-01,0.5789302,81078.0,150876.0,80296.0,0.515941,5.5,80.2,13.0,2.5870967741935487
2017,69119,vasternorrland,11,2017-11-01,0.5402006,80399.0,81078.0,72495.0,0.5789302,-1.0,72.2,13.0,2.4066666666666667
2017,57579,vasternorrland,12,2017-12-01,0.4108351,69119.0,80399.0,54931.0,0.5402006,-4.1,91.6,14.0,2.954838709677419
2018,59382,vasternorrland,1,2018-01-01,0.4349863,57579.0,69119.0,56712.0,0.4108351,-6.2,40.4,9.0,1.303225806451613
2018,66071,vasternorrland,2,2018-02-01,0.5228701,59382.0,57579.0,63425.0,0.4349863,-8.7,22.0,7.0,0.7857142857142857
2018,72616,vasternorrland,3,2018-03-01,0.4647247,66071.0,59382.0,69426.0,0.5228701,-6.1,16.2,5.0,0.5225806451612903
2018,61664,vasternorrland,4,2018-04-01,0.4482127,72616.0,66071.0,59878.0,0.4647247,2.6,28.1,6.0,0.9366666666666668
2018,85949,vasternorrland,5,2018-05-01,0.4795874,61664.0,72616.0,87491.0,0.4482127,11.7,22.5,2.0,0.7258064516129032
2018,127744,vasternorrland,6,2018-06-01,0.4557275,85949.0,61664.0,114618.0,0.4795874,14.4,25.5,4.0,0.85
2018,259075,vasternorrland,7,2018-07-01,0.5677437,127744.0,85949.0,249328.0,0.4557275,20.1,36.5,4.0,1.1774193548387097
2018,149106,vasternorrland,8,2018-08-01,0.510729,259075.0,127744.0,150876.0,0.5677437,15.4,38.4,9.0,1.238709677419355
2018,82650,vasternorrland,9,2018-09-01,0.534825,149106.0,259075.0,81078.0,0.510729,10.9,16.4,6.0,0.5466666666666666
2018,76431,vasternorrland,10,2018-10-01,0.5388807,82650.0,149106.0,80399.0,0.534825,4.1,61.99999999999999,6.0,1.9999999999999998
2018,68127,vasternorrland,11,2018-11-01,0.4965868,76431.0,82650.0,69119.0,0.5388807,0.3,11.6,3.0,0.38666666666666666
2018,59675,vasternorrland,12,2018-12-01,0.3823246,68127.0,76431.0,57579.0,0.4965868,-3.3,71.0,12.0,2.2903225806451615
2019,59227,vasternorrland,1,2019-01-01,0.390125,59675.0,68127.0,59382.0,0.3823246,-6.6,23.3,7.0,0.7516129032258064
2019,67258,vasternorrland,2,2019-02-01,0.4867659,59227.0,59675.0,66071.0,0.390125,-3.6,22.6,7.0,0.8071428571428572
2019,69977,vasternorrland,3,2019-03-01,0.4558958,67258.0,59227.0,72616.0,0.4867659,-1.3,39.3,7.0,1.2677419354838708
2019,66979,vasternorrland,4,2019-04-01,0.4550795,69977.0,67258.0,61664.0,0.4558958,4.1,6.7,3.0,0.22333333333333333
2019,98557,vasternorrland,5,2019-05-01,0.5241081,66979.0,69977.0,85949.0,0.4550795,7.8,63.1,8.0,2.035483870967742
2019,139281,vasternorrland,6,2019-06-01,0.479732,98557.0,66979.0,127744.0,0.5241081,14.6,37.9,8.0,1.2633333333333332
2019,279270,vasternorrland,7,2019-07-01,0.5884474,139281.0,98557.0,259075.0,0.479732,15.3,42.4,5.0,1.367741935483871
2019,163203,vasternorrland,8,2019-08-01,0.5133998,279270.0,139281.0,149106.0,0.5884474,15.4,24.8,7.0,0.8
2019,94588,vasternorrland,9,2019-09-01,0.5619744,163203.0,279270.0,82650.0,0.5133998,9.7,63.9,9.0,2.13
2019,83819,vasternorrland,10,2019-10-01,0.5409576,94588.0,163203.0,76431.0,0.5619744,3.4,77.2,13.0,2.490322580645161
2019,73722,vasternorrland,11,2019-11-01,0.5059308,83819.0,94588.0,68127.0,0.5409576,-1.0,48.6,10.0,1.62
2019,61648,vasternorrland,12,2019-12-01,0.367968,73722.0,83819.0,59675.0,0.5059308,-1.8,47.800000000000004,9.0,1.5419354838709678
2020,62433,vasternorrland,1,2020-01-01,0.3784513,61648.0,73722.0,59227.0,0.367968,-0.1,46.2,10.0,1.4903225806451614
2020,73132,vasternorrland,2,2020-02-01,0.4611092,62433.0,61648.0,67258.0,0.3784513,-1.7,22.4,5.0,0.7724137931034483
2020,44999,vasternorrland,3,2020-03-01,0.2787289,73132.0,62433.0,69977.0,0.4611092,-0.1,30.400000000000002,7.0,0.9806451612903226
2020,27485,vasternorrland,4,2020-04-01,0.177717,44999.0,73132.0,66979.0,0.2787289,4.2,8.1,2.0,0.26999999999999996
2020,48529,vasternorrland,5,2020-05-01,0.2213667,27485.0,44999.0,98557.0,0.177717,7.1,47.8,5.0,1.5419354838709676
2020,91855,vasternorrland,6,2020-06-01,0.3017109,48529.0,27485.0,139281.0,0.2213667,16.8,19.4,3.0,0.6466666666666666
2020,261916,vasternorrland,7,2020-07-01,0.5974154,91855.0,48529.0,279270.0,0.3017109,14.5,110.9,11.0,3.57741935483871
2020,148278,vasternorrland,8,2020-08-01,0.4562382,261916.0,91855.0,163203.0,0.5974154,15.8,13.9,4.0,0.4483870967741936
2020,83003,vasternorrland,9,2020-09-01,0.4890695,148278.0,261916.0,94588.0,0.4562382,10.8,51.800000000000004,6.0,1.7266666666666668
2020,86642,vasternorrland,10,2020-10-01,0.4995235,83003.0,148278.0,83819.0,0.4890695,6.2,104.9,15.0,3.383870967741936
2020,43027,vasternorrland,11,2020-11-01,0.2891847,86642.0,83003.0,73722.0,0.4995235,2.6,30.3,9.0,1.01
2020,34221,vasternorrland,12,2020-12-01,0.2129553,43027.0,86642.0,61648.0,0.2891847,0.8,85.3,14.0,2.7516129032258063
2021,37011,vasternorrland,1,2021-01-01,0.2323546,34221.0,43027.0,62433.0,0.2129553,-7.4,76.9,10.0,2.480645161290323
2021,44321,vasternorrland,2,2021-02-01,0.2976361,37011.0,34221.0,73132.0,0.2323546,-5.7,11.0,4.0,0.39285714285714285
2021,47232,vasternorrland,3,2021-03-01,0.2751414,44321.0,37011.0,44999.0,0.2976361,0.7,7.2,2.0,0.23225806451612904
2021,47091,vasternorrland,4,2021-04-01,0.2876887,47232.0,44321.0,27485.0,0.2751414,3.4,19.799999999999997,4.0,0.6599999999999999
2021,76685,vasternorrland,5,2021-05-01,0.3454064,47091.0,47232.0,48529.0,0.2876887,8.0,31.3,5.0,1.0096774193548388
2021,111872,vasternorrland,6,2021-06-01,0.3987249,76685.0,47091.0,91855.0,0.3454064,15.2,81.7,9.0,2.7233333333333336
2021,314239,vasternorrland,7,2021-07-01,0.7083589,111872.0,76685.0,261916.0,0.3987249,18.8,34.3,4.0,1.1064516129032258
2021,197401,vasternorrland,8,2021-08-01,0.5954929,314239.0,111872.0,148278.0,0.7083589,14.4,111.5,9.0,3.596774193548387
2021,94615,vasternorrland,9,2021-09-01,0.5068266,197401.0,314239.0,83003.0,0.5954929,9.6,52.099999999999994,10.0,1.7366666666666666
2021,94817,vasternorrland,10,2021-10-01,0.5422383,94615.0,197401.0,86642.0,0.5068266,5.4,91.9,11.0,2.9645161290322584
2021,83592,vasternorrland,11,2021-11-01,0.5013334,94817.0,94615.0,43027.0,0.5422383,-1.7,19.9,4.0,0.6633333333333333
2021,67923,vasternorrland,12,2021-12-01,0.3615971,83592.0,94817.0,34221.0,0.5013334,-6.5,24.0,7.0,0.7741935483870968
2022,52317,vasternorrland,1,2022-01-01,0.2772032,67923.0,83592.0,37011.0,0.3615971,-4.3,24.0,6.0,0.7741935483870968
2022,63933,vasternorrland,2,2022-02-01,0.4000981,52317.0,67923.0,44321.0,0.2772032,-5.9,25.3,6.0,0.9035714285714286
2022,83218,vasternorrland,3,2022-03-01,0.5093878,63933.0,52317.0,47232.0,0.4000981,0.5,4.2,2.0,0.13548387096774195
2022,79761,vasternorrland,4,2022-04-01,0.4778361,83218.0,63933.0,47091.0,0.5093878,3.0,13.200000000000001,4.0,0.44000000000000006
2022,113471,vasternorrland,5,2022-05-01,0.5735393,79761.0,83218.0,76685.0,0.4778361,8.9,14.3,4.0,0.4612903225806452
2022,148832,vasternorrland,6,2022-06-01,0.5352442,113471.0,79761.0,111872.0,0.5735393,15.6,20.6,7.0,0.6866666666666668
2022,306448,vasternorrland,7,2022-07-01,0.6674517,148832.0,113471.0,314239.0,0.5352442,15.5,96.4,11.0,3.109677419354839
2022,192765,vasternorrland,8,2022-08-01,0.6082349,306448.0,148832.0,197401.0,0.6674517,16.0,60.2,6.0,1.941935483870968
2022,100615,vasternorrland,9,2022-09-01,0.577757,192765.0,306448.0,94615.0,0.6082349,10.0,71.1,10.0,2.3699999999999997
2022,90902,vasternorrland,10,2022-10-01,0.5587715,100615.0,192765.0,94817.0,0.577757,5.6,37.9,9.0,1.2225806451612902
2022,81546,vasternorrland,11,2022-11-01,0.5309933,90902.0,100615.0,83592.0,0.5587715,1.7,57.4,14.0,1.9133333333333333
2022,69164,vasternorrland,12,2022-12-01,0.405345,81546.0,90902.0,67923.0,0.5309933,-7.4,36.4,9.0,1.1741935483870967
2023,67274,vasternorrland,1,2023-01-01,0.3996954,69164.0,81546.0,52317.0,0.405345,-4.2,47.9,10.0,1.5451612903225806
2023,73341,vasternorrland,2,2023-02-01,0.4964223,67274.0,69164.0,63933.0,0.3996954,-3.2,25.4,3.0,0.9071428571428571
2023,83159,vasternorrland,3,2023-03-01,0.502762,73341.0,67274.0,83218.0,0.4964223,-3.8,26.900000000000002,8.0,0.867741935483871
2023,71791,vasternorrland,4,2023-04-01,0.4373119,83159.0,73341.0,79761.0,0.502762,2.5,27.7,5.0,0.9233333333333333
2023,101015,vasternorrland,5,2023-05-01,0.5044962,71791.0,83159.0,113471.0,0.4373119,9.5,6.1000000000000005,1.0,0.19677419354838713
2023,140419,vasternorrland,6,2023-06-01,0.4974036,101015.0,71791.0,148832.0,0.5044962,15.5,14.2,2.0,0.47333333333333333
2023,304246,vasternorrland,7,2023-07-01,0.6566708,140419.0,101015.0,306448.0,0.4974036,16.2,81.1,9.0,2.616129032258064
2023,174127,vasternorrland,8,2023-08-01,0.604027,304246.0,140419.0,192765.0,0.6566708,15.8,120.0,11.0,3.870967741935484
2023,105985,vasternorrland,9,2023-09-01,0.5904674,174127.0,304246.0,100615.0,0.604027,12.3,42.7,8.0,1.4233333333333333
2023,92549,vasternorrland,10,2023-10-01,0.5862441,105985.0,174127.0,90902.0,0.5904674,2.8,41.6,9.0,1.3419354838709678
2023,76670,vasternorrland,11,2023-11-01,0.5091293,92549.0,105985.0,81546.0,0.5862441,-3.6,135.6,15.0,4.52
2023,66408,vasternorrland,12,2023-12-01,0.3846026,76670.0,92549.0,69164.0,0.5091293,-6.9,28.5,5.0,0.9193548387096774
2024,62760,vasternorrland,1,2024-01-01,0.3891783,66408.0,76670.0,67274.0,0.3846026,-9.1,23.3,7.0,0.7516129032258064
2024,71048,vasternorrland,2,2024-02-01,0.4689979,62760.0,66408.0,73341.0,0.3891783,-5.5,33.0,7.0,1.1379310344827587
2024,81801,vasternorrland,3,2024-03-01,0.4680301,71048.0,62760.0,83159.0,0.4689979,-0.5,26.3,7.0,0.8483870967741935
2024,65375,vasternorrland,4,2024-04-01,0.4255985,81801.0,71048.0,71791.0,0.4680301,1.6,32.0,7.0,1.0666666666666667
2024,98181,vasternorrland,5,2024-05-01,0.5058376,65375.0,81801.0,101015.0,0.4255985,11.3,1.8,1.0,0.05806451612903226
2024,141501,vasternorrland,6,2024-06-01,0.4746363,98181.0,65375.0,140419.0,0.5058376,14.8,50.7,7.0,1.6900000000000002
2024,300075,vasternorrland,7,2024-07-01,0.6649434,141501.0,98181.0,304246.0,0.4746363,16.7,47.300000000000004,7.0,1.5258064516129033
2024,167883,vasternorrland,8,2024-08-01,0.5639051,300075.0,141501.0,174127.0,0.6649434,16.2,27.8,4.0,0.8967741935483872
2024,98394,vasternorrland,9,2024-09-01,0.5705438,167883.0,300075.0,105985.0,0.5639051,11.2,40.3,5.0,1.3433333333333333
2024,91721,vasternorrland,10,2024-10-01,0.5693427,98394.0,167883.0,92549.0,0.5705438,5.8,78.8,7.0,2.541935483870968
2024,78866,vasternorrland,11,2024-11-01,0.5141731,91721.0,98394.0,76670.0,0.5693427,0.1,27.200000000000003,5.0,0.9066666666666667
2024,71890,vasternorrland,12,2024-12-01,0.4167324,78866.0,91721.0,66408.0,0.5141731,-4.2,24.8,5.0,0.8
2025,69389,vasternorrland,1,2025-01-01,0.4024775,71890.0,78866.0,62760.0,0.4167324,-4.7,43.6,10.0,1.4064516129032258
2025,75255,vasternorrland,2,2025-02-01,0.4955209,69389.0,71890.0,71048.0,0.4024775,-3.9,8.8,4.0,0.31428571428571433
2025,79632,vasternorrland,3,2025-03-01,0.4777729,75255.0,69389.0,81801.0,0.4955209,1.3,11.0,1.0,0.3548387096774194
2025,71624,vasternorrland,4,2025-04-01,0.4263193,79632.0,75255.0,65375.0,0.4777729,5.1,11.0,4.0,0.36666666666666664
2025,104244,vasternorrland,5,2025-05-01,0.5205551,71624.0,79632.0,98181.0,0.4263193,8.2,50.3,8.0,1.6225806451612903
2025,168489,vasternorrland,6,2025-06-01,0.5186798,104244.0,71624.0,141501.0,0.5205551,13.1,70.69999999999999,11.0,2.3566666666666665
2025,328501,vasternorrland,7,2025-07-01,0.6976047,168489.0,104244.0,300075.0,0.5186798,18.7,52.0,6.0,1.6774193548387097
2025,177263,vasternorrland,8,2025-08-01,0.5677933,328501.0,168489.0,167883.0,0.6976047,14.6,29.4,5.0,0.9483870967741935
2025,101898,vasternorrland,9,2025-09-01,0.5842127,177263.0,328501.0,98394.0,0.5677933,12.3,68.0,10.0,2.2666666666666666
2025,98294,vasternorrland,10,2025-10-01,0.5732539,101898.0,177263.0,91721.0,0.5842127,6.5,84.60000000000001,9.0,2.7290322580645165
2025,80827,vasternorrland,11,2025-11-01,0.5199526,98294.0,101898.0,78866.0,0.5732539,-1.0,25.9,7.0,0.8633333333333333
2025,75834,vasternorrland,12,2025-12-01,0.409643,80827.0,98294.0,71890.0,0.5199526,0.4,51.8,11.0,1.6709677419354838
2026,71028,vasternorrland,1,2026-01-01,0.3910368,75834.0,80827.0,69389.0,0.409643,-7.3,53.6,11.0,1.729032258064516
2016,2258817,vastragotaland,7,2016-07-01,0.7750819,1093499.0,880628.0,2357140.0,0.6719915,15.7,73.9,10.0,2.383870967741936
2016,1473528,vastragotaland,8,2016-08-01,0.7050371,2258817.0,1093499.0,1464517.0,0.7750819,14.3,95.3,14.0,3.074193548387097
2016,672055,vastragotaland,9,2016-09-01,0.6731428,1473528.0,2258817.0,632517.0,0.7050371,14.6,49.2,7.0,1.6400000000000001
2016,588377,vastragotaland,10,2016-10-01,0.632324,672055.0,1473528.0,594145.0,0.6731428,6.2,44.0,9.0,1.4193548387096775
2016,519061,vastragotaland,11,2016-11-01,0.6118705,588377.0,672055.0,469435.0,0.632324,1.6,93.5,11.0,3.1166666666666667
2016,450816,vastragotaland,12,2016-12-01,0.5191041,519061.0,588377.0,403551.0,0.6118705,2.6,52.699999999999996,10.0,1.7
2017,421362,vastragotaland,1,2017-01-01,0.4927588,450816.0,519061.0,402528.0,0.5191041,-0.7,45.7,9.0,1.474193548387097
2017,432032,vastragotaland,2,2017-02-01,0.533942,421362.0,450816.0,401316.0,0.4927588,-0.2,73.1,11.0,2.6107142857142853
2017,474600,vastragotaland,3,2017-03-01,0.5596545,432032.0,421362.0,501897.0,0.533942,2.6,65.7,11.0,2.1193548387096777
2017,608760,vastragotaland,4,2017-04-01,0.5722545,474600.0,432032.0,534857.0,0.5596545,4.5,49.7,8.0,1.6566666666666667
2017,874126,vastragotaland,5,2017-05-01,0.6494424,608760.0,474600.0,880628.0,0.5722545,11.3,48.4,8.0,1.5612903225806452
2017,1115512,vastragotaland,6,2017-06-01,0.6626853,874126.0,608760.0,1093499.0,0.6494424,14.0,112.3,12.0,3.743333333333333
2017,2312030,vastragotaland,7,2017-07-01,0.7813279,1115512.0,874126.0,2258817.0,0.6626853,15.1,47.4,7.0,1.5290322580645161
2017,1474988,vastragotaland,8,2017-08-01,0.7122288,2312030.0,1115512.0,1473528.0,0.7813279,14.5,90.1,15.0,2.9064516129032256
2017,705268,vastragotaland,9,2017-09-01,0.6987616,1474988.0,2312030.0,672055.0,0.7122288,11.7,105.8,15.0,3.5266666666666664
2017,572766,vastragotaland,10,2017-10-01,0.6126579,705268.0,1474988.0,588377.0,0.6987616,8.0,139.8,15.0,4.509677419354839
2017,546780,vastragotaland,11,2017-11-01,0.6226638,572766.0,705268.0,519061.0,0.6126579,3.0,88.3,16.0,2.9433333333333334
2017,450160,vastragotaland,12,2017-12-01,0.4841985,546780.0,572766.0,450816.0,0.6226638,1.7,126.8,19.0,4.090322580645161
2018,435153,vastragotaland,1,2018-01-01,0.4873012,450160.0,546780.0,421362.0,0.4841985,0.1,104.2,14.0,3.361290322580645
2018,435964,vastragotaland,2,2018-02-01,0.5141393,435153.0,450160.0,432032.0,0.4873012,-3.8,58.7,7.0,2.0964285714285715
2018,545082,vastragotaland,3,2018-03-01,0.5490417,435964.0,435153.0,474600.0,0.5141393,-2.3,37.7,6.0,1.2161290322580647
2018,570557,vastragotaland,4,2018-04-01,0.5773494,545082.0,435964.0,608760.0,0.5490417,6.9,71.2,10.0,2.3733333333333335
2018,916987,vastragotaland,5,2018-05-01,0.6610619,570557.0,545082.0,874126.0,0.5773494,15.8,22.2,4.0,0.7161290322580645
2018,1163868,vastragotaland,6,2018-06-01,0.6840363,916987.0,570557.0,1115512.0,0.6610619,16.2,42.699999999999996,9.0,1.4233333333333331
2018,2348954,vastragotaland,7,2018-07-01,0.7922229,1163868.0,916987.0,2312030.0,0.6840363,19.5,15.1,4.0,0.48709677419354835
2018,1464995,vastragotaland,8,2018-08-01,0.7317738,2348954.0,1163868.0,1474988.0,0.7922229,15.9,117.6,11.0,3.793548387096774
2018,683358,vastragotaland,9,2018-09-01,0.6730524,1464995.0,2348954.0,705268.0,0.7317738,12.7,112.9,17.0,3.7633333333333336
2018,620408,vastragotaland,10,2018-10-01,0.6453963,683358.0,1464995.0,572766.0,0.6730524,8.2,73.3,13.0,2.364516129032258
2018,562156,vastragotaland,11,2018-11-01,0.6390793,620408.0,683358.0,546780.0,0.6453963,3.5,40.7,7.0,1.3566666666666667
2018,448622,vastragotaland,12,2018-12-01,0.4843693,562156.0,620408.0,450160.0,0.6390793,1.0,54.699999999999996,6.0,1.764516129032258
2019,440747,vastragotaland,1,2019-01-01,0.4819612,448622.0,562156.0,435153.0,0.4843693,-1.1,47.199999999999996,7.0,1.5225806451612902
2019,442751,vastragotaland,2,2019-02-01,0.4964178,440747.0,448622.0,435964.0,0.4819612,2.1,104.9,10.0,3.7464285714285714
2019,511014,vastragotaland,3,2019-03-01,0.5266168,442751.0,440747.0,545082.0,0.4964178,2.9,141.0,16.0,4.548387096774194
2019,648573,vastragotaland,4,2019-04-01,0.5593835,511014.0,442751.0,570557.0,0.5266168,8.2,39.1,2.0,1.3033333333333335
2019,899176,vastragotaland,5,2019-05-01,0.6319405,648573.0,511014.0,916987.0,0.5593835,9.1,80.9,14.0,2.609677419354839
2019,1210808,vastragotaland,6,2019-06-01,0.6434118,899176.0,648573.0,1163868.0,0.6319405,15.9,42.3,10.0,1.41
2019,2456541,vastragotaland,7,2019-07-01,0.7929748,1210808.0,899176.0,2348954.0,0.6434118,16.5,38.3,8.0,1.2354838709677418
2019,1495076,vastragotaland,8,2019-08-01,0.6971468,2456541.0,1210808.0,1464995.0,0.7929748,16.0,142.1,14.0,4.583870967741936
2019,700424,vastragotaland,9,2019-09-01,0.6514295,1495076.0,2456541.0,683358.0,0.6971468,11.9,154.9,13.0,5.163333333333333
2019,651573,vastragotaland,10,2019-10-01,0.6091315,700424.0,1495076.0,620408.0,0.6514295,7.0,93.0,13.0,3.0
2019,575037,vastragotaland,11,2019-11-01,0.6016982,651573.0,700424.0,562156.0,0.6091315,3.4,70.1,14.0,2.3366666666666664
2019,461768,vastragotaland,12,2019-12-01,0.4519051,575037.0,651573.0,448622.0,0.6016982,2.6,136.20000000000002,16.0,4.393548387096775
2020,472698,vastragotaland,1,2020-01-01,0.4780983,461768.0,575037.0,440747.0,0.4519051,3.7,87.8,16.0,2.832258064516129
2020,476548,vastragotaland,2,2020-02-01,0.4855252,472698.0,461768.0,442751.0,0.4780983,2.3,137.4,16.0,4.7379310344827585
2020,270729,vastragotaland,3,2020-03-01,0.2657195,476548.0,472698.0,511014.0,0.4855252,2.4,67.4,10.0,2.174193548387097
2020,171711,vastragotaland,4,2020-04-01,0.1360841,270729.0,476548.0,648573.0,0.2657195,6.4,38.4,4.0,1.28
2020,356951,vastragotaland,5,2020-05-01,0.178634,171711.0,270729.0,899176.0,0.1360841,9.0,33.4,7.0,1.0774193548387097
2020,572687,vastragotaland,6,2020-06-01,0.2575574,356951.0,171711.0,1210808.0,0.178634,16.8,63.2,10.0,2.106666666666667
2020,1517316,vastragotaland,7,2020-07-01,0.5216328,572687.0,356951.0,2456541.0,0.2575574,13.9,112.1,14.0,3.616129032258064
2020,927215,vastragotaland,8,2020-08-01,0.412195,1517316.0,572687.0,1495076.0,0.5216328,17.1,28.0,7.0,0.9032258064516129
2020,444118,vastragotaland,9,2020-09-01,0.3818481,927215.0,1517316.0,700424.0,0.412195,12.7,75.7,10.0,2.5233333333333334
2020,474193,vastragotaland,10,2020-10-01,0.4172916,444118.0,927215.0,651573.0,0.3818481,8.4,144.1,17.0,4.648387096774194
2020,213072,vastragotaland,11,2020-11-01,0.2204691,474193.0,444118.0,575037.0,0.4172916,6.1,103.5,16.0,3.45
2020,181378,vastragotaland,12,2020-12-01,0.1855586,213072.0,474193.0,461768.0,0.2204691,2.6,115.3,16.0,3.7193548387096773
2021,178770,vastragotaland,1,2021-01-01,0.1772921,181378.0,213072.0,472698.0,0.1855586,-2.2,81.4,10.0,2.6258064516129034
2021,219448,vastragotaland,2,2021-02-01,0.2281461,178770.0,181378.0,476548.0,0.1772921,-3.0,16.8,4.0,0.6
2021,229575,vastragotaland,3,2021-03-01,0.222365,219448.0,178770.0,270729.0,0.2281461,2.1,61.3,9.0,1.9774193548387096
2021,318015,vastragotaland,4,2021-04-01,0.2520556,229575.0,219448.0,171711.0,0.222365,4.5,26.3,5.0,0.8766666666666667
2021,526471,vastragotaland,5,2021-05-01,0.2893738,318015.0,229575.0,356951.0,0.2520556,9.5,110.5,15.0,3.564516129032258
2021,803431,vastragotaland,6,2021-06-01,0.3713557,526471.0,318015.0,572687.0,0.2893738,15.9,14.7,3.0,0.49
2021,2090368,vastragotaland,7,2021-07-01,0.679463,803431.0,526471.0,1517316.0,0.3713557,18.5,88.8,11.0,2.864516129032258
2021,1435412,vastragotaland,8,2021-08-01,0.5934986,2090368.0,803431.0,927215.0,0.679463,14.6,109.3,8.0,3.5258064516129033
2021,625696,vastragotaland,9,2021-09-01,0.4863634,1435412.0,2090368.0,444118.0,0.5934986,12.4,118.0,11.0,3.933333333333333
2021,625895,vastragotaland,10,2021-10-01,0.5302594,625696.0,1435412.0,474193.0,0.4863634,8.8,153.4,14.0,4.948387096774193
2021,607694,vastragotaland,11,2021-11-01,0.5724378,625895.0,625696.0,213072.0,0.5302594,4.1,87.5,11.0,2.9166666666666665
2021,432730,vastragotaland,12,2021-12-01,0.4007915,607694.0,625895.0,181378.0,0.5724378,-1.8,38.1,10.0,1.229032258064516
2022,274203,vastragotaland,1,2022-01-01,0.2511932,432730.0,607694.0,178770.0,0.4007915,1.6,59.699999999999996,14.0,1.925806451612903
2022,378070,vastragotaland,2,2022-02-01,0.3693563,274203.0,432730.0,219448.0,0.2511932,1.0,134.0,17.0,4.785714285714286
2022,482580,vastragotaland,3,2022-03-01,0.4668774,378070.0,274203.0,229575.0,0.3693563,2.5,3.3,1.0,0.1064516129032258
2022,696651,vastragotaland,4,2022-04-01,0.5529213,482580.0,378070.0,318015.0,0.4668774,5.4,53.9,6.0,1.7966666666666666
2022,941637,vastragotaland,5,2022-05-01,0.6316308,696651.0,482580.0,526471.0,0.5529213,10.3,65.5,10.0,2.1129032258064515
2022,1220724,vastragotaland,6,2022-06-01,0.6484826,941637.0,696651.0,803431.0,0.6316308,14.9,47.8,8.0,1.5933333333333333
2022,2559893,vastragotaland,7,2022-07-01,0.7969841,1220724.0,941637.0,2090368.0,0.6484826,16.1,111.9,11.0,3.609677419354839
2022,1643281,vastragotaland,8,2022-08-01,0.7086008,2559893.0,1220724.0,1435412.0,0.7969841,16.8,71.9,5.0,2.3193548387096774
2022,770534,vastragotaland,9,2022-09-01,0.6576775,1643281.0,2559893.0,625696.0,0.7086008,11.4,76.4,8.0,2.546666666666667
2022,669420,vastragotaland,10,2022-10-01,0.6092903,770534.0,1643281.0,625895.0,0.6576775,9.7,85.0,15.0,2.7419354838709675
2022,585077,vastragotaland,11,2022-11-01,0.57239,669420.0,770534.0,607694.0,0.6092903,5.7,43.9,11.0,1.4633333333333334
2022,496781,vastragotaland,12,2022-12-01,0.4496007,585077.0,669420.0,432730.0,0.57239,-1.5,97.3,12.0,3.138709677419355
2023,464111,vastragotaland,1,2023-01-01,0.4485499,496781.0,585077.0,274203.0,0.4496007,1.4,151.8,20.0,4.896774193548388
2023,484125,vastragotaland,2,2023-02-01,0.4805428,464111.0,496781.0,378070.0,0.4485499,1.2,70.8,11.0,2.5285714285714285
2023,537444,vastragotaland,3,2023-03-01,0.5276185,484125.0,464111.0,482580.0,0.4805428,0.6,123.8,16.0,3.9935483870967743
2023,701396,vastragotaland,4,2023-04-01,0.5306407,537444.0,484125.0,696651.0,0.5276185,6.1,22.599999999999998,7.0,0.7533333333333333
2023,992532,vastragotaland,5,2023-05-01,0.6133288,701396.0,537444.0,941637.0,0.5306407,11.4,14.3,2.0,0.4612903225806452
2023,1298738,vastragotaland,6,2023-06-01,0.6414699,992532.0,701396.0,1220724.0,0.6133288,16.3,39.199999999999996,5.0,1.3066666666666664
2023,2535768,vastragotaland,7,2023-07-01,0.78082,1298738.0,992532.0,2559893.0,0.6414699,14.2,178.8,18.0,5.767741935483872
2023,1528551,vastragotaland,8,2023-08-01,0.6525596,2535768.0,1298738.0,1643281.0,0.78082,14.4,162.5,13.0,5.241935483870968
2023,775945,vastragotaland,9,2023-09-01,0.621235,1528551.0,2535768.0,770534.0,0.6525596,14.6,71.5,7.0,2.3833333333333333
2023,688065,vastragotaland,10,2023-10-01,0.5800387,775945.0,1528551.0,669420.0,0.621235,6.6,120.6,15.0,3.890322580645161
2023,598519,vastragotaland,11,2023-11-01,0.5482217,688065.0,775945.0,585077.0,0.5800387,0.9,41.9,9.0,1.3966666666666667
2023,555337,vastragotaland,12,2023-12-01,0.4577286,598519.0,688065.0,496781.0,0.5482217,-0.8,99.2,13.0,3.2
2024,450299,vastragotaland,1,2024-01-01,0.4128993,555337.0,598519.0,464111.0,0.4577286,-3.1,100.3,13.0,3.235483870967742
2024,494957,vastragotaland,2,2024-02-01,0.451144,450299.0,555337.0,484125.0,0.4128993,1.0,130.2,15.0,4.4896551724137925
2024,607395,vastragotaland,3,2024-03-01,0.4879716,494957.0,450299.0,537444.0,0.451144,3.2,51.8,9.0,1.6709677419354838
2024,590516,vastragotaland,4,2024-04-01,0.5036644,607395.0,494957.0,701396.0,0.4879716,5.2,111.0,15.0,3.7
2024,1013465,vastragotaland,5,2024-05-01,0.5842608,590516.0,607395.0,992532.0,0.5036644,14.8,58.2,11.0,1.8774193548387097
2024,1241638,vastragotaland,6,2024-06-01,0.5764034,1013465.0,590516.0,1298738.0,0.5842608,13.6,131.4,14.0,4.38
2024,2489238,vastragotaland,7,2024-07-01,0.7533129,1241638.0,1013465.0,2535768.0,0.5764034,15.5,120.4,12.0,3.883870967741936
2024,1638246,vastragotaland,8,2024-08-01,0.6884938,2489238.0,1241638.0,1528551.0,0.7533129,15.7,103.7,11.0,3.3451612903225807
2024,771120,vastragotaland,9,2024-09-01,0.6009915,1638246.0,2489238.0,775945.0,0.6884938,13.7,77.2,8.0,2.5733333333333333
2024,712930,vastragotaland,10,2024-10-01,0.5739548,771120.0,1638246.0,688065.0,0.6009915,8.8,40.599999999999994,9.0,1.3096774193548386
2024,655188,vastragotaland,11,2024-11-01,0.5623501,712930.0,771120.0,598519.0,0.5739548,3.7,38.4,10.0,1.28
2024,516860,vastragotaland,12,2024-12-01,0.4324636,655188.0,712930.0,555337.0,0.5623501,2.3,85.6,17.0,2.761290322580645
2025,485701,vastragotaland,1,2025-01-01,0.4132271,516860.0,655188.0,450299.0,0.4324636,0.6,71.3,11.0,2.3
2025,507164,vastragotaland,2,2025-02-01,0.4545508,485701.0,516860.0,494957.0,0.4132271,-0.6,44.4,5.0,1.5857142857142856
2025,547329,vastragotaland,3,2025-03-01,0.4664929,507164.0,485701.0,607395.0,0.4545508,3.9,22.9,6.0,0.7387096774193548
2025,1259865,vastragotaland,6,2025-06-01,0.5910964,1038269.0,765954.0,1241638.0,0.6163759,14.1,48.7,10.0,1.6233333333333335
2025,2561995,vastragotaland,7,2025-07-01,0.7872053,1259865.0,1038269.0,2489238.0,0.5910964,18.4,77.8,8.0,2.509677419354839
2025,1628838,vastragotaland,8,2025-08-01,0.6731152,2561995.0,1259865.0,1638246.0,0.7872053,15.4,52.699999999999996,11.0,1.7
2025,879857,vastragotaland,9,2025-09-01,0.6612289,1628838.0,2561995.0,771120.0,0.6731152,13.9,88.3,12.0,2.9433333333333334
2025,790586,vastragotaland,10,2025-10-01,0.6068815,879857.0,1628838.0,712930.0,0.6612289,8.4,100.5,13.0,3.2419354838709675
2025,607616,vastragotaland,11,2025-11-01,0.5514274,790586.0,879857.0,655188.0,0.6068815,4.0,98.0,10.0,3.2666666666666666
2025,577042,vastragotaland,12,2025-12-01,0.4522667,607616.0,790586.0,516860.0,0.5514274,3.8,96.2,12.0,3.103225806451613
2026,526194,vastragotaland,1,2026-01-01,0.4443562,577042.0,607616.0,485701.0,0.4522667,-3.4,59.0,9.0,1.903225806451613
